# Conformance with compression ON — DERIVED, do not edit.
#
# The same programs as spec/conformance-t0.tsv, assembled with
# `.option rvc` instead of `.option norvc`. GNU auto-compresses under
# -march=rv64gc, so this is what the assembler does at the march this
# project targets, and the other file is what it does when told not to.
#
# 75 of 5998 compress.
# Columns: sassembly, encoding, riscv
sassembly	encoding	riscv
योगः शून्यःम् शून्यःन शून्यःन ।	0x00000033	add zero,zero,zero
योगः शून्यःम् शून्यःन अर्थ०न ।	0x00a00033	add zero,zero,a0
योगः शून्यःम् पुनःस्थानम्न स्तूपसूचकःन ।	0x00208033	add zero,ra,sp
योगः शून्यःम् पुनःस्थानम्न स्थिर११न ।	0x01b08033	add zero,ra,s11
योगः शून्यःम् स्तूपसूचकःन क्षणिक२न ।	0x00710033	add zero,sp,t2
योगः शून्यःम् स्तूपसूचकःन क्षणिक६न ।	0x01f10033	add zero,sp,t6
योगः शून्यःम् क्षणिक०न स्थिर१न ।	0x00928033	add zero,t0,s1
योगः शून्यःम् क्षणिक२न पुनःस्थानम्न ।	0x00138033	add zero,t2,ra
योगः शून्यःम् क्षणिक२न अर्थ७न ।	0x01138033	add zero,t2,a7
योगः शून्यःम् स्थिर०न क्षणिक०न ।	0x00540033	add zero,s0,t0
योगः शून्यःम् स्थिर०न क्षणिक३न ।	0x01c40033	add zero,s0,t3
योगः शून्यःम् स्थिर१न स्थिर०न ।	0x00848033	add zero,s1,s0
योगः शून्यःम् अर्थ०न शून्यःन ।	0x00050033	add zero,a0,zero
योगः शून्यःम् अर्थ०न अर्थ०न ।	0x00a50033	add zero,a0,a0
योगः शून्यःम् अर्थ७न स्तूपसूचकःन ।	0x00288033	add zero,a7,sp
योगः शून्यःम् अर्थ७न स्थिर११न ।	0x01b88033	add zero,a7,s11
योगः शून्यःम् स्थिर११न क्षणिक२न ।	0x007d8033	add zero,s11,t2
योगः शून्यःम् स्थिर११न क्षणिक६न ।	0x01fd8033	add zero,s11,t6
योगः शून्यःम् क्षणिक३न स्थिर१न ।	0x009e0033	add zero,t3,s1
योगः शून्यःम् क्षणिक६न पुनःस्थानम्न ।	0x001f8033	add zero,t6,ra
योगः शून्यःम् क्षणिक६न अर्थ७न ।	0x011f8033	add zero,t6,a7
योगः पुनःस्थानम्म् शून्यःन क्षणिक०न ।	0x8096	add ra,zero,t0
योगः पुनःस्थानम्म् शून्यःन क्षणिक३न ।	0x80f2	add ra,zero,t3
योगः पुनःस्थानम्म् पुनःस्थानम्न स्थिर०न ।	0x90a2	add ra,ra,s0
योगः पुनःस्थानम्म् स्तूपसूचकःन शून्यःन ।	0x000100b3	add ra,sp,zero
योगः पुनःस्थानम्म् स्तूपसूचकःन अर्थ०न ।	0x00a100b3	add ra,sp,a0
योगः पुनःस्थानम्म् क्षणिक०न स्तूपसूचकःन ।	0x002280b3	add ra,t0,sp
योगः पुनःस्थानम्म् क्षणिक०न स्थिर११न ।	0x01b280b3	add ra,t0,s11
योगः पुनःस्थानम्म् क्षणिक२न क्षणिक२न ।	0x007380b3	add ra,t2,t2
योगः पुनःस्थानम्म् क्षणिक२न क्षणिक६न ।	0x01f380b3	add ra,t2,t6
योगः पुनःस्थानम्म् स्थिर०न स्थिर१न ।	0x009400b3	add ra,s0,s1
योगः पुनःस्थानम्म् स्थिर१न पुनःस्थानम्न ।	0x90a6	add ra,s1,ra
योगः पुनःस्थानम्म् स्थिर१न अर्थ७न ।	0x011480b3	add ra,s1,a7
योगः पुनःस्थानम्म् अर्थ०न क्षणिक०न ।	0x005500b3	add ra,a0,t0
योगः पुनःस्थानम्म् अर्थ०न क्षणिक३न ।	0x01c500b3	add ra,a0,t3
योगः पुनःस्थानम्म् अर्थ७न स्थिर०न ।	0x008880b3	add ra,a7,s0
योगः पुनःस्थानम्म् स्थिर११न शून्यःन ।	0x000d80b3	add ra,s11,zero
योगः पुनःस्थानम्म् स्थिर११न अर्थ०न ।	0x00ad80b3	add ra,s11,a0
योगः पुनःस्थानम्म् क्षणिक३न स्तूपसूचकःन ।	0x002e00b3	add ra,t3,sp
योगः पुनःस्थानम्म् क्षणिक३न स्थिर११न ।	0x01be00b3	add ra,t3,s11
योगः पुनःस्थानम्म् क्षणिक६न क्षणिक२न ।	0x007f80b3	add ra,t6,t2
योगः पुनःस्थानम्म् क्षणिक६न क्षणिक६न ।	0x01ff80b3	add ra,t6,t6
योगः स्तूपसूचकःम् शून्यःन स्थिर१न ।	0x8126	add sp,zero,s1
योगः स्तूपसूचकःम् पुनःस्थानम्न पुनःस्थानम्न ।	0x00108133	add sp,ra,ra
योगः स्तूपसूचकःम् पुनःस्थानम्न अर्थ७न ।	0x01108133	add sp,ra,a7
योगः स्तूपसूचकःम् स्तूपसूचकःन क्षणिक०न ।	0x9116	add sp,sp,t0
योगः स्तूपसूचकःम् स्तूपसूचकःन क्षणिक३न ।	0x9172	add sp,sp,t3
योगः स्तूपसूचकःम् क्षणिक०न स्थिर०न ।	0x00828133	add sp,t0,s0
योगः स्तूपसूचकःम् क्षणिक२न शून्यःन ।	0x00038133	add sp,t2,zero
योगः स्तूपसूचकःम् क्षणिक२न अर्थ०न ।	0x00a38133	add sp,t2,a0
योगः स्तूपसूचकःम् स्थिर०न स्तूपसूचकःन ।	0x9122	add sp,s0,sp
योगः स्तूपसूचकःम् स्थिर०न स्थिर११न ।	0x01b40133	add sp,s0,s11
योगः स्तूपसूचकःम् स्थिर१न क्षणिक२न ।	0x00748133	add sp,s1,t2
योगः स्तूपसूचकःम् स्थिर१न क्षणिक६न ।	0x01f48133	add sp,s1,t6
योगः स्तूपसूचकःम् अर्थ०न स्थिर१न ।	0x00950133	add sp,a0,s1
योगः स्तूपसूचकःम् अर्थ७न पुनःस्थानम्न ।	0x00188133	add sp,a7,ra
योगः स्तूपसूचकःम् अर्थ७न अर्थ७न ।	0x01188133	add sp,a7,a7
योगः स्तूपसूचकःम् स्थिर११न क्षणिक०न ।	0x005d8133	add sp,s11,t0
योगः स्तूपसूचकःम् स्थिर११न क्षणिक३न ।	0x01cd8133	add sp,s11,t3
योगः स्तूपसूचकःम् क्षणिक३न स्थिर०न ।	0x008e0133	add sp,t3,s0
योगः स्तूपसूचकःम् क्षणिक६न शून्यःन ।	0x000f8133	add sp,t6,zero
योगः स्तूपसूचकःम् क्षणिक६न अर्थ०न ।	0x00af8133	add sp,t6,a0
योगः क्षणिक०म् शून्यःन स्तूपसूचकःन ।	0x828a	add t0,zero,sp
योगः क्षणिक०म् शून्यःन स्थिर११न ।	0x82ee	add t0,zero,s11
योगः क्षणिक०म् पुनःस्थानम्न क्षणिक२न ।	0x007082b3	add t0,ra,t2
योगः क्षणिक०म् पुनःस्थानम्न क्षणिक६न ।	0x01f082b3	add t0,ra,t6
योगः क्षणिक०म् स्तूपसूचकःन स्थिर१न ।	0x009102b3	add t0,sp,s1
योगः क्षणिक०म् क्षणिक०न पुनःस्थानम्न ।	0x9286	add t0,t0,ra
योगः क्षणिक०म् क्षणिक०न अर्थ७न ।	0x92c6	add t0,t0,a7
योगः क्षणिक०म् क्षणिक२न क्षणिक०न ।	0x929e	add t0,t2,t0
योगः क्षणिक०म् क्षणिक२न क्षणिक३न ।	0x01c382b3	add t0,t2,t3
योगः क्षणिक०म् स्थिर०न स्थिर०न ।	0x008402b3	add t0,s0,s0
योगः क्षणिक०म् स्थिर१न शून्यःन ।	0x000482b3	add t0,s1,zero
योगः क्षणिक०म् स्थिर१न अर्थ०न ।	0x00a482b3	add t0,s1,a0
योगः क्षणिक०म् अर्थ०न स्तूपसूचकःन ।	0x002502b3	add t0,a0,sp
योगः क्षणिक०म् अर्थ०न स्थिर११न ।	0x01b502b3	add t0,a0,s11
योगः क्षणिक०म् अर्थ७न क्षणिक२न ।	0x007882b3	add t0,a7,t2
योगः क्षणिक०म् अर्थ७न क्षणिक६न ।	0x01f882b3	add t0,a7,t6
योगः क्षणिक०म् स्थिर११न स्थिर१न ।	0x009d82b3	add t0,s11,s1
योगः क्षणिक०म् क्षणिक३न पुनःस्थानम्न ।	0x001e02b3	add t0,t3,ra
योगः क्षणिक०म् क्षणिक३न अर्थ७न ।	0x011e02b3	add t0,t3,a7
योगः क्षणिक०म् क्षणिक६न क्षणिक०न ।	0x92fe	add t0,t6,t0
योगः क्षणिक०म् क्षणिक६न क्षणिक३न ।	0x01cf82b3	add t0,t6,t3
योगः क्षणिक२म् शून्यःन स्थिर०न ।	0x83a2	add t2,zero,s0
योगः क्षणिक२म् पुनःस्थानम्न शून्यःन ।	0x000083b3	add t2,ra,zero
योगः क्षणिक२म् पुनःस्थानम्न अर्थ०न ।	0x00a083b3	add t2,ra,a0
योगः क्षणिक२म् स्तूपसूचकःन स्तूपसूचकःन ।	0x002103b3	add t2,sp,sp
योगः क्षणिक२म् स्तूपसूचकःन स्थिर११न ।	0x01b103b3	add t2,sp,s11
योगः क्षणिक२म् क्षणिक०न क्षणिक२न ।	0x9396	add t2,t0,t2
योगः क्षणिक२म् क्षणिक०न क्षणिक६न ।	0x01f283b3	add t2,t0,t6
योगः क्षणिक२म् क्षणिक२न स्थिर१न ।	0x93a6	add t2,t2,s1
योगः क्षणिक२म् स्थिर०न पुनःस्थानम्न ।	0x001403b3	add t2,s0,ra
योगः क्षणिक२म् स्थिर०न अर्थ७न ।	0x011403b3	add t2,s0,a7
योगः क्षणिक२म् स्थिर१न क्षणिक०न ।	0x005483b3	add t2,s1,t0
योगः क्षणिक२म् स्थिर१न क्षणिक३न ।	0x01c483b3	add t2,s1,t3
योगः क्षणिक२म् अर्थ०न स्थिर०न ।	0x008503b3	add t2,a0,s0
योगः क्षणिक२म् अर्थ७न शून्यःन ।	0x000883b3	add t2,a7,zero
योगः क्षणिक२म् अर्थ७न अर्थ०न ।	0x00a883b3	add t2,a7,a0
योगः क्षणिक२म् स्थिर११न स्तूपसूचकःन ।	0x002d83b3	add t2,s11,sp
योगः क्षणिक२म् स्थिर११न स्थिर११न ।	0x01bd83b3	add t2,s11,s11
योगः क्षणिक२म् क्षणिक३न क्षणिक२न ।	0x93f2	add t2,t3,t2
योगः क्षणिक२म् क्षणिक३न क्षणिक६न ।	0x01fe03b3	add t2,t3,t6
योगः क्षणिक२म् क्षणिक६न स्थिर१न ।	0x009f83b3	add t2,t6,s1
योगः स्थिर०म् शून्यःन पुनःस्थानम्न ।	0x8406	add s0,zero,ra
योगः स्थिर०म् शून्यःन अर्थ७न ।	0x8446	add s0,zero,a7
योगः स्थिर०म् पुनःस्थानम्न क्षणिक०न ।	0x00508433	add s0,ra,t0
योगः स्थिर०म् पुनःस्थानम्न क्षणिक३न ।	0x01c08433	add s0,ra,t3
योगः स्थिर०म् स्तूपसूचकःन स्थिर०न ।	0x940a	add s0,sp,s0
योगः स्थिर०म् क्षणिक०न शून्यःन ।	0x00028433	add s0,t0,zero
योगः स्थिर०म् क्षणिक०न अर्थ०न ।	0x00a28433	add s0,t0,a0
योगः स्थिर०म् क्षणिक२न स्तूपसूचकःन ।	0x00238433	add s0,t2,sp
योगः स्थिर०म् क्षणिक२न स्थिर११न ।	0x01b38433	add s0,t2,s11
योगः स्थिर०म् स्थिर०न क्षणिक२न ।	0x941e	add s0,s0,t2
योगः स्थिर०म् स्थिर०न क्षणिक६न ।	0x947e	add s0,s0,t6
योगः स्थिर०म् स्थिर१न स्थिर१न ।	0x00948433	add s0,s1,s1
योगः स्थिर०म् अर्थ०न पुनःस्थानम्न ।	0x00150433	add s0,a0,ra
योगः स्थिर०म् अर्थ०न अर्थ७न ।	0x01150433	add s0,a0,a7
योगः स्थिर०म् अर्थ७न क्षणिक०न ।	0x00588433	add s0,a7,t0
योगः स्थिर०म् अर्थ७न क्षणिक३न ।	0x01c88433	add s0,a7,t3
योगः स्थिर०म् स्थिर११न स्थिर०न ।	0x946e	add s0,s11,s0
योगः स्थिर०म् क्षणिक३न शून्यःन ।	0x000e0433	add s0,t3,zero
योगः स्थिर०म् क्षणिक३न अर्थ०न ।	0x00ae0433	add s0,t3,a0
योगः स्थिर०म् क्षणिक६न स्तूपसूचकःन ।	0x002f8433	add s0,t6,sp
योगः स्थिर०म् क्षणिक६न स्थिर११न ।	0x01bf8433	add s0,t6,s11
योगः स्थिर१म् शून्यःन क्षणिक२न ।	0x849e	add s1,zero,t2
योगः स्थिर१म् शून्यःन क्षणिक६न ।	0x84fe	add s1,zero,t6
योगः स्थिर१म् पुनःस्थानम्न स्थिर१न ।	0x9486	add s1,ra,s1
योगः स्थिर१म् स्तूपसूचकःन पुनःस्थानम्न ।	0x001104b3	add s1,sp,ra
योगः स्थिर१म् स्तूपसूचकःन अर्थ७न ।	0x011104b3	add s1,sp,a7
योगः स्थिर१म् क्षणिक०न क्षणिक०न ।	0x005284b3	add s1,t0,t0
योगः स्थिर१म् क्षणिक०न क्षणिक३न ।	0x01c284b3	add s1,t0,t3
योगः स्थिर१म् क्षणिक२न स्थिर०न ।	0x008384b3	add s1,t2,s0
योगः स्थिर१म् स्थिर०न शून्यःन ।	0x000404b3	add s1,s0,zero
योगः स्थिर१म् स्थिर०न अर्थ०न ।	0x00a404b3	add s1,s0,a0
योगः स्थिर१म् स्थिर१न स्तूपसूचकःन ।	0x948a	add s1,s1,sp
योगः स्थिर१म् स्थिर१न स्थिर११न ।	0x94ee	add s1,s1,s11
योगः स्थिर१म् अर्थ०न क्षणिक२न ।	0x007504b3	add s1,a0,t2
योगः स्थिर१म् अर्थ०न क्षणिक६न ।	0x01f504b3	add s1,a0,t6
योगः स्थिर१म् अर्थ७न स्थिर१न ।	0x94c6	add s1,a7,s1
योगः स्थिर१म् स्थिर११न पुनःस्थानम्न ।	0x001d84b3	add s1,s11,ra
योगः स्थिर१म् स्थिर११न अर्थ७न ।	0x011d84b3	add s1,s11,a7
योगः स्थिर१म् क्षणिक३न क्षणिक०न ।	0x005e04b3	add s1,t3,t0
योगः स्थिर१म् क्षणिक३न क्षणिक३न ।	0x01ce04b3	add s1,t3,t3
योगः स्थिर१म् क्षणिक६न स्थिर०न ।	0x008f84b3	add s1,t6,s0
योगः अर्थ०म् शून्यःन शून्यःन ।	0x00000533	add a0,zero,zero
योगः अर्थ०म् शून्यःन अर्थ०न ।	0x852a	add a0,zero,a0
योगः अर्थ०म् पुनःस्थानम्न स्तूपसूचकःन ।	0x00208533	add a0,ra,sp
योगः अर्थ०म् पुनःस्थानम्न स्थिर११न ।	0x01b08533	add a0,ra,s11
योगः अर्थ०म् स्तूपसूचकःन क्षणिक२न ।	0x00710533	add a0,sp,t2
योगः अर्थ०म् स्तूपसूचकःन क्षणिक६न ।	0x01f10533	add a0,sp,t6
योगः अर्थ०म् क्षणिक०न स्थिर१न ।	0x00928533	add a0,t0,s1
योगः अर्थ०म् क्षणिक२न पुनःस्थानम्न ।	0x00138533	add a0,t2,ra
योगः अर्थ०म् क्षणिक२न अर्थ७न ।	0x01138533	add a0,t2,a7
योगः अर्थ०म् स्थिर०न क्षणिक०न ।	0x00540533	add a0,s0,t0
योगः अर्थ०म् स्थिर०न क्षणिक३न ।	0x01c40533	add a0,s0,t3
योगः अर्थ०म् स्थिर१न स्थिर०न ।	0x00848533	add a0,s1,s0
योगः अर्थ०म् अर्थ०न शून्यःन ।	0x00050533	add a0,a0,zero
योगः अर्थ०म् अर्थ०न अर्थ०न ।	0x952a	add a0,a0,a0
योगः अर्थ०म् अर्थ७न स्तूपसूचकःन ।	0x00288533	add a0,a7,sp
योगः अर्थ०म् अर्थ७न स्थिर११न ।	0x01b88533	add a0,a7,s11
योगः अर्थ०म् स्थिर११न क्षणिक२न ।	0x007d8533	add a0,s11,t2
योगः अर्थ०म् स्थिर११न क्षणिक६न ।	0x01fd8533	add a0,s11,t6
योगः अर्थ०म् क्षणिक३न स्थिर१न ।	0x009e0533	add a0,t3,s1
योगः अर्थ०म् क्षणिक६न पुनःस्थानम्न ।	0x001f8533	add a0,t6,ra
योगः अर्थ०म् क्षणिक६न अर्थ७न ।	0x011f8533	add a0,t6,a7
योगः अर्थ७म् शून्यःन क्षणिक०न ।	0x8896	add a7,zero,t0
योगः अर्थ७म् शून्यःन क्षणिक३न ।	0x88f2	add a7,zero,t3
योगः अर्थ७म् पुनःस्थानम्न स्थिर०न ।	0x008088b3	add a7,ra,s0
योगः अर्थ७म् स्तूपसूचकःन शून्यःन ।	0x000108b3	add a7,sp,zero
योगः अर्थ७म् स्तूपसूचकःन अर्थ०न ।	0x00a108b3	add a7,sp,a0
योगः अर्थ७म् क्षणिक०न स्तूपसूचकःन ।	0x002288b3	add a7,t0,sp
योगः अर्थ७म् क्षणिक०न स्थिर११न ।	0x01b288b3	add a7,t0,s11
योगः अर्थ७म् क्षणिक२न क्षणिक२न ।	0x007388b3	add a7,t2,t2
योगः अर्थ७म् क्षणिक२न क्षणिक६न ।	0x01f388b3	add a7,t2,t6
योगः अर्थ७म् स्थिर०न स्थिर१न ।	0x009408b3	add a7,s0,s1
योगः अर्थ७म् स्थिर१न पुनःस्थानम्न ।	0x001488b3	add a7,s1,ra
योगः अर्थ७म् स्थिर१न अर्थ७न ।	0x98a6	add a7,s1,a7
योगः अर्थ७म् अर्थ०न क्षणिक०न ।	0x005508b3	add a7,a0,t0
योगः अर्थ७म् अर्थ०न क्षणिक३न ।	0x01c508b3	add a7,a0,t3
योगः अर्थ७म् अर्थ७न स्थिर०न ।	0x98a2	add a7,a7,s0
योगः अर्थ७म् स्थिर११न शून्यःन ।	0x000d88b3	add a7,s11,zero
योगः अर्थ७म् स्थिर११न अर्थ०न ।	0x00ad88b3	add a7,s11,a0
योगः अर्थ७म् क्षणिक३न स्तूपसूचकःन ।	0x002e08b3	add a7,t3,sp
योगः अर्थ७म् क्षणिक३न स्थिर११न ।	0x01be08b3	add a7,t3,s11
योगः अर्थ७म् क्षणिक६न क्षणिक२न ।	0x007f88b3	add a7,t6,t2
योगः अर्थ७म् क्षणिक६न क्षणिक६न ।	0x01ff88b3	add a7,t6,t6
योगः स्थिर११म् शून्यःन स्थिर१न ।	0x8da6	add s11,zero,s1
योगः स्थिर११म् पुनःस्थानम्न पुनःस्थानम्न ।	0x00108db3	add s11,ra,ra
योगः स्थिर११म् पुनःस्थानम्न अर्थ७न ।	0x01108db3	add s11,ra,a7
योगः स्थिर११म् स्तूपसूचकःन क्षणिक०न ।	0x00510db3	add s11,sp,t0
योगः स्थिर११म् स्तूपसूचकःन क्षणिक३न ।	0x01c10db3	add s11,sp,t3
योगः स्थिर११म् क्षणिक०न स्थिर०न ।	0x00828db3	add s11,t0,s0
योगः स्थिर११म् क्षणिक२न शून्यःन ।	0x00038db3	add s11,t2,zero
योगः स्थिर११म् क्षणिक२न अर्थ०न ।	0x00a38db3	add s11,t2,a0
योगः स्थिर११म् स्थिर०न स्तूपसूचकःन ।	0x00240db3	add s11,s0,sp
योगः स्थिर११म् स्थिर०न स्थिर११न ।	0x9da2	add s11,s0,s11
योगः स्थिर११म् स्थिर१न क्षणिक२न ।	0x00748db3	add s11,s1,t2
योगः स्थिर११म् स्थिर१न क्षणिक६न ।	0x01f48db3	add s11,s1,t6
योगः स्थिर११म् अर्थ०न स्थिर१न ।	0x00950db3	add s11,a0,s1
योगः स्थिर११म् अर्थ७न पुनःस्थानम्न ।	0x00188db3	add s11,a7,ra
योगः स्थिर११म् अर्थ७न अर्थ७न ।	0x01188db3	add s11,a7,a7
योगः स्थिर११म् स्थिर११न क्षणिक०न ।	0x9d96	add s11,s11,t0
योगः स्थिर११म् स्थिर११न क्षणिक३न ।	0x9df2	add s11,s11,t3
योगः स्थिर११म् क्षणिक३न स्थिर०न ।	0x008e0db3	add s11,t3,s0
योगः स्थिर११म् क्षणिक६न शून्यःन ।	0x000f8db3	add s11,t6,zero
योगः स्थिर११म् क्षणिक६न अर्थ०न ।	0x00af8db3	add s11,t6,a0
योगः क्षणिक३म् शून्यःन स्तूपसूचकःन ।	0x8e0a	add t3,zero,sp
योगः क्षणिक३म् शून्यःन स्थिर११न ।	0x8e6e	add t3,zero,s11
योगः क्षणिक३म् पुनःस्थानम्न क्षणिक२न ।	0x00708e33	add t3,ra,t2
योगः क्षणिक३म् पुनःस्थानम्न क्षणिक६न ।	0x01f08e33	add t3,ra,t6
योगः क्षणिक३म् स्तूपसूचकःन स्थिर१न ।	0x00910e33	add t3,sp,s1
योगः क्षणिक३म् क्षणिक०न पुनःस्थानम्न ।	0x00128e33	add t3,t0,ra
योगः क्षणिक३म् क्षणिक०न अर्थ७न ।	0x01128e33	add t3,t0,a7
योगः क्षणिक३म् क्षणिक२न क्षणिक०न ।	0x00538e33	add t3,t2,t0
योगः क्षणिक३म् क्षणिक२न क्षणिक३न ।	0x9e1e	add t3,t2,t3
योगः क्षणिक३म् स्थिर०न स्थिर०न ।	0x00840e33	add t3,s0,s0
योगः क्षणिक३म् स्थिर१न शून्यःन ।	0x00048e33	add t3,s1,zero
योगः क्षणिक३म् स्थिर१न अर्थ०न ।	0x00a48e33	add t3,s1,a0
योगः क्षणिक३म् अर्थ०न स्तूपसूचकःन ।	0x00250e33	add t3,a0,sp
योगः क्षणिक३म् अर्थ०न स्थिर११न ।	0x01b50e33	add t3,a0,s11
योगः क्षणिक३म् अर्थ७न क्षणिक२न ।	0x00788e33	add t3,a7,t2
योगः क्षणिक३म् अर्थ७न क्षणिक६न ।	0x01f88e33	add t3,a7,t6
योगः क्षणिक३म् स्थिर११न स्थिर१न ।	0x009d8e33	add t3,s11,s1
योगः क्षणिक३म् क्षणिक३न पुनःस्थानम्न ।	0x9e06	add t3,t3,ra
योगः क्षणिक३म् क्षणिक३न अर्थ७न ।	0x9e46	add t3,t3,a7
योगः क्षणिक३म् क्षणिक६न क्षणिक०न ।	0x005f8e33	add t3,t6,t0
योगः क्षणिक३म् क्षणिक६न क्षणिक३न ।	0x9e7e	add t3,t6,t3
योगः क्षणिक६म् शून्यःन स्थिर०न ।	0x8fa2	add t6,zero,s0
योगः क्षणिक६म् पुनःस्थानम्न शून्यःन ।	0x00008fb3	add t6,ra,zero
योगः क्षणिक६म् पुनःस्थानम्न अर्थ०न ।	0x00a08fb3	add t6,ra,a0
योगः क्षणिक६म् स्तूपसूचकःन स्तूपसूचकःन ।	0x00210fb3	add t6,sp,sp
योगः क्षणिक६म् स्तूपसूचकःन स्थिर११न ।	0x01b10fb3	add t6,sp,s11
योगः क्षणिक६म् क्षणिक०न क्षणिक२न ।	0x00728fb3	add t6,t0,t2
योगः क्षणिक६म् क्षणिक०न क्षणिक६न ।	0x9f96	add t6,t0,t6
योगः क्षणिक६म् क्षणिक२न स्थिर१न ।	0x00938fb3	add t6,t2,s1
योगः क्षणिक६म् स्थिर०न पुनःस्थानम्न ।	0x00140fb3	add t6,s0,ra
योगः क्षणिक६म् स्थिर०न अर्थ७न ।	0x01140fb3	add t6,s0,a7
योगः क्षणिक६म् स्थिर१न क्षणिक०न ।	0x00548fb3	add t6,s1,t0
योगः क्षणिक६म् स्थिर१न क्षणिक३न ।	0x01c48fb3	add t6,s1,t3
योगः क्षणिक६म् अर्थ०न स्थिर०न ।	0x00850fb3	add t6,a0,s0
योगः क्षणिक६म् अर्थ७न शून्यःन ।	0x00088fb3	add t6,a7,zero
योगः क्षणिक६म् अर्थ७न अर्थ०न ।	0x00a88fb3	add t6,a7,a0
योगः क्षणिक६म् स्थिर११न स्तूपसूचकःन ।	0x002d8fb3	add t6,s11,sp
योगः क्षणिक६म् स्थिर११न स्थिर११न ।	0x01bd8fb3	add t6,s11,s11
योगः क्षणिक६म् क्षणिक३न क्षणिक२न ।	0x007e0fb3	add t6,t3,t2
योगः क्षणिक६म् क्षणिक३न क्षणिक६न ।	0x9ff2	add t6,t3,t6
योगः क्षणिक६म् क्षणिक६न स्थिर१न ।	0x9fa6	add t6,t6,s1
वियोगः शून्यःम् शून्यःन शून्यःन ।	0x40000033	sub zero,zero,zero
वियोगः शून्यःम् शून्यःन अर्थ०न ।	0x40a00033	sub zero,zero,a0
वियोगः शून्यःम् पुनःस्थानम्न स्तूपसूचकःन ।	0x40208033	sub zero,ra,sp
वियोगः शून्यःम् पुनःस्थानम्न स्थिर११न ।	0x41b08033	sub zero,ra,s11
वियोगः शून्यःम् स्तूपसूचकःन क्षणिक२न ।	0x40710033	sub zero,sp,t2
वियोगः शून्यःम् स्तूपसूचकःन क्षणिक६न ।	0x41f10033	sub zero,sp,t6
वियोगः शून्यःम् क्षणिक०न स्थिर१न ।	0x40928033	sub zero,t0,s1
वियोगः शून्यःम् क्षणिक२न पुनःस्थानम्न ।	0x40138033	sub zero,t2,ra
वियोगः शून्यःम् क्षणिक२न अर्थ७न ।	0x41138033	sub zero,t2,a7
वियोगः शून्यःम् स्थिर०न क्षणिक०न ।	0x40540033	sub zero,s0,t0
वियोगः शून्यःम् स्थिर०न क्षणिक३न ।	0x41c40033	sub zero,s0,t3
वियोगः शून्यःम् स्थिर१न स्थिर०न ।	0x40848033	sub zero,s1,s0
वियोगः शून्यःम् अर्थ०न शून्यःन ।	0x40050033	sub zero,a0,zero
वियोगः शून्यःम् अर्थ०न अर्थ०न ।	0x40a50033	sub zero,a0,a0
वियोगः शून्यःम् अर्थ७न स्तूपसूचकःन ।	0x40288033	sub zero,a7,sp
वियोगः शून्यःम् अर्थ७न स्थिर११न ।	0x41b88033	sub zero,a7,s11
वियोगः शून्यःम् स्थिर११न क्षणिक२न ।	0x407d8033	sub zero,s11,t2
वियोगः शून्यःम् स्थिर११न क्षणिक६न ।	0x41fd8033	sub zero,s11,t6
वियोगः शून्यःम् क्षणिक३न स्थिर१न ।	0x409e0033	sub zero,t3,s1
वियोगः शून्यःम् क्षणिक६न पुनःस्थानम्न ।	0x401f8033	sub zero,t6,ra
वियोगः शून्यःम् क्षणिक६न अर्थ७न ।	0x411f8033	sub zero,t6,a7
वियोगः पुनःस्थानम्म् शून्यःन क्षणिक०न ।	0x405000b3	sub ra,zero,t0
वियोगः पुनःस्थानम्म् शून्यःन क्षणिक३न ।	0x41c000b3	sub ra,zero,t3
वियोगः पुनःस्थानम्म् पुनःस्थानम्न स्थिर०न ।	0x408080b3	sub ra,ra,s0
वियोगः पुनःस्थानम्म् स्तूपसूचकःन शून्यःन ।	0x400100b3	sub ra,sp,zero
वियोगः पुनःस्थानम्म् स्तूपसूचकःन अर्थ०न ।	0x40a100b3	sub ra,sp,a0
वियोगः पुनःस्थानम्म् क्षणिक०न स्तूपसूचकःन ।	0x402280b3	sub ra,t0,sp
वियोगः पुनःस्थानम्म् क्षणिक०न स्थिर११न ।	0x41b280b3	sub ra,t0,s11
वियोगः पुनःस्थानम्म् क्षणिक२न क्षणिक२न ।	0x407380b3	sub ra,t2,t2
वियोगः पुनःस्थानम्म् क्षणिक२न क्षणिक६न ।	0x41f380b3	sub ra,t2,t6
वियोगः पुनःस्थानम्म् स्थिर०न स्थिर१न ।	0x409400b3	sub ra,s0,s1
वियोगः पुनःस्थानम्म् स्थिर१न पुनःस्थानम्न ।	0x401480b3	sub ra,s1,ra
वियोगः पुनःस्थानम्म् स्थिर१न अर्थ७न ।	0x411480b3	sub ra,s1,a7
वियोगः पुनःस्थानम्म् अर्थ०न क्षणिक०न ।	0x405500b3	sub ra,a0,t0
वियोगः पुनःस्थानम्म् अर्थ०न क्षणिक३न ।	0x41c500b3	sub ra,a0,t3
वियोगः पुनःस्थानम्म् अर्थ७न स्थिर०न ।	0x408880b3	sub ra,a7,s0
वियोगः पुनःस्थानम्म् स्थिर११न शून्यःन ।	0x400d80b3	sub ra,s11,zero
वियोगः पुनःस्थानम्म् स्थिर११न अर्थ०न ।	0x40ad80b3	sub ra,s11,a0
वियोगः पुनःस्थानम्म् क्षणिक३न स्तूपसूचकःन ।	0x402e00b3	sub ra,t3,sp
वियोगः पुनःस्थानम्म् क्षणिक३न स्थिर११न ।	0x41be00b3	sub ra,t3,s11
वियोगः पुनःस्थानम्म् क्षणिक६न क्षणिक२न ।	0x407f80b3	sub ra,t6,t2
वियोगः पुनःस्थानम्म् क्षणिक६न क्षणिक६न ।	0x41ff80b3	sub ra,t6,t6
वियोगः स्तूपसूचकःम् शून्यःन स्थिर१न ।	0x40900133	sub sp,zero,s1
वियोगः स्तूपसूचकःम् पुनःस्थानम्न पुनःस्थानम्न ।	0x40108133	sub sp,ra,ra
वियोगः स्तूपसूचकःम् पुनःस्थानम्न अर्थ७न ।	0x41108133	sub sp,ra,a7
वियोगः स्तूपसूचकःम् स्तूपसूचकःन क्षणिक०न ।	0x40510133	sub sp,sp,t0
वियोगः स्तूपसूचकःम् स्तूपसूचकःन क्षणिक३न ।	0x41c10133	sub sp,sp,t3
वियोगः स्तूपसूचकःम् क्षणिक०न स्थिर०न ।	0x40828133	sub sp,t0,s0
वियोगः स्तूपसूचकःम् क्षणिक२न शून्यःन ।	0x40038133	sub sp,t2,zero
वियोगः स्तूपसूचकःम् क्षणिक२न अर्थ०न ।	0x40a38133	sub sp,t2,a0
वियोगः स्तूपसूचकःम् स्थिर०न स्तूपसूचकःन ।	0x40240133	sub sp,s0,sp
वियोगः स्तूपसूचकःम् स्थिर०न स्थिर११न ।	0x41b40133	sub sp,s0,s11
वियोगः स्तूपसूचकःम् स्थिर१न क्षणिक२न ।	0x40748133	sub sp,s1,t2
वियोगः स्तूपसूचकःम् स्थिर१न क्षणिक६न ।	0x41f48133	sub sp,s1,t6
वियोगः स्तूपसूचकःम् अर्थ०न स्थिर१न ।	0x40950133	sub sp,a0,s1
वियोगः स्तूपसूचकःम् अर्थ७न पुनःस्थानम्न ।	0x40188133	sub sp,a7,ra
वियोगः स्तूपसूचकःम् अर्थ७न अर्थ७न ।	0x41188133	sub sp,a7,a7
वियोगः स्तूपसूचकःम् स्थिर११न क्षणिक०न ।	0x405d8133	sub sp,s11,t0
वियोगः स्तूपसूचकःम् स्थिर११न क्षणिक३न ।	0x41cd8133	sub sp,s11,t3
वियोगः स्तूपसूचकःम् क्षणिक३न स्थिर०न ।	0x408e0133	sub sp,t3,s0
वियोगः स्तूपसूचकःम् क्षणिक६न शून्यःन ।	0x400f8133	sub sp,t6,zero
वियोगः स्तूपसूचकःम् क्षणिक६न अर्थ०न ।	0x40af8133	sub sp,t6,a0
वियोगः क्षणिक०म् शून्यःन स्तूपसूचकःन ।	0x402002b3	sub t0,zero,sp
वियोगः क्षणिक०म् शून्यःन स्थिर११न ।	0x41b002b3	sub t0,zero,s11
वियोगः क्षणिक०म् पुनःस्थानम्न क्षणिक२न ।	0x407082b3	sub t0,ra,t2
वियोगः क्षणिक०म् पुनःस्थानम्न क्षणिक६न ।	0x41f082b3	sub t0,ra,t6
वियोगः क्षणिक०म् स्तूपसूचकःन स्थिर१न ।	0x409102b3	sub t0,sp,s1
वियोगः क्षणिक०म् क्षणिक०न पुनःस्थानम्न ।	0x401282b3	sub t0,t0,ra
वियोगः क्षणिक०म् क्षणिक०न अर्थ७न ।	0x411282b3	sub t0,t0,a7
वियोगः क्षणिक०म् क्षणिक२न क्षणिक०न ।	0x405382b3	sub t0,t2,t0
वियोगः क्षणिक०म् क्षणिक२न क्षणिक३न ।	0x41c382b3	sub t0,t2,t3
वियोगः क्षणिक०म् स्थिर०न स्थिर०न ।	0x408402b3	sub t0,s0,s0
वियोगः क्षणिक०म् स्थिर१न शून्यःन ।	0x400482b3	sub t0,s1,zero
वियोगः क्षणिक०म् स्थिर१न अर्थ०न ।	0x40a482b3	sub t0,s1,a0
वियोगः क्षणिक०म् अर्थ०न स्तूपसूचकःन ।	0x402502b3	sub t0,a0,sp
वियोगः क्षणिक०म् अर्थ०न स्थिर११न ।	0x41b502b3	sub t0,a0,s11
वियोगः क्षणिक०म् अर्थ७न क्षणिक२न ।	0x407882b3	sub t0,a7,t2
वियोगः क्षणिक०म् अर्थ७न क्षणिक६न ।	0x41f882b3	sub t0,a7,t6
वियोगः क्षणिक०म् स्थिर११न स्थिर१न ।	0x409d82b3	sub t0,s11,s1
वियोगः क्षणिक०म् क्षणिक३न पुनःस्थानम्न ।	0x401e02b3	sub t0,t3,ra
वियोगः क्षणिक०म् क्षणिक३न अर्थ७न ।	0x411e02b3	sub t0,t3,a7
वियोगः क्षणिक०म् क्षणिक६न क्षणिक०न ।	0x405f82b3	sub t0,t6,t0
वियोगः क्षणिक०म् क्षणिक६न क्षणिक३न ।	0x41cf82b3	sub t0,t6,t3
वियोगः क्षणिक२म् शून्यःन स्थिर०न ।	0x408003b3	sub t2,zero,s0
वियोगः क्षणिक२म् पुनःस्थानम्न शून्यःन ।	0x400083b3	sub t2,ra,zero
वियोगः क्षणिक२म् पुनःस्थानम्न अर्थ०न ।	0x40a083b3	sub t2,ra,a0
वियोगः क्षणिक२म् स्तूपसूचकःन स्तूपसूचकःन ।	0x402103b3	sub t2,sp,sp
वियोगः क्षणिक२म् स्तूपसूचकःन स्थिर११न ।	0x41b103b3	sub t2,sp,s11
वियोगः क्षणिक२म् क्षणिक०न क्षणिक२न ।	0x407283b3	sub t2,t0,t2
वियोगः क्षणिक२म् क्षणिक०न क्षणिक६न ।	0x41f283b3	sub t2,t0,t6
वियोगः क्षणिक२म् क्षणिक२न स्थिर१न ।	0x409383b3	sub t2,t2,s1
वियोगः क्षणिक२म् स्थिर०न पुनःस्थानम्न ।	0x401403b3	sub t2,s0,ra
वियोगः क्षणिक२म् स्थिर०न अर्थ७न ।	0x411403b3	sub t2,s0,a7
वियोगः क्षणिक२म् स्थिर१न क्षणिक०न ।	0x405483b3	sub t2,s1,t0
वियोगः क्षणिक२म् स्थिर१न क्षणिक३न ।	0x41c483b3	sub t2,s1,t3
वियोगः क्षणिक२म् अर्थ०न स्थिर०न ।	0x408503b3	sub t2,a0,s0
वियोगः क्षणिक२म् अर्थ७न शून्यःन ।	0x400883b3	sub t2,a7,zero
वियोगः क्षणिक२म् अर्थ७न अर्थ०न ।	0x40a883b3	sub t2,a7,a0
वियोगः क्षणिक२म् स्थिर११न स्तूपसूचकःन ।	0x402d83b3	sub t2,s11,sp
वियोगः क्षणिक२म् स्थिर११न स्थिर११न ।	0x41bd83b3	sub t2,s11,s11
वियोगः क्षणिक२म् क्षणिक३न क्षणिक२न ।	0x407e03b3	sub t2,t3,t2
वियोगः क्षणिक२म् क्षणिक३न क्षणिक६न ।	0x41fe03b3	sub t2,t3,t6
वियोगः क्षणिक२म् क्षणिक६न स्थिर१न ।	0x409f83b3	sub t2,t6,s1
वियोगः स्थिर०म् शून्यःन पुनःस्थानम्न ।	0x40100433	sub s0,zero,ra
वियोगः स्थिर०म् शून्यःन अर्थ७न ।	0x41100433	sub s0,zero,a7
वियोगः स्थिर०म् पुनःस्थानम्न क्षणिक०न ।	0x40508433	sub s0,ra,t0
वियोगः स्थिर०म् पुनःस्थानम्न क्षणिक३न ।	0x41c08433	sub s0,ra,t3
वियोगः स्थिर०म् स्तूपसूचकःन स्थिर०न ।	0x40810433	sub s0,sp,s0
वियोगः स्थिर०म् क्षणिक०न शून्यःन ।	0x40028433	sub s0,t0,zero
वियोगः स्थिर०म् क्षणिक०न अर्थ०न ।	0x40a28433	sub s0,t0,a0
वियोगः स्थिर०म् क्षणिक२न स्तूपसूचकःन ।	0x40238433	sub s0,t2,sp
वियोगः स्थिर०म् क्षणिक२न स्थिर११न ।	0x41b38433	sub s0,t2,s11
वियोगः स्थिर०म् स्थिर०न क्षणिक२न ।	0x40740433	sub s0,s0,t2
वियोगः स्थिर०म् स्थिर०न क्षणिक६न ।	0x41f40433	sub s0,s0,t6
वियोगः स्थिर०म् स्थिर१न स्थिर१न ।	0x40948433	sub s0,s1,s1
वियोगः स्थिर०म् अर्थ०न पुनःस्थानम्न ।	0x40150433	sub s0,a0,ra
वियोगः स्थिर०म् अर्थ०न अर्थ७न ।	0x41150433	sub s0,a0,a7
वियोगः स्थिर०म् अर्थ७न क्षणिक०न ।	0x40588433	sub s0,a7,t0
वियोगः स्थिर०म् अर्थ७न क्षणिक३न ।	0x41c88433	sub s0,a7,t3
वियोगः स्थिर०म् स्थिर११न स्थिर०न ।	0x408d8433	sub s0,s11,s0
वियोगः स्थिर०म् क्षणिक३न शून्यःन ।	0x400e0433	sub s0,t3,zero
वियोगः स्थिर०म् क्षणिक३न अर्थ०न ।	0x40ae0433	sub s0,t3,a0
वियोगः स्थिर०म् क्षणिक६न स्तूपसूचकःन ।	0x402f8433	sub s0,t6,sp
वियोगः स्थिर०म् क्षणिक६न स्थिर११न ।	0x41bf8433	sub s0,t6,s11
वियोगः स्थिर१म् शून्यःन क्षणिक२न ।	0x407004b3	sub s1,zero,t2
वियोगः स्थिर१म् शून्यःन क्षणिक६न ।	0x41f004b3	sub s1,zero,t6
वियोगः स्थिर१म् पुनःस्थानम्न स्थिर१न ।	0x409084b3	sub s1,ra,s1
वियोगः स्थिर१म् स्तूपसूचकःन पुनःस्थानम्न ।	0x401104b3	sub s1,sp,ra
वियोगः स्थिर१म् स्तूपसूचकःन अर्थ७न ।	0x411104b3	sub s1,sp,a7
वियोगः स्थिर१म् क्षणिक०न क्षणिक०न ।	0x405284b3	sub s1,t0,t0
वियोगः स्थिर१म् क्षणिक०न क्षणिक३न ।	0x41c284b3	sub s1,t0,t3
वियोगः स्थिर१म् क्षणिक२न स्थिर०न ।	0x408384b3	sub s1,t2,s0
वियोगः स्थिर१म् स्थिर०न शून्यःन ।	0x400404b3	sub s1,s0,zero
वियोगः स्थिर१म् स्थिर०न अर्थ०न ।	0x40a404b3	sub s1,s0,a0
वियोगः स्थिर१म् स्थिर१न स्तूपसूचकःन ।	0x402484b3	sub s1,s1,sp
वियोगः स्थिर१म् स्थिर१न स्थिर११न ।	0x41b484b3	sub s1,s1,s11
वियोगः स्थिर१म् अर्थ०न क्षणिक२न ।	0x407504b3	sub s1,a0,t2
वियोगः स्थिर१म् अर्थ०न क्षणिक६न ।	0x41f504b3	sub s1,a0,t6
वियोगः स्थिर१म् अर्थ७न स्थिर१न ।	0x409884b3	sub s1,a7,s1
वियोगः स्थिर१म् स्थिर११न पुनःस्थानम्न ।	0x401d84b3	sub s1,s11,ra
वियोगः स्थिर१म् स्थिर११न अर्थ७न ।	0x411d84b3	sub s1,s11,a7
वियोगः स्थिर१म् क्षणिक३न क्षणिक०न ।	0x405e04b3	sub s1,t3,t0
वियोगः स्थिर१म् क्षणिक३न क्षणिक३न ।	0x41ce04b3	sub s1,t3,t3
वियोगः स्थिर१म् क्षणिक६न स्थिर०न ।	0x408f84b3	sub s1,t6,s0
वियोगः अर्थ०म् शून्यःन शून्यःन ।	0x40000533	sub a0,zero,zero
वियोगः अर्थ०म् शून्यःन अर्थ०न ।	0x40a00533	sub a0,zero,a0
वियोगः अर्थ०म् पुनःस्थानम्न स्तूपसूचकःन ।	0x40208533	sub a0,ra,sp
वियोगः अर्थ०म् पुनःस्थानम्न स्थिर११न ।	0x41b08533	sub a0,ra,s11
वियोगः अर्थ०म् स्तूपसूचकःन क्षणिक२न ।	0x40710533	sub a0,sp,t2
वियोगः अर्थ०म् स्तूपसूचकःन क्षणिक६न ।	0x41f10533	sub a0,sp,t6
वियोगः अर्थ०म् क्षणिक०न स्थिर१न ।	0x40928533	sub a0,t0,s1
वियोगः अर्थ०म् क्षणिक२न पुनःस्थानम्न ।	0x40138533	sub a0,t2,ra
वियोगः अर्थ०म् क्षणिक२न अर्थ७न ।	0x41138533	sub a0,t2,a7
वियोगः अर्थ०म् स्थिर०न क्षणिक०न ।	0x40540533	sub a0,s0,t0
वियोगः अर्थ०म् स्थिर०न क्षणिक३न ।	0x41c40533	sub a0,s0,t3
वियोगः अर्थ०म् स्थिर१न स्थिर०न ।	0x40848533	sub a0,s1,s0
वियोगः अर्थ०म् अर्थ०न शून्यःन ।	0x40050533	sub a0,a0,zero
वियोगः अर्थ०म् अर्थ०न अर्थ०न ।	0x8d09	sub a0,a0,a0
वियोगः अर्थ०म् अर्थ७न स्तूपसूचकःन ।	0x40288533	sub a0,a7,sp
वियोगः अर्थ०म् अर्थ७न स्थिर११न ।	0x41b88533	sub a0,a7,s11
वियोगः अर्थ०म् स्थिर११न क्षणिक२न ।	0x407d8533	sub a0,s11,t2
वियोगः अर्थ०म् स्थिर११न क्षणिक६न ।	0x41fd8533	sub a0,s11,t6
वियोगः अर्थ०म् क्षणिक३न स्थिर१न ।	0x409e0533	sub a0,t3,s1
वियोगः अर्थ०म् क्षणिक६न पुनःस्थानम्न ।	0x401f8533	sub a0,t6,ra
वियोगः अर्थ०म् क्षणिक६न अर्थ७न ।	0x411f8533	sub a0,t6,a7
वियोगः अर्थ७म् शून्यःन क्षणिक०न ।	0x405008b3	sub a7,zero,t0
वियोगः अर्थ७म् शून्यःन क्षणिक३न ।	0x41c008b3	sub a7,zero,t3
वियोगः अर्थ७म् पुनःस्थानम्न स्थिर०न ।	0x408088b3	sub a7,ra,s0
वियोगः अर्थ७म् स्तूपसूचकःन शून्यःन ।	0x400108b3	sub a7,sp,zero
वियोगः अर्थ७म् स्तूपसूचकःन अर्थ०न ।	0x40a108b3	sub a7,sp,a0
वियोगः अर्थ७म् क्षणिक०न स्तूपसूचकःन ।	0x402288b3	sub a7,t0,sp
वियोगः अर्थ७म् क्षणिक०न स्थिर११न ।	0x41b288b3	sub a7,t0,s11
वियोगः अर्थ७म् क्षणिक२न क्षणिक२न ।	0x407388b3	sub a7,t2,t2
वियोगः अर्थ७म् क्षणिक२न क्षणिक६न ।	0x41f388b3	sub a7,t2,t6
वियोगः अर्थ७म् स्थिर०न स्थिर१न ।	0x409408b3	sub a7,s0,s1
वियोगः अर्थ७म् स्थिर१न पुनःस्थानम्न ।	0x401488b3	sub a7,s1,ra
वियोगः अर्थ७म् स्थिर१न अर्थ७न ।	0x411488b3	sub a7,s1,a7
वियोगः अर्थ७म् अर्थ०न क्षणिक०न ।	0x405508b3	sub a7,a0,t0
वियोगः अर्थ७म् अर्थ०न क्षणिक३न ।	0x41c508b3	sub a7,a0,t3
वियोगः अर्थ७म् अर्थ७न स्थिर०न ।	0x408888b3	sub a7,a7,s0
वियोगः अर्थ७म् स्थिर११न शून्यःन ।	0x400d88b3	sub a7,s11,zero
वियोगः अर्थ७म् स्थिर११न अर्थ०न ।	0x40ad88b3	sub a7,s11,a0
वियोगः अर्थ७म् क्षणिक३न स्तूपसूचकःन ।	0x402e08b3	sub a7,t3,sp
वियोगः अर्थ७म् क्षणिक३न स्थिर११न ।	0x41be08b3	sub a7,t3,s11
वियोगः अर्थ७म् क्षणिक६न क्षणिक२न ।	0x407f88b3	sub a7,t6,t2
वियोगः अर्थ७म् क्षणिक६न क्षणिक६न ।	0x41ff88b3	sub a7,t6,t6
वियोगः स्थिर११म् शून्यःन स्थिर१न ।	0x40900db3	sub s11,zero,s1
वियोगः स्थिर११म् पुनःस्थानम्न पुनःस्थानम्न ।	0x40108db3	sub s11,ra,ra
वियोगः स्थिर११म् पुनःस्थानम्न अर्थ७न ।	0x41108db3	sub s11,ra,a7
वियोगः स्थिर११म् स्तूपसूचकःन क्षणिक०न ।	0x40510db3	sub s11,sp,t0
वियोगः स्थिर११म् स्तूपसूचकःन क्षणिक३न ।	0x41c10db3	sub s11,sp,t3
वियोगः स्थिर११म् क्षणिक०न स्थिर०न ।	0x40828db3	sub s11,t0,s0
वियोगः स्थिर११म् क्षणिक२न शून्यःन ।	0x40038db3	sub s11,t2,zero
वियोगः स्थिर११म् क्षणिक२न अर्थ०न ।	0x40a38db3	sub s11,t2,a0
वियोगः स्थिर११म् स्थिर०न स्तूपसूचकःन ।	0x40240db3	sub s11,s0,sp
वियोगः स्थिर११म् स्थिर०न स्थिर११न ।	0x41b40db3	sub s11,s0,s11
वियोगः स्थिर११म् स्थिर१न क्षणिक२न ।	0x40748db3	sub s11,s1,t2
वियोगः स्थिर११म् स्थिर१न क्षणिक६न ।	0x41f48db3	sub s11,s1,t6
वियोगः स्थिर११म् अर्थ०न स्थिर१न ।	0x40950db3	sub s11,a0,s1
वियोगः स्थिर११म् अर्थ७न पुनःस्थानम्न ।	0x40188db3	sub s11,a7,ra
वियोगः स्थिर११म् अर्थ७न अर्थ७न ।	0x41188db3	sub s11,a7,a7
वियोगः स्थिर११म् स्थिर११न क्षणिक०न ।	0x405d8db3	sub s11,s11,t0
वियोगः स्थिर११म् स्थिर११न क्षणिक३न ।	0x41cd8db3	sub s11,s11,t3
वियोगः स्थिर११म् क्षणिक३न स्थिर०न ।	0x408e0db3	sub s11,t3,s0
वियोगः स्थिर११म् क्षणिक६न शून्यःन ।	0x400f8db3	sub s11,t6,zero
वियोगः स्थिर११म् क्षणिक६न अर्थ०न ।	0x40af8db3	sub s11,t6,a0
वियोगः क्षणिक३म् शून्यःन स्तूपसूचकःन ।	0x40200e33	sub t3,zero,sp
वियोगः क्षणिक३म् शून्यःन स्थिर११न ।	0x41b00e33	sub t3,zero,s11
वियोगः क्षणिक३म् पुनःस्थानम्न क्षणिक२न ।	0x40708e33	sub t3,ra,t2
वियोगः क्षणिक३म् पुनःस्थानम्न क्षणिक६न ।	0x41f08e33	sub t3,ra,t6
वियोगः क्षणिक३म् स्तूपसूचकःन स्थिर१न ।	0x40910e33	sub t3,sp,s1
वियोगः क्षणिक३म् क्षणिक०न पुनःस्थानम्न ।	0x40128e33	sub t3,t0,ra
वियोगः क्षणिक३म् क्षणिक०न अर्थ७न ।	0x41128e33	sub t3,t0,a7
वियोगः क्षणिक३म् क्षणिक२न क्षणिक०न ।	0x40538e33	sub t3,t2,t0
वियोगः क्षणिक३म् क्षणिक२न क्षणिक३न ।	0x41c38e33	sub t3,t2,t3
वियोगः क्षणिक३म् स्थिर०न स्थिर०न ।	0x40840e33	sub t3,s0,s0
वियोगः क्षणिक३म् स्थिर१न शून्यःन ।	0x40048e33	sub t3,s1,zero
वियोगः क्षणिक३म् स्थिर१न अर्थ०न ।	0x40a48e33	sub t3,s1,a0
वियोगः क्षणिक३म् अर्थ०न स्तूपसूचकःन ।	0x40250e33	sub t3,a0,sp
वियोगः क्षणिक३म् अर्थ०न स्थिर११न ।	0x41b50e33	sub t3,a0,s11
वियोगः क्षणिक३म् अर्थ७न क्षणिक२न ।	0x40788e33	sub t3,a7,t2
वियोगः क्षणिक३म् अर्थ७न क्षणिक६न ।	0x41f88e33	sub t3,a7,t6
वियोगः क्षणिक३म् स्थिर११न स्थिर१न ।	0x409d8e33	sub t3,s11,s1
वियोगः क्षणिक३म् क्षणिक३न पुनःस्थानम्न ।	0x401e0e33	sub t3,t3,ra
वियोगः क्षणिक३म् क्षणिक३न अर्थ७न ।	0x411e0e33	sub t3,t3,a7
वियोगः क्षणिक३म् क्षणिक६न क्षणिक०न ।	0x405f8e33	sub t3,t6,t0
वियोगः क्षणिक३म् क्षणिक६न क्षणिक३न ।	0x41cf8e33	sub t3,t6,t3
वियोगः क्षणिक६म् शून्यःन स्थिर०न ।	0x40800fb3	sub t6,zero,s0
वियोगः क्षणिक६म् पुनःस्थानम्न शून्यःन ।	0x40008fb3	sub t6,ra,zero
वियोगः क्षणिक६म् पुनःस्थानम्न अर्थ०न ।	0x40a08fb3	sub t6,ra,a0
वियोगः क्षणिक६म् स्तूपसूचकःन स्तूपसूचकःन ।	0x40210fb3	sub t6,sp,sp
वियोगः क्षणिक६म् स्तूपसूचकःन स्थिर११न ।	0x41b10fb3	sub t6,sp,s11
वियोगः क्षणिक६म् क्षणिक०न क्षणिक२न ।	0x40728fb3	sub t6,t0,t2
वियोगः क्षणिक६म् क्षणिक०न क्षणिक६न ।	0x41f28fb3	sub t6,t0,t6
वियोगः क्षणिक६म् क्षणिक२न स्थिर१न ।	0x40938fb3	sub t6,t2,s1
वियोगः क्षणिक६म् स्थिर०न पुनःस्थानम्न ।	0x40140fb3	sub t6,s0,ra
वियोगः क्षणिक६म् स्थिर०न अर्थ७न ।	0x41140fb3	sub t6,s0,a7
वियोगः क्षणिक६म् स्थिर१न क्षणिक०न ।	0x40548fb3	sub t6,s1,t0
वियोगः क्षणिक६म् स्थिर१न क्षणिक३न ।	0x41c48fb3	sub t6,s1,t3
वियोगः क्षणिक६म् अर्थ०न स्थिर०न ।	0x40850fb3	sub t6,a0,s0
वियोगः क्षणिक६म् अर्थ७न शून्यःन ।	0x40088fb3	sub t6,a7,zero
वियोगः क्षणिक६म् अर्थ७न अर्थ०न ।	0x40a88fb3	sub t6,a7,a0
वियोगः क्षणिक६म् स्थिर११न स्तूपसूचकःन ।	0x402d8fb3	sub t6,s11,sp
वियोगः क्षणिक६म् स्थिर११न स्थिर११न ।	0x41bd8fb3	sub t6,s11,s11
वियोगः क्षणिक६म् क्षणिक३न क्षणिक२न ।	0x407e0fb3	sub t6,t3,t2
वियोगः क्षणिक६म् क्षणिक३न क्षणिक६न ।	0x41fe0fb3	sub t6,t3,t6
वियोगः क्षणिक६म् क्षणिक६न स्थिर१न ।	0x409f8fb3	sub t6,t6,s1
युक्तम् शून्यःम् शून्यःन शून्यःन ।	0x00007033	and zero,zero,zero
युक्तम् शून्यःम् शून्यःन अर्थ०न ।	0x00a07033	and zero,zero,a0
युक्तम् शून्यःम् पुनःस्थानम्न स्तूपसूचकःन ।	0x0020f033	and zero,ra,sp
युक्तम् शून्यःम् पुनःस्थानम्न स्थिर११न ।	0x01b0f033	and zero,ra,s11
युक्तम् शून्यःम् स्तूपसूचकःन क्षणिक२न ।	0x00717033	and zero,sp,t2
युक्तम् शून्यःम् स्तूपसूचकःन क्षणिक६न ।	0x01f17033	and zero,sp,t6
युक्तम् शून्यःम् क्षणिक०न स्थिर१न ।	0x0092f033	and zero,t0,s1
युक्तम् शून्यःम् क्षणिक२न पुनःस्थानम्न ।	0x0013f033	and zero,t2,ra
युक्तम् शून्यःम् क्षणिक२न अर्थ७न ।	0x0113f033	and zero,t2,a7
युक्तम् शून्यःम् स्थिर०न क्षणिक०न ।	0x00547033	and zero,s0,t0
युक्तम् शून्यःम् स्थिर०न क्षणिक३न ।	0x01c47033	and zero,s0,t3
युक्तम् शून्यःम् स्थिर१न स्थिर०न ।	0x0084f033	and zero,s1,s0
युक्तम् शून्यःम् अर्थ०न शून्यःन ।	0x00057033	and zero,a0,zero
युक्तम् शून्यःम् अर्थ०न अर्थ०न ।	0x00a57033	and zero,a0,a0
युक्तम् शून्यःम् अर्थ७न स्तूपसूचकःन ।	0x0028f033	and zero,a7,sp
युक्तम् शून्यःम् अर्थ७न स्थिर११न ।	0x01b8f033	and zero,a7,s11
युक्तम् शून्यःम् स्थिर११न क्षणिक२न ।	0x007df033	and zero,s11,t2
युक्तम् शून्यःम् स्थिर११न क्षणिक६न ।	0x01fdf033	and zero,s11,t6
युक्तम् शून्यःम् क्षणिक३न स्थिर१न ।	0x009e7033	and zero,t3,s1
युक्तम् शून्यःम् क्षणिक६न पुनःस्थानम्न ।	0x001ff033	and zero,t6,ra
युक्तम् शून्यःम् क्षणिक६न अर्थ७न ।	0x011ff033	and zero,t6,a7
युक्तम् पुनःस्थानम्म् शून्यःन क्षणिक०न ।	0x005070b3	and ra,zero,t0
युक्तम् पुनःस्थानम्म् शून्यःन क्षणिक३न ।	0x01c070b3	and ra,zero,t3
युक्तम् पुनःस्थानम्म् पुनःस्थानम्न स्थिर०न ।	0x0080f0b3	and ra,ra,s0
युक्तम् पुनःस्थानम्म् स्तूपसूचकःन शून्यःन ।	0x000170b3	and ra,sp,zero
युक्तम् पुनःस्थानम्म् स्तूपसूचकःन अर्थ०न ।	0x00a170b3	and ra,sp,a0
युक्तम् पुनःस्थानम्म् क्षणिक०न स्तूपसूचकःन ।	0x0022f0b3	and ra,t0,sp
युक्तम् पुनःस्थानम्म् क्षणिक०न स्थिर११न ।	0x01b2f0b3	and ra,t0,s11
युक्तम् पुनःस्थानम्म् क्षणिक२न क्षणिक२न ।	0x0073f0b3	and ra,t2,t2
युक्तम् पुनःस्थानम्म् क्षणिक२न क्षणिक६न ।	0x01f3f0b3	and ra,t2,t6
युक्तम् पुनःस्थानम्म् स्थिर०न स्थिर१न ।	0x009470b3	and ra,s0,s1
युक्तम् पुनःस्थानम्म् स्थिर१न पुनःस्थानम्न ।	0x0014f0b3	and ra,s1,ra
युक्तम् पुनःस्थानम्म् स्थिर१न अर्थ७न ।	0x0114f0b3	and ra,s1,a7
युक्तम् पुनःस्थानम्म् अर्थ०न क्षणिक०न ।	0x005570b3	and ra,a0,t0
युक्तम् पुनःस्थानम्म् अर्थ०न क्षणिक३न ।	0x01c570b3	and ra,a0,t3
युक्तम् पुनःस्थानम्म् अर्थ७न स्थिर०न ।	0x0088f0b3	and ra,a7,s0
युक्तम् पुनःस्थानम्म् स्थिर११न शून्यःन ।	0x000df0b3	and ra,s11,zero
युक्तम् पुनःस्थानम्म् स्थिर११न अर्थ०न ।	0x00adf0b3	and ra,s11,a0
युक्तम् पुनःस्थानम्म् क्षणिक३न स्तूपसूचकःन ।	0x002e70b3	and ra,t3,sp
युक्तम् पुनःस्थानम्म् क्षणिक३न स्थिर११न ।	0x01be70b3	and ra,t3,s11
युक्तम् पुनःस्थानम्म् क्षणिक६न क्षणिक२न ।	0x007ff0b3	and ra,t6,t2
युक्तम् पुनःस्थानम्म् क्षणिक६न क्षणिक६न ।	0x01fff0b3	and ra,t6,t6
युक्तम् स्तूपसूचकःम् शून्यःन स्थिर१न ।	0x00907133	and sp,zero,s1
युक्तम् स्तूपसूचकःम् पुनःस्थानम्न पुनःस्थानम्न ।	0x0010f133	and sp,ra,ra
युक्तम् स्तूपसूचकःम् पुनःस्थानम्न अर्थ७न ।	0x0110f133	and sp,ra,a7
युक्तम् स्तूपसूचकःम् स्तूपसूचकःन क्षणिक०न ।	0x00517133	and sp,sp,t0
युक्तम् स्तूपसूचकःम् स्तूपसूचकःन क्षणिक३न ।	0x01c17133	and sp,sp,t3
युक्तम् स्तूपसूचकःम् क्षणिक०न स्थिर०न ।	0x0082f133	and sp,t0,s0
युक्तम् स्तूपसूचकःम् क्षणिक२न शून्यःन ।	0x0003f133	and sp,t2,zero
युक्तम् स्तूपसूचकःम् क्षणिक२न अर्थ०न ।	0x00a3f133	and sp,t2,a0
युक्तम् स्तूपसूचकःम् स्थिर०न स्तूपसूचकःन ।	0x00247133	and sp,s0,sp
युक्तम् स्तूपसूचकःम् स्थिर०न स्थिर११न ।	0x01b47133	and sp,s0,s11
युक्तम् स्तूपसूचकःम् स्थिर१न क्षणिक२न ।	0x0074f133	and sp,s1,t2
युक्तम् स्तूपसूचकःम् स्थिर१न क्षणिक६न ।	0x01f4f133	and sp,s1,t6
युक्तम् स्तूपसूचकःम् अर्थ०न स्थिर१न ।	0x00957133	and sp,a0,s1
युक्तम् स्तूपसूचकःम् अर्थ७न पुनःस्थानम्न ।	0x0018f133	and sp,a7,ra
युक्तम् स्तूपसूचकःम् अर्थ७न अर्थ७न ।	0x0118f133	and sp,a7,a7
युक्तम् स्तूपसूचकःम् स्थिर११न क्षणिक०न ।	0x005df133	and sp,s11,t0
युक्तम् स्तूपसूचकःम् स्थिर११न क्षणिक३न ।	0x01cdf133	and sp,s11,t3
युक्तम् स्तूपसूचकःम् क्षणिक३न स्थिर०न ।	0x008e7133	and sp,t3,s0
युक्तम् स्तूपसूचकःम् क्षणिक६न शून्यःन ।	0x000ff133	and sp,t6,zero
युक्तम् स्तूपसूचकःम् क्षणिक६न अर्थ०न ।	0x00aff133	and sp,t6,a0
युक्तम् क्षणिक०म् शून्यःन स्तूपसूचकःन ।	0x002072b3	and t0,zero,sp
युक्तम् क्षणिक०म् शून्यःन स्थिर११न ।	0x01b072b3	and t0,zero,s11
युक्तम् क्षणिक०म् पुनःस्थानम्न क्षणिक२न ।	0x0070f2b3	and t0,ra,t2
युक्तम् क्षणिक०म् पुनःस्थानम्न क्षणिक६न ।	0x01f0f2b3	and t0,ra,t6
युक्तम् क्षणिक०म् स्तूपसूचकःन स्थिर१न ।	0x009172b3	and t0,sp,s1
युक्तम् क्षणिक०म् क्षणिक०न पुनःस्थानम्न ।	0x0012f2b3	and t0,t0,ra
युक्तम् क्षणिक०म् क्षणिक०न अर्थ७न ।	0x0112f2b3	and t0,t0,a7
युक्तम् क्षणिक०म् क्षणिक२न क्षणिक०न ।	0x0053f2b3	and t0,t2,t0
युक्तम् क्षणिक०म् क्षणिक२न क्षणिक३न ।	0x01c3f2b3	and t0,t2,t3
युक्तम् क्षणिक०म् स्थिर०न स्थिर०न ।	0x008472b3	and t0,s0,s0
युक्तम् क्षणिक०म् स्थिर१न शून्यःन ।	0x0004f2b3	and t0,s1,zero
युक्तम् क्षणिक०म् स्थिर१न अर्थ०न ।	0x00a4f2b3	and t0,s1,a0
युक्तम् क्षणिक०म् अर्थ०न स्तूपसूचकःन ।	0x002572b3	and t0,a0,sp
युक्तम् क्षणिक०म् अर्थ०न स्थिर११न ।	0x01b572b3	and t0,a0,s11
युक्तम् क्षणिक०म् अर्थ७न क्षणिक२न ।	0x0078f2b3	and t0,a7,t2
युक्तम् क्षणिक०म् अर्थ७न क्षणिक६न ।	0x01f8f2b3	and t0,a7,t6
युक्तम् क्षणिक०म् स्थिर११न स्थिर१न ।	0x009df2b3	and t0,s11,s1
युक्तम् क्षणिक०म् क्षणिक३न पुनःस्थानम्न ।	0x001e72b3	and t0,t3,ra
युक्तम् क्षणिक०म् क्षणिक३न अर्थ७न ।	0x011e72b3	and t0,t3,a7
युक्तम् क्षणिक०म् क्षणिक६न क्षणिक०न ।	0x005ff2b3	and t0,t6,t0
युक्तम् क्षणिक०म् क्षणिक६न क्षणिक३न ।	0x01cff2b3	and t0,t6,t3
युक्तम् क्षणिक२म् शून्यःन स्थिर०न ।	0x008073b3	and t2,zero,s0
युक्तम् क्षणिक२म् पुनःस्थानम्न शून्यःन ।	0x0000f3b3	and t2,ra,zero
युक्तम् क्षणिक२म् पुनःस्थानम्न अर्थ०न ।	0x00a0f3b3	and t2,ra,a0
युक्तम् क्षणिक२म् स्तूपसूचकःन स्तूपसूचकःन ।	0x002173b3	and t2,sp,sp
युक्तम् क्षणिक२म् स्तूपसूचकःन स्थिर११न ।	0x01b173b3	and t2,sp,s11
युक्तम् क्षणिक२म् क्षणिक०न क्षणिक२न ।	0x0072f3b3	and t2,t0,t2
युक्तम् क्षणिक२म् क्षणिक०न क्षणिक६न ।	0x01f2f3b3	and t2,t0,t6
युक्तम् क्षणिक२म् क्षणिक२न स्थिर१न ।	0x0093f3b3	and t2,t2,s1
युक्तम् क्षणिक२म् स्थिर०न पुनःस्थानम्न ।	0x001473b3	and t2,s0,ra
युक्तम् क्षणिक२म् स्थिर०न अर्थ७न ।	0x011473b3	and t2,s0,a7
युक्तम् क्षणिक२म् स्थिर१न क्षणिक०न ।	0x0054f3b3	and t2,s1,t0
युक्तम् क्षणिक२म् स्थिर१न क्षणिक३न ।	0x01c4f3b3	and t2,s1,t3
युक्तम् क्षणिक२म् अर्थ०न स्थिर०न ।	0x008573b3	and t2,a0,s0
युक्तम् क्षणिक२म् अर्थ७न शून्यःन ।	0x0008f3b3	and t2,a7,zero
युक्तम् क्षणिक२म् अर्थ७न अर्थ०न ।	0x00a8f3b3	and t2,a7,a0
युक्तम् क्षणिक२म् स्थिर११न स्तूपसूचकःन ।	0x002df3b3	and t2,s11,sp
युक्तम् क्षणिक२म् स्थिर११न स्थिर११न ।	0x01bdf3b3	and t2,s11,s11
युक्तम् क्षणिक२म् क्षणिक३न क्षणिक२न ।	0x007e73b3	and t2,t3,t2
युक्तम् क्षणिक२म् क्षणिक३न क्षणिक६न ।	0x01fe73b3	and t2,t3,t6
युक्तम् क्षणिक२म् क्षणिक६न स्थिर१न ।	0x009ff3b3	and t2,t6,s1
युक्तम् स्थिर०म् शून्यःन पुनःस्थानम्न ।	0x00107433	and s0,zero,ra
युक्तम् स्थिर०म् शून्यःन अर्थ७न ।	0x01107433	and s0,zero,a7
युक्तम् स्थिर०म् पुनःस्थानम्न क्षणिक०न ।	0x0050f433	and s0,ra,t0
युक्तम् स्थिर०म् पुनःस्थानम्न क्षणिक३न ।	0x01c0f433	and s0,ra,t3
युक्तम् स्थिर०म् स्तूपसूचकःन स्थिर०न ।	0x00817433	and s0,sp,s0
युक्तम् स्थिर०म् क्षणिक०न शून्यःन ।	0x0002f433	and s0,t0,zero
युक्तम् स्थिर०म् क्षणिक०न अर्थ०न ।	0x00a2f433	and s0,t0,a0
युक्तम् स्थिर०म् क्षणिक२न स्तूपसूचकःन ।	0x0023f433	and s0,t2,sp
युक्तम् स्थिर०म् क्षणिक२न स्थिर११न ।	0x01b3f433	and s0,t2,s11
युक्तम् स्थिर०म् स्थिर०न क्षणिक२न ।	0x00747433	and s0,s0,t2
युक्तम् स्थिर०म् स्थिर०न क्षणिक६न ।	0x01f47433	and s0,s0,t6
युक्तम् स्थिर०म् स्थिर१न स्थिर१न ।	0x0094f433	and s0,s1,s1
युक्तम् स्थिर०म् अर्थ०न पुनःस्थानम्न ।	0x00157433	and s0,a0,ra
युक्तम् स्थिर०म् अर्थ०न अर्थ७न ।	0x01157433	and s0,a0,a7
युक्तम् स्थिर०म् अर्थ७न क्षणिक०न ।	0x0058f433	and s0,a7,t0
युक्तम् स्थिर०म् अर्थ७न क्षणिक३न ।	0x01c8f433	and s0,a7,t3
युक्तम् स्थिर०म् स्थिर११न स्थिर०न ।	0x008df433	and s0,s11,s0
युक्तम् स्थिर०म् क्षणिक३न शून्यःन ।	0x000e7433	and s0,t3,zero
युक्तम् स्थिर०म् क्षणिक३न अर्थ०न ।	0x00ae7433	and s0,t3,a0
युक्तम् स्थिर०म् क्षणिक६न स्तूपसूचकःन ।	0x002ff433	and s0,t6,sp
युक्तम् स्थिर०म् क्षणिक६न स्थिर११न ।	0x01bff433	and s0,t6,s11
युक्तम् स्थिर१म् शून्यःन क्षणिक२न ।	0x007074b3	and s1,zero,t2
युक्तम् स्थिर१म् शून्यःन क्षणिक६न ।	0x01f074b3	and s1,zero,t6
युक्तम् स्थिर१म् पुनःस्थानम्न स्थिर१न ।	0x0090f4b3	and s1,ra,s1
युक्तम् स्थिर१म् स्तूपसूचकःन पुनःस्थानम्न ।	0x001174b3	and s1,sp,ra
युक्तम् स्थिर१म् स्तूपसूचकःन अर्थ७न ।	0x011174b3	and s1,sp,a7
युक्तम् स्थिर१म् क्षणिक०न क्षणिक०न ।	0x0052f4b3	and s1,t0,t0
युक्तम् स्थिर१म् क्षणिक०न क्षणिक३न ।	0x01c2f4b3	and s1,t0,t3
युक्तम् स्थिर१म् क्षणिक२न स्थिर०न ।	0x0083f4b3	and s1,t2,s0
युक्तम् स्थिर१म् स्थिर०न शून्यःन ।	0x000474b3	and s1,s0,zero
युक्तम् स्थिर१म् स्थिर०न अर्थ०न ।	0x00a474b3	and s1,s0,a0
युक्तम् स्थिर१म् स्थिर१न स्तूपसूचकःन ।	0x0024f4b3	and s1,s1,sp
युक्तम् स्थिर१म् स्थिर१न स्थिर११न ।	0x01b4f4b3	and s1,s1,s11
युक्तम् स्थिर१म् अर्थ०न क्षणिक२न ।	0x007574b3	and s1,a0,t2
युक्तम् स्थिर१म् अर्थ०न क्षणिक६न ।	0x01f574b3	and s1,a0,t6
युक्तम् स्थिर१म् अर्थ७न स्थिर१न ।	0x0098f4b3	and s1,a7,s1
युक्तम् स्थिर१म् स्थिर११न पुनःस्थानम्न ।	0x001df4b3	and s1,s11,ra
युक्तम् स्थिर१म् स्थिर११न अर्थ७न ।	0x011df4b3	and s1,s11,a7
युक्तम् स्थिर१म् क्षणिक३न क्षणिक०न ।	0x005e74b3	and s1,t3,t0
युक्तम् स्थिर१म् क्षणिक३न क्षणिक३न ।	0x01ce74b3	and s1,t3,t3
युक्तम् स्थिर१म् क्षणिक६न स्थिर०न ।	0x008ff4b3	and s1,t6,s0
युक्तम् अर्थ०म् शून्यःन शून्यःन ।	0x00007533	and a0,zero,zero
युक्तम् अर्थ०म् शून्यःन अर्थ०न ।	0x00a07533	and a0,zero,a0
युक्तम् अर्थ०म् पुनःस्थानम्न स्तूपसूचकःन ।	0x0020f533	and a0,ra,sp
युक्तम् अर्थ०म् पुनःस्थानम्न स्थिर११न ।	0x01b0f533	and a0,ra,s11
युक्तम् अर्थ०म् स्तूपसूचकःन क्षणिक२न ।	0x00717533	and a0,sp,t2
युक्तम् अर्थ०म् स्तूपसूचकःन क्षणिक६न ।	0x01f17533	and a0,sp,t6
युक्तम् अर्थ०म् क्षणिक०न स्थिर१न ।	0x0092f533	and a0,t0,s1
युक्तम् अर्थ०म् क्षणिक२न पुनःस्थानम्न ।	0x0013f533	and a0,t2,ra
युक्तम् अर्थ०म् क्षणिक२न अर्थ७न ।	0x0113f533	and a0,t2,a7
युक्तम् अर्थ०म् स्थिर०न क्षणिक०न ।	0x00547533	and a0,s0,t0
युक्तम् अर्थ०म् स्थिर०न क्षणिक३न ।	0x01c47533	and a0,s0,t3
युक्तम् अर्थ०म् स्थिर१न स्थिर०न ।	0x0084f533	and a0,s1,s0
युक्तम् अर्थ०म् अर्थ०न शून्यःन ।	0x00057533	and a0,a0,zero
युक्तम् अर्थ०म् अर्थ०न अर्थ०न ।	0x8d69	and a0,a0,a0
युक्तम् अर्थ०म् अर्थ७न स्तूपसूचकःन ।	0x0028f533	and a0,a7,sp
युक्तम् अर्थ०म् अर्थ७न स्थिर११न ।	0x01b8f533	and a0,a7,s11
युक्तम् अर्थ०म् स्थिर११न क्षणिक२न ।	0x007df533	and a0,s11,t2
युक्तम् अर्थ०म् स्थिर११न क्षणिक६न ।	0x01fdf533	and a0,s11,t6
युक्तम् अर्थ०म् क्षणिक३न स्थिर१न ।	0x009e7533	and a0,t3,s1
युक्तम् अर्थ०म् क्षणिक६न पुनःस्थानम्न ।	0x001ff533	and a0,t6,ra
युक्तम् अर्थ०म् क्षणिक६न अर्थ७न ।	0x011ff533	and a0,t6,a7
युक्तम् अर्थ७म् शून्यःन क्षणिक०न ।	0x005078b3	and a7,zero,t0
युक्तम् अर्थ७म् शून्यःन क्षणिक३न ।	0x01c078b3	and a7,zero,t3
युक्तम् अर्थ७म् पुनःस्थानम्न स्थिर०न ।	0x0080f8b3	and a7,ra,s0
युक्तम् अर्थ७म् स्तूपसूचकःन शून्यःन ।	0x000178b3	and a7,sp,zero
युक्तम् अर्थ७म् स्तूपसूचकःन अर्थ०न ।	0x00a178b3	and a7,sp,a0
युक्तम् अर्थ७म् क्षणिक०न स्तूपसूचकःन ।	0x0022f8b3	and a7,t0,sp
युक्तम् अर्थ७म् क्षणिक०न स्थिर११न ।	0x01b2f8b3	and a7,t0,s11
युक्तम् अर्थ७म् क्षणिक२न क्षणिक२न ।	0x0073f8b3	and a7,t2,t2
युक्तम् अर्थ७म् क्षणिक२न क्षणिक६न ।	0x01f3f8b3	and a7,t2,t6
युक्तम् अर्थ७म् स्थिर०न स्थिर१न ।	0x009478b3	and a7,s0,s1
युक्तम् अर्थ७म् स्थिर१न पुनःस्थानम्न ।	0x0014f8b3	and a7,s1,ra
युक्तम् अर्थ७म् स्थिर१न अर्थ७न ।	0x0114f8b3	and a7,s1,a7
युक्तम् अर्थ७म् अर्थ०न क्षणिक०न ।	0x005578b3	and a7,a0,t0
युक्तम् अर्थ७म् अर्थ०न क्षणिक३न ।	0x01c578b3	and a7,a0,t3
युक्तम् अर्थ७म् अर्थ७न स्थिर०न ।	0x0088f8b3	and a7,a7,s0
युक्तम् अर्थ७म् स्थिर११न शून्यःन ।	0x000df8b3	and a7,s11,zero
युक्तम् अर्थ७म् स्थिर११न अर्थ०न ।	0x00adf8b3	and a7,s11,a0
युक्तम् अर्थ७म् क्षणिक३न स्तूपसूचकःन ।	0x002e78b3	and a7,t3,sp
युक्तम् अर्थ७म् क्षणिक३न स्थिर११न ।	0x01be78b3	and a7,t3,s11
युक्तम् अर्थ७म् क्षणिक६न क्षणिक२न ।	0x007ff8b3	and a7,t6,t2
युक्तम् अर्थ७म् क्षणिक६न क्षणिक६न ।	0x01fff8b3	and a7,t6,t6
युक्तम् स्थिर११म् शून्यःन स्थिर१न ।	0x00907db3	and s11,zero,s1
युक्तम् स्थिर११म् पुनःस्थानम्न पुनःस्थानम्न ।	0x0010fdb3	and s11,ra,ra
युक्तम् स्थिर११म् पुनःस्थानम्न अर्थ७न ।	0x0110fdb3	and s11,ra,a7
युक्तम् स्थिर११म् स्तूपसूचकःन क्षणिक०न ।	0x00517db3	and s11,sp,t0
युक्तम् स्थिर११म् स्तूपसूचकःन क्षणिक३न ।	0x01c17db3	and s11,sp,t3
युक्तम् स्थिर११म् क्षणिक०न स्थिर०न ।	0x0082fdb3	and s11,t0,s0
युक्तम् स्थिर११म् क्षणिक२न शून्यःन ।	0x0003fdb3	and s11,t2,zero
युक्तम् स्थिर११म् क्षणिक२न अर्थ०न ।	0x00a3fdb3	and s11,t2,a0
युक्तम् स्थिर११म् स्थिर०न स्तूपसूचकःन ।	0x00247db3	and s11,s0,sp
युक्तम् स्थिर११म् स्थिर०न स्थिर११न ।	0x01b47db3	and s11,s0,s11
युक्तम् स्थिर११म् स्थिर१न क्षणिक२न ।	0x0074fdb3	and s11,s1,t2
युक्तम् स्थिर११म् स्थिर१न क्षणिक६न ।	0x01f4fdb3	and s11,s1,t6
युक्तम् स्थिर११म् अर्थ०न स्थिर१न ।	0x00957db3	and s11,a0,s1
युक्तम् स्थिर११म् अर्थ७न पुनःस्थानम्न ।	0x0018fdb3	and s11,a7,ra
युक्तम् स्थिर११म् अर्थ७न अर्थ७न ।	0x0118fdb3	and s11,a7,a7
युक्तम् स्थिर११म् स्थिर११न क्षणिक०न ।	0x005dfdb3	and s11,s11,t0
युक्तम् स्थिर११म् स्थिर११न क्षणिक३न ।	0x01cdfdb3	and s11,s11,t3
युक्तम् स्थिर११म् क्षणिक३न स्थिर०न ।	0x008e7db3	and s11,t3,s0
युक्तम् स्थिर११म् क्षणिक६न शून्यःन ।	0x000ffdb3	and s11,t6,zero
युक्तम् स्थिर११म् क्षणिक६न अर्थ०न ।	0x00affdb3	and s11,t6,a0
युक्तम् क्षणिक३म् शून्यःन स्तूपसूचकःन ।	0x00207e33	and t3,zero,sp
युक्तम् क्षणिक३म् शून्यःन स्थिर११न ।	0x01b07e33	and t3,zero,s11
युक्तम् क्षणिक३म् पुनःस्थानम्न क्षणिक२न ।	0x0070fe33	and t3,ra,t2
युक्तम् क्षणिक३म् पुनःस्थानम्न क्षणिक६न ।	0x01f0fe33	and t3,ra,t6
युक्तम् क्षणिक३म् स्तूपसूचकःन स्थिर१न ।	0x00917e33	and t3,sp,s1
युक्तम् क्षणिक३म् क्षणिक०न पुनःस्थानम्न ।	0x0012fe33	and t3,t0,ra
युक्तम् क्षणिक३म् क्षणिक०न अर्थ७न ।	0x0112fe33	and t3,t0,a7
युक्तम् क्षणिक३म् क्षणिक२न क्षणिक०न ।	0x0053fe33	and t3,t2,t0
युक्तम् क्षणिक३म् क्षणिक२न क्षणिक३न ।	0x01c3fe33	and t3,t2,t3
युक्तम् क्षणिक३म् स्थिर०न स्थिर०न ।	0x00847e33	and t3,s0,s0
युक्तम् क्षणिक३म् स्थिर१न शून्यःन ।	0x0004fe33	and t3,s1,zero
युक्तम् क्षणिक३म् स्थिर१न अर्थ०न ।	0x00a4fe33	and t3,s1,a0
युक्तम् क्षणिक३म् अर्थ०न स्तूपसूचकःन ।	0x00257e33	and t3,a0,sp
युक्तम् क्षणिक३म् अर्थ०न स्थिर११न ।	0x01b57e33	and t3,a0,s11
युक्तम् क्षणिक३म् अर्थ७न क्षणिक२न ।	0x0078fe33	and t3,a7,t2
युक्तम् क्षणिक३म् अर्थ७न क्षणिक६न ।	0x01f8fe33	and t3,a7,t6
युक्तम् क्षणिक३म् स्थिर११न स्थिर१न ।	0x009dfe33	and t3,s11,s1
युक्तम् क्षणिक३म् क्षणिक३न पुनःस्थानम्न ।	0x001e7e33	and t3,t3,ra
युक्तम् क्षणिक३म् क्षणिक३न अर्थ७न ।	0x011e7e33	and t3,t3,a7
युक्तम् क्षणिक३म् क्षणिक६न क्षणिक०न ।	0x005ffe33	and t3,t6,t0
युक्तम् क्षणिक३म् क्षणिक६न क्षणिक३न ।	0x01cffe33	and t3,t6,t3
युक्तम् क्षणिक६म् शून्यःन स्थिर०न ।	0x00807fb3	and t6,zero,s0
युक्तम् क्षणिक६म् पुनःस्थानम्न शून्यःन ।	0x0000ffb3	and t6,ra,zero
युक्तम् क्षणिक६म् पुनःस्थानम्न अर्थ०न ।	0x00a0ffb3	and t6,ra,a0
युक्तम् क्षणिक६म् स्तूपसूचकःन स्तूपसूचकःन ।	0x00217fb3	and t6,sp,sp
युक्तम् क्षणिक६म् स्तूपसूचकःन स्थिर११न ।	0x01b17fb3	and t6,sp,s11
युक्तम् क्षणिक६म् क्षणिक०न क्षणिक२न ।	0x0072ffb3	and t6,t0,t2
युक्तम् क्षणिक६म् क्षणिक०न क्षणिक६न ।	0x01f2ffb3	and t6,t0,t6
युक्तम् क्षणिक६म् क्षणिक२न स्थिर१न ।	0x0093ffb3	and t6,t2,s1
युक्तम् क्षणिक६म् स्थिर०न पुनःस्थानम्न ।	0x00147fb3	and t6,s0,ra
युक्तम् क्षणिक६म् स्थिर०न अर्थ७न ।	0x01147fb3	and t6,s0,a7
युक्तम् क्षणिक६म् स्थिर१न क्षणिक०न ।	0x0054ffb3	and t6,s1,t0
युक्तम् क्षणिक६म् स्थिर१न क्षणिक३न ।	0x01c4ffb3	and t6,s1,t3
युक्तम् क्षणिक६म् अर्थ०न स्थिर०न ।	0x00857fb3	and t6,a0,s0
युक्तम् क्षणिक६म् अर्थ७न शून्यःन ।	0x0008ffb3	and t6,a7,zero
युक्तम् क्षणिक६म् अर्थ७न अर्थ०न ।	0x00a8ffb3	and t6,a7,a0
युक्तम् क्षणिक६म् स्थिर११न स्तूपसूचकःन ।	0x002dffb3	and t6,s11,sp
युक्तम् क्षणिक६म् स्थिर११न स्थिर११न ।	0x01bdffb3	and t6,s11,s11
युक्तम् क्षणिक६म् क्षणिक३न क्षणिक२न ।	0x007e7fb3	and t6,t3,t2
युक्तम् क्षणिक६म् क्षणिक३न क्षणिक६न ।	0x01fe7fb3	and t6,t3,t6
युक्तम् क्षणिक६म् क्षणिक६न स्थिर१न ।	0x009fffb3	and t6,t6,s1
विकल्पः शून्यःम् शून्यःन शून्यःन ।	0x00006033	or zero,zero,zero
विकल्पः शून्यःम् शून्यःन अर्थ०न ।	0x00a06033	or zero,zero,a0
विकल्पः शून्यःम् पुनःस्थानम्न स्तूपसूचकःन ।	0x0020e033	or zero,ra,sp
विकल्पः शून्यःम् पुनःस्थानम्न स्थिर११न ।	0x01b0e033	or zero,ra,s11
विकल्पः शून्यःम् स्तूपसूचकःन क्षणिक२न ।	0x00716033	or zero,sp,t2
विकल्पः शून्यःम् स्तूपसूचकःन क्षणिक६न ।	0x01f16033	or zero,sp,t6
विकल्पः शून्यःम् क्षणिक०न स्थिर१न ।	0x0092e033	or zero,t0,s1
विकल्पः शून्यःम् क्षणिक२न पुनःस्थानम्न ।	0x0013e033	or zero,t2,ra
विकल्पः शून्यःम् क्षणिक२न अर्थ७न ।	0x0113e033	or zero,t2,a7
विकल्पः शून्यःम् स्थिर०न क्षणिक०न ।	0x00546033	or zero,s0,t0
विकल्पः शून्यःम् स्थिर०न क्षणिक३न ।	0x01c46033	or zero,s0,t3
विकल्पः शून्यःम् स्थिर१न स्थिर०न ।	0x0084e033	or zero,s1,s0
विकल्पः शून्यःम् अर्थ०न शून्यःन ।	0x00056033	or zero,a0,zero
विकल्पः शून्यःम् अर्थ०न अर्थ०न ।	0x00a56033	or zero,a0,a0
विकल्पः शून्यःम् अर्थ७न स्तूपसूचकःन ।	0x0028e033	or zero,a7,sp
विकल्पः शून्यःम् अर्थ७न स्थिर११न ।	0x01b8e033	or zero,a7,s11
विकल्पः शून्यःम् स्थिर११न क्षणिक२न ।	0x007de033	or zero,s11,t2
विकल्पः शून्यःम् स्थिर११न क्षणिक६न ।	0x01fde033	or zero,s11,t6
विकल्पः शून्यःम् क्षणिक३न स्थिर१न ।	0x009e6033	or zero,t3,s1
विकल्पः शून्यःम् क्षणिक६न पुनःस्थानम्न ।	0x001fe033	or zero,t6,ra
विकल्पः शून्यःम् क्षणिक६न अर्थ७न ।	0x011fe033	or zero,t6,a7
विकल्पः पुनःस्थानम्म् शून्यःन क्षणिक०न ।	0x005060b3	or ra,zero,t0
विकल्पः पुनःस्थानम्म् शून्यःन क्षणिक३न ।	0x01c060b3	or ra,zero,t3
विकल्पः पुनःस्थानम्म् पुनःस्थानम्न स्थिर०न ।	0x0080e0b3	or ra,ra,s0
विकल्पः पुनःस्थानम्म् स्तूपसूचकःन शून्यःन ।	0x000160b3	or ra,sp,zero
विकल्पः पुनःस्थानम्म् स्तूपसूचकःन अर्थ०न ।	0x00a160b3	or ra,sp,a0
विकल्पः पुनःस्थानम्म् क्षणिक०न स्तूपसूचकःन ।	0x0022e0b3	or ra,t0,sp
विकल्पः पुनःस्थानम्म् क्षणिक०न स्थिर११न ।	0x01b2e0b3	or ra,t0,s11
विकल्पः पुनःस्थानम्म् क्षणिक२न क्षणिक२न ।	0x0073e0b3	or ra,t2,t2
विकल्पः पुनःस्थानम्म् क्षणिक२न क्षणिक६न ।	0x01f3e0b3	or ra,t2,t6
विकल्पः पुनःस्थानम्म् स्थिर०न स्थिर१न ।	0x009460b3	or ra,s0,s1
विकल्पः पुनःस्थानम्म् स्थिर१न पुनःस्थानम्न ।	0x0014e0b3	or ra,s1,ra
विकल्पः पुनःस्थानम्म् स्थिर१न अर्थ७न ।	0x0114e0b3	or ra,s1,a7
विकल्पः पुनःस्थानम्म् अर्थ०न क्षणिक०न ।	0x005560b3	or ra,a0,t0
विकल्पः पुनःस्थानम्म् अर्थ०न क्षणिक३न ।	0x01c560b3	or ra,a0,t3
विकल्पः पुनःस्थानम्म् अर्थ७न स्थिर०न ।	0x0088e0b3	or ra,a7,s0
विकल्पः पुनःस्थानम्म् स्थिर११न शून्यःन ।	0x000de0b3	or ra,s11,zero
विकल्पः पुनःस्थानम्म् स्थिर११न अर्थ०न ।	0x00ade0b3	or ra,s11,a0
विकल्पः पुनःस्थानम्म् क्षणिक३न स्तूपसूचकःन ।	0x002e60b3	or ra,t3,sp
विकल्पः पुनःस्थानम्म् क्षणिक३न स्थिर११न ।	0x01be60b3	or ra,t3,s11
विकल्पः पुनःस्थानम्म् क्षणिक६न क्षणिक२न ।	0x007fe0b3	or ra,t6,t2
विकल्पः पुनःस्थानम्म् क्षणिक६न क्षणिक६न ।	0x01ffe0b3	or ra,t6,t6
विकल्पः स्तूपसूचकःम् शून्यःन स्थिर१न ।	0x00906133	or sp,zero,s1
विकल्पः स्तूपसूचकःम् पुनःस्थानम्न पुनःस्थानम्न ।	0x0010e133	or sp,ra,ra
विकल्पः स्तूपसूचकःम् पुनःस्थानम्न अर्थ७न ।	0x0110e133	or sp,ra,a7
विकल्पः स्तूपसूचकःम् स्तूपसूचकःन क्षणिक०न ।	0x00516133	or sp,sp,t0
विकल्पः स्तूपसूचकःम् स्तूपसूचकःन क्षणिक३न ।	0x01c16133	or sp,sp,t3
विकल्पः स्तूपसूचकःम् क्षणिक०न स्थिर०न ।	0x0082e133	or sp,t0,s0
विकल्पः स्तूपसूचकःम् क्षणिक२न शून्यःन ।	0x0003e133	or sp,t2,zero
विकल्पः स्तूपसूचकःम् क्षणिक२न अर्थ०न ।	0x00a3e133	or sp,t2,a0
विकल्पः स्तूपसूचकःम् स्थिर०न स्तूपसूचकःन ।	0x00246133	or sp,s0,sp
विकल्पः स्तूपसूचकःम् स्थिर०न स्थिर११न ।	0x01b46133	or sp,s0,s11
विकल्पः स्तूपसूचकःम् स्थिर१न क्षणिक२न ।	0x0074e133	or sp,s1,t2
विकल्पः स्तूपसूचकःम् स्थिर१न क्षणिक६न ।	0x01f4e133	or sp,s1,t6
विकल्पः स्तूपसूचकःम् अर्थ०न स्थिर१न ।	0x00956133	or sp,a0,s1
विकल्पः स्तूपसूचकःम् अर्थ७न पुनःस्थानम्न ।	0x0018e133	or sp,a7,ra
विकल्पः स्तूपसूचकःम् अर्थ७न अर्थ७न ।	0x0118e133	or sp,a7,a7
विकल्पः स्तूपसूचकःम् स्थिर११न क्षणिक०न ।	0x005de133	or sp,s11,t0
विकल्पः स्तूपसूचकःम् स्थिर११न क्षणिक३न ।	0x01cde133	or sp,s11,t3
विकल्पः स्तूपसूचकःम् क्षणिक३न स्थिर०न ।	0x008e6133	or sp,t3,s0
विकल्पः स्तूपसूचकःम् क्षणिक६न शून्यःन ।	0x000fe133	or sp,t6,zero
विकल्पः स्तूपसूचकःम् क्षणिक६न अर्थ०न ।	0x00afe133	or sp,t6,a0
विकल्पः क्षणिक०म् शून्यःन स्तूपसूचकःन ।	0x002062b3	or t0,zero,sp
विकल्पः क्षणिक०म् शून्यःन स्थिर११न ।	0x01b062b3	or t0,zero,s11
विकल्पः क्षणिक०म् पुनःस्थानम्न क्षणिक२न ।	0x0070e2b3	or t0,ra,t2
विकल्पः क्षणिक०म् पुनःस्थानम्न क्षणिक६न ।	0x01f0e2b3	or t0,ra,t6
विकल्पः क्षणिक०म् स्तूपसूचकःन स्थिर१न ।	0x009162b3	or t0,sp,s1
विकल्पः क्षणिक०म् क्षणिक०न पुनःस्थानम्न ।	0x0012e2b3	or t0,t0,ra
विकल्पः क्षणिक०म् क्षणिक०न अर्थ७न ।	0x0112e2b3	or t0,t0,a7
विकल्पः क्षणिक०म् क्षणिक२न क्षणिक०न ।	0x0053e2b3	or t0,t2,t0
विकल्पः क्षणिक०म् क्षणिक२न क्षणिक३न ।	0x01c3e2b3	or t0,t2,t3
विकल्पः क्षणिक०म् स्थिर०न स्थिर०न ।	0x008462b3	or t0,s0,s0
विकल्पः क्षणिक०म् स्थिर१न शून्यःन ।	0x0004e2b3	or t0,s1,zero
विकल्पः क्षणिक०म् स्थिर१न अर्थ०न ।	0x00a4e2b3	or t0,s1,a0
विकल्पः क्षणिक०म् अर्थ०न स्तूपसूचकःन ।	0x002562b3	or t0,a0,sp
विकल्पः क्षणिक०म् अर्थ०न स्थिर११न ।	0x01b562b3	or t0,a0,s11
विकल्पः क्षणिक०म् अर्थ७न क्षणिक२न ।	0x0078e2b3	or t0,a7,t2
विकल्पः क्षणिक०म् अर्थ७न क्षणिक६न ।	0x01f8e2b3	or t0,a7,t6
विकल्पः क्षणिक०म् स्थिर११न स्थिर१न ।	0x009de2b3	or t0,s11,s1
विकल्पः क्षणिक०म् क्षणिक३न पुनःस्थानम्न ।	0x001e62b3	or t0,t3,ra
विकल्पः क्षणिक०म् क्षणिक३न अर्थ७न ।	0x011e62b3	or t0,t3,a7
विकल्पः क्षणिक०म् क्षणिक६न क्षणिक०न ।	0x005fe2b3	or t0,t6,t0
विकल्पः क्षणिक०म् क्षणिक६न क्षणिक३न ।	0x01cfe2b3	or t0,t6,t3
विकल्पः क्षणिक२म् शून्यःन स्थिर०न ।	0x008063b3	or t2,zero,s0
विकल्पः क्षणिक२म् पुनःस्थानम्न शून्यःन ।	0x0000e3b3	or t2,ra,zero
विकल्पः क्षणिक२म् पुनःस्थानम्न अर्थ०न ।	0x00a0e3b3	or t2,ra,a0
विकल्पः क्षणिक२म् स्तूपसूचकःन स्तूपसूचकःन ।	0x002163b3	or t2,sp,sp
विकल्पः क्षणिक२म् स्तूपसूचकःन स्थिर११न ।	0x01b163b3	or t2,sp,s11
विकल्पः क्षणिक२म् क्षणिक०न क्षणिक२न ।	0x0072e3b3	or t2,t0,t2
विकल्पः क्षणिक२म् क्षणिक०न क्षणिक६न ।	0x01f2e3b3	or t2,t0,t6
विकल्पः क्षणिक२म् क्षणिक२न स्थिर१न ।	0x0093e3b3	or t2,t2,s1
विकल्पः क्षणिक२म् स्थिर०न पुनःस्थानम्न ।	0x001463b3	or t2,s0,ra
विकल्पः क्षणिक२म् स्थिर०न अर्थ७न ।	0x011463b3	or t2,s0,a7
विकल्पः क्षणिक२म् स्थिर१न क्षणिक०न ।	0x0054e3b3	or t2,s1,t0
विकल्पः क्षणिक२म् स्थिर१न क्षणिक३न ।	0x01c4e3b3	or t2,s1,t3
विकल्पः क्षणिक२म् अर्थ०न स्थिर०न ।	0x008563b3	or t2,a0,s0
विकल्पः क्षणिक२म् अर्थ७न शून्यःन ।	0x0008e3b3	or t2,a7,zero
विकल्पः क्षणिक२म् अर्थ७न अर्थ०न ।	0x00a8e3b3	or t2,a7,a0
विकल्पः क्षणिक२म् स्थिर११न स्तूपसूचकःन ।	0x002de3b3	or t2,s11,sp
विकल्पः क्षणिक२म् स्थिर११न स्थिर११न ।	0x01bde3b3	or t2,s11,s11
विकल्पः क्षणिक२म् क्षणिक३न क्षणिक२न ।	0x007e63b3	or t2,t3,t2
विकल्पः क्षणिक२म् क्षणिक३न क्षणिक६न ।	0x01fe63b3	or t2,t3,t6
विकल्पः क्षणिक२म् क्षणिक६न स्थिर१न ।	0x009fe3b3	or t2,t6,s1
विकल्पः स्थिर०म् शून्यःन पुनःस्थानम्न ।	0x00106433	or s0,zero,ra
विकल्पः स्थिर०म् शून्यःन अर्थ७न ।	0x01106433	or s0,zero,a7
विकल्पः स्थिर०म् पुनःस्थानम्न क्षणिक०न ।	0x0050e433	or s0,ra,t0
विकल्पः स्थिर०म् पुनःस्थानम्न क्षणिक३न ।	0x01c0e433	or s0,ra,t3
विकल्पः स्थिर०म् स्तूपसूचकःन स्थिर०न ।	0x00816433	or s0,sp,s0
विकल्पः स्थिर०म् क्षणिक०न शून्यःन ।	0x0002e433	or s0,t0,zero
विकल्पः स्थिर०म् क्षणिक०न अर्थ०न ।	0x00a2e433	or s0,t0,a0
विकल्पः स्थिर०म् क्षणिक२न स्तूपसूचकःन ।	0x0023e433	or s0,t2,sp
विकल्पः स्थिर०म् क्षणिक२न स्थिर११न ।	0x01b3e433	or s0,t2,s11
विकल्पः स्थिर०म् स्थिर०न क्षणिक२न ।	0x00746433	or s0,s0,t2
विकल्पः स्थिर०म् स्थिर०न क्षणिक६न ।	0x01f46433	or s0,s0,t6
विकल्पः स्थिर०म् स्थिर१न स्थिर१न ।	0x0094e433	or s0,s1,s1
विकल्पः स्थिर०म् अर्थ०न पुनःस्थानम्न ।	0x00156433	or s0,a0,ra
विकल्पः स्थिर०म् अर्थ०न अर्थ७न ।	0x01156433	or s0,a0,a7
विकल्पः स्थिर०म् अर्थ७न क्षणिक०न ।	0x0058e433	or s0,a7,t0
विकल्पः स्थिर०म् अर्थ७न क्षणिक३न ।	0x01c8e433	or s0,a7,t3
विकल्पः स्थिर०म् स्थिर११न स्थिर०न ।	0x008de433	or s0,s11,s0
विकल्पः स्थिर०म् क्षणिक३न शून्यःन ।	0x000e6433	or s0,t3,zero
विकल्पः स्थिर०म् क्षणिक३न अर्थ०न ।	0x00ae6433	or s0,t3,a0
विकल्पः स्थिर०म् क्षणिक६न स्तूपसूचकःन ।	0x002fe433	or s0,t6,sp
विकल्पः स्थिर०म् क्षणिक६न स्थिर११न ।	0x01bfe433	or s0,t6,s11
विकल्पः स्थिर१म् शून्यःन क्षणिक२न ।	0x007064b3	or s1,zero,t2
विकल्पः स्थिर१म् शून्यःन क्षणिक६न ।	0x01f064b3	or s1,zero,t6
विकल्पः स्थिर१म् पुनःस्थानम्न स्थिर१न ।	0x0090e4b3	or s1,ra,s1
विकल्पः स्थिर१म् स्तूपसूचकःन पुनःस्थानम्न ।	0x001164b3	or s1,sp,ra
विकल्पः स्थिर१म् स्तूपसूचकःन अर्थ७न ।	0x011164b3	or s1,sp,a7
विकल्पः स्थिर१म् क्षणिक०न क्षणिक०न ।	0x0052e4b3	or s1,t0,t0
विकल्पः स्थिर१म् क्षणिक०न क्षणिक३न ।	0x01c2e4b3	or s1,t0,t3
विकल्पः स्थिर१म् क्षणिक२न स्थिर०न ।	0x0083e4b3	or s1,t2,s0
विकल्पः स्थिर१म् स्थिर०न शून्यःन ।	0x000464b3	or s1,s0,zero
विकल्पः स्थिर१म् स्थिर०न अर्थ०न ।	0x00a464b3	or s1,s0,a0
विकल्पः स्थिर१म् स्थिर१न स्तूपसूचकःन ।	0x0024e4b3	or s1,s1,sp
विकल्पः स्थिर१म् स्थिर१न स्थिर११न ।	0x01b4e4b3	or s1,s1,s11
विकल्पः स्थिर१म् अर्थ०न क्षणिक२न ।	0x007564b3	or s1,a0,t2
विकल्पः स्थिर१म् अर्थ०न क्षणिक६न ।	0x01f564b3	or s1,a0,t6
विकल्पः स्थिर१म् अर्थ७न स्थिर१न ।	0x0098e4b3	or s1,a7,s1
विकल्पः स्थिर१म् स्थिर११न पुनःस्थानम्न ।	0x001de4b3	or s1,s11,ra
विकल्पः स्थिर१म् स्थिर११न अर्थ७न ।	0x011de4b3	or s1,s11,a7
विकल्पः स्थिर१म् क्षणिक३न क्षणिक०न ।	0x005e64b3	or s1,t3,t0
विकल्पः स्थिर१म् क्षणिक३न क्षणिक३न ।	0x01ce64b3	or s1,t3,t3
विकल्पः स्थिर१म् क्षणिक६न स्थिर०न ।	0x008fe4b3	or s1,t6,s0
विकल्पः अर्थ०म् शून्यःन शून्यःन ।	0x00006533	or a0,zero,zero
विकल्पः अर्थ०म् शून्यःन अर्थ०न ।	0x00a06533	or a0,zero,a0
विकल्पः अर्थ०म् पुनःस्थानम्न स्तूपसूचकःन ।	0x0020e533	or a0,ra,sp
विकल्पः अर्थ०म् पुनःस्थानम्न स्थिर११न ।	0x01b0e533	or a0,ra,s11
विकल्पः अर्थ०म् स्तूपसूचकःन क्षणिक२न ।	0x00716533	or a0,sp,t2
विकल्पः अर्थ०म् स्तूपसूचकःन क्षणिक६न ।	0x01f16533	or a0,sp,t6
विकल्पः अर्थ०म् क्षणिक०न स्थिर१न ।	0x0092e533	or a0,t0,s1
विकल्पः अर्थ०म् क्षणिक२न पुनःस्थानम्न ।	0x0013e533	or a0,t2,ra
विकल्पः अर्थ०म् क्षणिक२न अर्थ७न ।	0x0113e533	or a0,t2,a7
विकल्पः अर्थ०म् स्थिर०न क्षणिक०न ।	0x00546533	or a0,s0,t0
विकल्पः अर्थ०म् स्थिर०न क्षणिक३न ।	0x01c46533	or a0,s0,t3
विकल्पः अर्थ०म् स्थिर१न स्थिर०न ।	0x0084e533	or a0,s1,s0
विकल्पः अर्थ०म् अर्थ०न शून्यःन ।	0x00056533	or a0,a0,zero
विकल्पः अर्थ०म् अर्थ०न अर्थ०न ।	0x8d49	or a0,a0,a0
विकल्पः अर्थ०म् अर्थ७न स्तूपसूचकःन ।	0x0028e533	or a0,a7,sp
विकल्पः अर्थ०म् अर्थ७न स्थिर११न ।	0x01b8e533	or a0,a7,s11
विकल्पः अर्थ०म् स्थिर११न क्षणिक२न ।	0x007de533	or a0,s11,t2
विकल्पः अर्थ०म् स्थिर११न क्षणिक६न ।	0x01fde533	or a0,s11,t6
विकल्पः अर्थ०म् क्षणिक३न स्थिर१न ।	0x009e6533	or a0,t3,s1
विकल्पः अर्थ०म् क्षणिक६न पुनःस्थानम्न ।	0x001fe533	or a0,t6,ra
विकल्पः अर्थ०म् क्षणिक६न अर्थ७न ।	0x011fe533	or a0,t6,a7
विकल्पः अर्थ७म् शून्यःन क्षणिक०न ।	0x005068b3	or a7,zero,t0
विकल्पः अर्थ७म् शून्यःन क्षणिक३न ।	0x01c068b3	or a7,zero,t3
विकल्पः अर्थ७म् पुनःस्थानम्न स्थिर०न ।	0x0080e8b3	or a7,ra,s0
विकल्पः अर्थ७म् स्तूपसूचकःन शून्यःन ।	0x000168b3	or a7,sp,zero
विकल्पः अर्थ७म् स्तूपसूचकःन अर्थ०न ।	0x00a168b3	or a7,sp,a0
विकल्पः अर्थ७म् क्षणिक०न स्तूपसूचकःन ।	0x0022e8b3	or a7,t0,sp
विकल्पः अर्थ७म् क्षणिक०न स्थिर११न ।	0x01b2e8b3	or a7,t0,s11
विकल्पः अर्थ७म् क्षणिक२न क्षणिक२न ।	0x0073e8b3	or a7,t2,t2
विकल्पः अर्थ७म् क्षणिक२न क्षणिक६न ।	0x01f3e8b3	or a7,t2,t6
विकल्पः अर्थ७म् स्थिर०न स्थिर१न ।	0x009468b3	or a7,s0,s1
विकल्पः अर्थ७म् स्थिर१न पुनःस्थानम्न ।	0x0014e8b3	or a7,s1,ra
विकल्पः अर्थ७म् स्थिर१न अर्थ७न ।	0x0114e8b3	or a7,s1,a7
विकल्पः अर्थ७म् अर्थ०न क्षणिक०न ।	0x005568b3	or a7,a0,t0
विकल्पः अर्थ७म् अर्थ०न क्षणिक३न ।	0x01c568b3	or a7,a0,t3
विकल्पः अर्थ७म् अर्थ७न स्थिर०न ।	0x0088e8b3	or a7,a7,s0
विकल्पः अर्थ७म् स्थिर११न शून्यःन ।	0x000de8b3	or a7,s11,zero
विकल्पः अर्थ७म् स्थिर११न अर्थ०न ।	0x00ade8b3	or a7,s11,a0
विकल्पः अर्थ७म् क्षणिक३न स्तूपसूचकःन ।	0x002e68b3	or a7,t3,sp
विकल्पः अर्थ७म् क्षणिक३न स्थिर११न ।	0x01be68b3	or a7,t3,s11
विकल्पः अर्थ७म् क्षणिक६न क्षणिक२न ।	0x007fe8b3	or a7,t6,t2
विकल्पः अर्थ७म् क्षणिक६न क्षणिक६न ।	0x01ffe8b3	or a7,t6,t6
विकल्पः स्थिर११म् शून्यःन स्थिर१न ।	0x00906db3	or s11,zero,s1
विकल्पः स्थिर११म् पुनःस्थानम्न पुनःस्थानम्न ।	0x0010edb3	or s11,ra,ra
विकल्पः स्थिर११म् पुनःस्थानम्न अर्थ७न ।	0x0110edb3	or s11,ra,a7
विकल्पः स्थिर११म् स्तूपसूचकःन क्षणिक०न ।	0x00516db3	or s11,sp,t0
विकल्पः स्थिर११म् स्तूपसूचकःन क्षणिक३न ।	0x01c16db3	or s11,sp,t3
विकल्पः स्थिर११म् क्षणिक०न स्थिर०न ।	0x0082edb3	or s11,t0,s0
विकल्पः स्थिर११म् क्षणिक२न शून्यःन ।	0x0003edb3	or s11,t2,zero
विकल्पः स्थिर११म् क्षणिक२न अर्थ०न ।	0x00a3edb3	or s11,t2,a0
विकल्पः स्थिर११म् स्थिर०न स्तूपसूचकःन ।	0x00246db3	or s11,s0,sp
विकल्पः स्थिर११म् स्थिर०न स्थिर११न ।	0x01b46db3	or s11,s0,s11
विकल्पः स्थिर११म् स्थिर१न क्षणिक२न ।	0x0074edb3	or s11,s1,t2
विकल्पः स्थिर११म् स्थिर१न क्षणिक६न ।	0x01f4edb3	or s11,s1,t6
विकल्पः स्थिर११म् अर्थ०न स्थिर१न ।	0x00956db3	or s11,a0,s1
विकल्पः स्थिर११म् अर्थ७न पुनःस्थानम्न ।	0x0018edb3	or s11,a7,ra
विकल्पः स्थिर११म् अर्थ७न अर्थ७न ।	0x0118edb3	or s11,a7,a7
विकल्पः स्थिर११म् स्थिर११न क्षणिक०न ।	0x005dedb3	or s11,s11,t0
विकल्पः स्थिर११म् स्थिर११न क्षणिक३न ।	0x01cdedb3	or s11,s11,t3
विकल्पः स्थिर११म् क्षणिक३न स्थिर०न ।	0x008e6db3	or s11,t3,s0
विकल्पः स्थिर११म् क्षणिक६न शून्यःन ।	0x000fedb3	or s11,t6,zero
विकल्पः स्थिर११म् क्षणिक६न अर्थ०न ।	0x00afedb3	or s11,t6,a0
विकल्पः क्षणिक३म् शून्यःन स्तूपसूचकःन ।	0x00206e33	or t3,zero,sp
विकल्पः क्षणिक३म् शून्यःन स्थिर११न ।	0x01b06e33	or t3,zero,s11
विकल्पः क्षणिक३म् पुनःस्थानम्न क्षणिक२न ।	0x0070ee33	or t3,ra,t2
विकल्पः क्षणिक३म् पुनःस्थानम्न क्षणिक६न ।	0x01f0ee33	or t3,ra,t6
विकल्पः क्षणिक३म् स्तूपसूचकःन स्थिर१न ।	0x00916e33	or t3,sp,s1
विकल्पः क्षणिक३म् क्षणिक०न पुनःस्थानम्न ।	0x0012ee33	or t3,t0,ra
विकल्पः क्षणिक३म् क्षणिक०न अर्थ७न ।	0x0112ee33	or t3,t0,a7
विकल्पः क्षणिक३म् क्षणिक२न क्षणिक०न ।	0x0053ee33	or t3,t2,t0
विकल्पः क्षणिक३म् क्षणिक२न क्षणिक३न ।	0x01c3ee33	or t3,t2,t3
विकल्पः क्षणिक३म् स्थिर०न स्थिर०न ।	0x00846e33	or t3,s0,s0
विकल्पः क्षणिक३म् स्थिर१न शून्यःन ।	0x0004ee33	or t3,s1,zero
विकल्पः क्षणिक३म् स्थिर१न अर्थ०न ।	0x00a4ee33	or t3,s1,a0
विकल्पः क्षणिक३म् अर्थ०न स्तूपसूचकःन ।	0x00256e33	or t3,a0,sp
विकल्पः क्षणिक३म् अर्थ०न स्थिर११न ।	0x01b56e33	or t3,a0,s11
विकल्पः क्षणिक३म् अर्थ७न क्षणिक२न ।	0x0078ee33	or t3,a7,t2
विकल्पः क्षणिक३म् अर्थ७न क्षणिक६न ।	0x01f8ee33	or t3,a7,t6
विकल्पः क्षणिक३म् स्थिर११न स्थिर१न ।	0x009dee33	or t3,s11,s1
विकल्पः क्षणिक३म् क्षणिक३न पुनःस्थानम्न ।	0x001e6e33	or t3,t3,ra
विकल्पः क्षणिक३म् क्षणिक३न अर्थ७न ।	0x011e6e33	or t3,t3,a7
विकल्पः क्षणिक३म् क्षणिक६न क्षणिक०न ।	0x005fee33	or t3,t6,t0
विकल्पः क्षणिक३म् क्षणिक६न क्षणिक३न ।	0x01cfee33	or t3,t6,t3
विकल्पः क्षणिक६म् शून्यःन स्थिर०न ।	0x00806fb3	or t6,zero,s0
विकल्पः क्षणिक६म् पुनःस्थानम्न शून्यःन ।	0x0000efb3	or t6,ra,zero
विकल्पः क्षणिक६म् पुनःस्थानम्न अर्थ०न ।	0x00a0efb3	or t6,ra,a0
विकल्पः क्षणिक६म् स्तूपसूचकःन स्तूपसूचकःन ।	0x00216fb3	or t6,sp,sp
विकल्पः क्षणिक६म् स्तूपसूचकःन स्थिर११न ।	0x01b16fb3	or t6,sp,s11
विकल्पः क्षणिक६म् क्षणिक०न क्षणिक२न ।	0x0072efb3	or t6,t0,t2
विकल्पः क्षणिक६म् क्षणिक०न क्षणिक६न ।	0x01f2efb3	or t6,t0,t6
विकल्पः क्षणिक६म् क्षणिक२न स्थिर१न ।	0x0093efb3	or t6,t2,s1
विकल्पः क्षणिक६म् स्थिर०न पुनःस्थानम्न ।	0x00146fb3	or t6,s0,ra
विकल्पः क्षणिक६म् स्थिर०न अर्थ७न ।	0x01146fb3	or t6,s0,a7
विकल्पः क्षणिक६म् स्थिर१न क्षणिक०न ।	0x0054efb3	or t6,s1,t0
विकल्पः क्षणिक६म् स्थिर१न क्षणिक३न ।	0x01c4efb3	or t6,s1,t3
विकल्पः क्षणिक६म् अर्थ०न स्थिर०न ।	0x00856fb3	or t6,a0,s0
विकल्पः क्षणिक६म् अर्थ७न शून्यःन ।	0x0008efb3	or t6,a7,zero
विकल्पः क्षणिक६म् अर्थ७न अर्थ०न ।	0x00a8efb3	or t6,a7,a0
विकल्पः क्षणिक६म् स्थिर११न स्तूपसूचकःन ।	0x002defb3	or t6,s11,sp
विकल्पः क्षणिक६म् स्थिर११न स्थिर११न ।	0x01bdefb3	or t6,s11,s11
विकल्पः क्षणिक६म् क्षणिक३न क्षणिक२न ।	0x007e6fb3	or t6,t3,t2
विकल्पः क्षणिक६म् क्षणिक३न क्षणिक६न ।	0x01fe6fb3	or t6,t3,t6
विकल्पः क्षणिक६म् क्षणिक६न स्थिर१न ।	0x009fefb3	or t6,t6,s1
वैषम्यम् शून्यःम् शून्यःन शून्यःन ।	0x00004033	xor zero,zero,zero
वैषम्यम् शून्यःम् शून्यःन अर्थ०न ।	0x00a04033	xor zero,zero,a0
वैषम्यम् शून्यःम् पुनःस्थानम्न स्तूपसूचकःन ।	0x0020c033	xor zero,ra,sp
वैषम्यम् शून्यःम् पुनःस्थानम्न स्थिर११न ।	0x01b0c033	xor zero,ra,s11
वैषम्यम् शून्यःम् स्तूपसूचकःन क्षणिक२न ।	0x00714033	xor zero,sp,t2
वैषम्यम् शून्यःम् स्तूपसूचकःन क्षणिक६न ।	0x01f14033	xor zero,sp,t6
वैषम्यम् शून्यःम् क्षणिक०न स्थिर१न ।	0x0092c033	xor zero,t0,s1
वैषम्यम् शून्यःम् क्षणिक२न पुनःस्थानम्न ।	0x0013c033	xor zero,t2,ra
वैषम्यम् शून्यःम् क्षणिक२न अर्थ७न ।	0x0113c033	xor zero,t2,a7
वैषम्यम् शून्यःम् स्थिर०न क्षणिक०न ।	0x00544033	xor zero,s0,t0
वैषम्यम् शून्यःम् स्थिर०न क्षणिक३न ।	0x01c44033	xor zero,s0,t3
वैषम्यम् शून्यःम् स्थिर१न स्थिर०न ।	0x0084c033	xor zero,s1,s0
वैषम्यम् शून्यःम् अर्थ०न शून्यःन ।	0x00054033	xor zero,a0,zero
वैषम्यम् शून्यःम् अर्थ०न अर्थ०न ।	0x00a54033	xor zero,a0,a0
वैषम्यम् शून्यःम् अर्थ७न स्तूपसूचकःन ।	0x0028c033	xor zero,a7,sp
वैषम्यम् शून्यःम् अर्थ७न स्थिर११न ।	0x01b8c033	xor zero,a7,s11
वैषम्यम् शून्यःम् स्थिर११न क्षणिक२न ।	0x007dc033	xor zero,s11,t2
वैषम्यम् शून्यःम् स्थिर११न क्षणिक६न ।	0x01fdc033	xor zero,s11,t6
वैषम्यम् शून्यःम् क्षणिक३न स्थिर१न ।	0x009e4033	xor zero,t3,s1
वैषम्यम् शून्यःम् क्षणिक६न पुनःस्थानम्न ।	0x001fc033	xor zero,t6,ra
वैषम्यम् शून्यःम् क्षणिक६न अर्थ७न ।	0x011fc033	xor zero,t6,a7
वैषम्यम् पुनःस्थानम्म् शून्यःन क्षणिक०न ।	0x005040b3	xor ra,zero,t0
वैषम्यम् पुनःस्थानम्म् शून्यःन क्षणिक३न ।	0x01c040b3	xor ra,zero,t3
वैषम्यम् पुनःस्थानम्म् पुनःस्थानम्न स्थिर०न ।	0x0080c0b3	xor ra,ra,s0
वैषम्यम् पुनःस्थानम्म् स्तूपसूचकःन शून्यःन ।	0x000140b3	xor ra,sp,zero
वैषम्यम् पुनःस्थानम्म् स्तूपसूचकःन अर्थ०न ।	0x00a140b3	xor ra,sp,a0
वैषम्यम् पुनःस्थानम्म् क्षणिक०न स्तूपसूचकःन ।	0x0022c0b3	xor ra,t0,sp
वैषम्यम् पुनःस्थानम्म् क्षणिक०न स्थिर११न ।	0x01b2c0b3	xor ra,t0,s11
वैषम्यम् पुनःस्थानम्म् क्षणिक२न क्षणिक२न ।	0x0073c0b3	xor ra,t2,t2
वैषम्यम् पुनःस्थानम्म् क्षणिक२न क्षणिक६न ।	0x01f3c0b3	xor ra,t2,t6
वैषम्यम् पुनःस्थानम्म् स्थिर०न स्थिर१न ।	0x009440b3	xor ra,s0,s1
वैषम्यम् पुनःस्थानम्म् स्थिर१न पुनःस्थानम्न ।	0x0014c0b3	xor ra,s1,ra
वैषम्यम् पुनःस्थानम्म् स्थिर१न अर्थ७न ।	0x0114c0b3	xor ra,s1,a7
वैषम्यम् पुनःस्थानम्म् अर्थ०न क्षणिक०न ।	0x005540b3	xor ra,a0,t0
वैषम्यम् पुनःस्थानम्म् अर्थ०न क्षणिक३न ।	0x01c540b3	xor ra,a0,t3
वैषम्यम् पुनःस्थानम्म् अर्थ७न स्थिर०न ।	0x0088c0b3	xor ra,a7,s0
वैषम्यम् पुनःस्थानम्म् स्थिर११न शून्यःन ।	0x000dc0b3	xor ra,s11,zero
वैषम्यम् पुनःस्थानम्म् स्थिर११न अर्थ०न ।	0x00adc0b3	xor ra,s11,a0
वैषम्यम् पुनःस्थानम्म् क्षणिक३न स्तूपसूचकःन ।	0x002e40b3	xor ra,t3,sp
वैषम्यम् पुनःस्थानम्म् क्षणिक३न स्थिर११न ।	0x01be40b3	xor ra,t3,s11
वैषम्यम् पुनःस्थानम्म् क्षणिक६न क्षणिक२न ।	0x007fc0b3	xor ra,t6,t2
वैषम्यम् पुनःस्थानम्म् क्षणिक६न क्षणिक६न ।	0x01ffc0b3	xor ra,t6,t6
वैषम्यम् स्तूपसूचकःम् शून्यःन स्थिर१न ।	0x00904133	xor sp,zero,s1
वैषम्यम् स्तूपसूचकःम् पुनःस्थानम्न पुनःस्थानम्न ।	0x0010c133	xor sp,ra,ra
वैषम्यम् स्तूपसूचकःम् पुनःस्थानम्न अर्थ७न ।	0x0110c133	xor sp,ra,a7
वैषम्यम् स्तूपसूचकःम् स्तूपसूचकःन क्षणिक०न ।	0x00514133	xor sp,sp,t0
वैषम्यम् स्तूपसूचकःम् स्तूपसूचकःन क्षणिक३न ।	0x01c14133	xor sp,sp,t3
वैषम्यम् स्तूपसूचकःम् क्षणिक०न स्थिर०न ।	0x0082c133	xor sp,t0,s0
वैषम्यम् स्तूपसूचकःम् क्षणिक२न शून्यःन ।	0x0003c133	xor sp,t2,zero
वैषम्यम् स्तूपसूचकःम् क्षणिक२न अर्थ०न ।	0x00a3c133	xor sp,t2,a0
वैषम्यम् स्तूपसूचकःम् स्थिर०न स्तूपसूचकःन ।	0x00244133	xor sp,s0,sp
वैषम्यम् स्तूपसूचकःम् स्थिर०न स्थिर११न ।	0x01b44133	xor sp,s0,s11
वैषम्यम् स्तूपसूचकःम् स्थिर१न क्षणिक२न ।	0x0074c133	xor sp,s1,t2
वैषम्यम् स्तूपसूचकःम् स्थिर१न क्षणिक६न ।	0x01f4c133	xor sp,s1,t6
वैषम्यम् स्तूपसूचकःम् अर्थ०न स्थिर१न ।	0x00954133	xor sp,a0,s1
वैषम्यम् स्तूपसूचकःम् अर्थ७न पुनःस्थानम्न ।	0x0018c133	xor sp,a7,ra
वैषम्यम् स्तूपसूचकःम् अर्थ७न अर्थ७न ।	0x0118c133	xor sp,a7,a7
वैषम्यम् स्तूपसूचकःम् स्थिर११न क्षणिक०न ।	0x005dc133	xor sp,s11,t0
वैषम्यम् स्तूपसूचकःम् स्थिर११न क्षणिक३न ।	0x01cdc133	xor sp,s11,t3
वैषम्यम् स्तूपसूचकःम् क्षणिक३न स्थिर०न ।	0x008e4133	xor sp,t3,s0
वैषम्यम् स्तूपसूचकःम् क्षणिक६न शून्यःन ।	0x000fc133	xor sp,t6,zero
वैषम्यम् स्तूपसूचकःम् क्षणिक६न अर्थ०न ।	0x00afc133	xor sp,t6,a0
वैषम्यम् क्षणिक०म् शून्यःन स्तूपसूचकःन ।	0x002042b3	xor t0,zero,sp
वैषम्यम् क्षणिक०म् शून्यःन स्थिर११न ।	0x01b042b3	xor t0,zero,s11
वैषम्यम् क्षणिक०म् पुनःस्थानम्न क्षणिक२न ।	0x0070c2b3	xor t0,ra,t2
वैषम्यम् क्षणिक०म् पुनःस्थानम्न क्षणिक६न ।	0x01f0c2b3	xor t0,ra,t6
वैषम्यम् क्षणिक०म् स्तूपसूचकःन स्थिर१न ।	0x009142b3	xor t0,sp,s1
वैषम्यम् क्षणिक०म् क्षणिक०न पुनःस्थानम्न ।	0x0012c2b3	xor t0,t0,ra
वैषम्यम् क्षणिक०म् क्षणिक०न अर्थ७न ।	0x0112c2b3	xor t0,t0,a7
वैषम्यम् क्षणिक०म् क्षणिक२न क्षणिक०न ।	0x0053c2b3	xor t0,t2,t0
वैषम्यम् क्षणिक०म् क्षणिक२न क्षणिक३न ।	0x01c3c2b3	xor t0,t2,t3
वैषम्यम् क्षणिक०म् स्थिर०न स्थिर०न ।	0x008442b3	xor t0,s0,s0
वैषम्यम् क्षणिक०म् स्थिर१न शून्यःन ।	0x0004c2b3	xor t0,s1,zero
वैषम्यम् क्षणिक०म् स्थिर१न अर्थ०न ।	0x00a4c2b3	xor t0,s1,a0
वैषम्यम् क्षणिक०म् अर्थ०न स्तूपसूचकःन ।	0x002542b3	xor t0,a0,sp
वैषम्यम् क्षणिक०म् अर्थ०न स्थिर११न ।	0x01b542b3	xor t0,a0,s11
वैषम्यम् क्षणिक०म् अर्थ७न क्षणिक२न ।	0x0078c2b3	xor t0,a7,t2
वैषम्यम् क्षणिक०म् अर्थ७न क्षणिक६न ।	0x01f8c2b3	xor t0,a7,t6
वैषम्यम् क्षणिक०म् स्थिर११न स्थिर१न ।	0x009dc2b3	xor t0,s11,s1
वैषम्यम् क्षणिक०म् क्षणिक३न पुनःस्थानम्न ।	0x001e42b3	xor t0,t3,ra
वैषम्यम् क्षणिक०म् क्षणिक३न अर्थ७न ।	0x011e42b3	xor t0,t3,a7
वैषम्यम् क्षणिक०म् क्षणिक६न क्षणिक०न ।	0x005fc2b3	xor t0,t6,t0
वैषम्यम् क्षणिक०म् क्षणिक६न क्षणिक३न ।	0x01cfc2b3	xor t0,t6,t3
वैषम्यम् क्षणिक२म् शून्यःन स्थिर०न ।	0x008043b3	xor t2,zero,s0
वैषम्यम् क्षणिक२म् पुनःस्थानम्न शून्यःन ।	0x0000c3b3	xor t2,ra,zero
वैषम्यम् क्षणिक२म् पुनःस्थानम्न अर्थ०न ।	0x00a0c3b3	xor t2,ra,a0
वैषम्यम् क्षणिक२म् स्तूपसूचकःन स्तूपसूचकःन ।	0x002143b3	xor t2,sp,sp
वैषम्यम् क्षणिक२म् स्तूपसूचकःन स्थिर११न ।	0x01b143b3	xor t2,sp,s11
वैषम्यम् क्षणिक२म् क्षणिक०न क्षणिक२न ।	0x0072c3b3	xor t2,t0,t2
वैषम्यम् क्षणिक२म् क्षणिक०न क्षणिक६न ।	0x01f2c3b3	xor t2,t0,t6
वैषम्यम् क्षणिक२म् क्षणिक२न स्थिर१न ।	0x0093c3b3	xor t2,t2,s1
वैषम्यम् क्षणिक२म् स्थिर०न पुनःस्थानम्न ।	0x001443b3	xor t2,s0,ra
वैषम्यम् क्षणिक२म् स्थिर०न अर्थ७न ।	0x011443b3	xor t2,s0,a7
वैषम्यम् क्षणिक२म् स्थिर१न क्षणिक०न ।	0x0054c3b3	xor t2,s1,t0
वैषम्यम् क्षणिक२म् स्थिर१न क्षणिक३न ।	0x01c4c3b3	xor t2,s1,t3
वैषम्यम् क्षणिक२म् अर्थ०न स्थिर०न ।	0x008543b3	xor t2,a0,s0
वैषम्यम् क्षणिक२म् अर्थ७न शून्यःन ।	0x0008c3b3	xor t2,a7,zero
वैषम्यम् क्षणिक२म् अर्थ७न अर्थ०न ।	0x00a8c3b3	xor t2,a7,a0
वैषम्यम् क्षणिक२म् स्थिर११न स्तूपसूचकःन ।	0x002dc3b3	xor t2,s11,sp
वैषम्यम् क्षणिक२म् स्थिर११न स्थिर११न ।	0x01bdc3b3	xor t2,s11,s11
वैषम्यम् क्षणिक२म् क्षणिक३न क्षणिक२न ।	0x007e43b3	xor t2,t3,t2
वैषम्यम् क्षणिक२म् क्षणिक३न क्षणिक६न ।	0x01fe43b3	xor t2,t3,t6
वैषम्यम् क्षणिक२म् क्षणिक६न स्थिर१न ।	0x009fc3b3	xor t2,t6,s1
वैषम्यम् स्थिर०म् शून्यःन पुनःस्थानम्न ।	0x00104433	xor s0,zero,ra
वैषम्यम् स्थिर०म् शून्यःन अर्थ७न ।	0x01104433	xor s0,zero,a7
वैषम्यम् स्थिर०म् पुनःस्थानम्न क्षणिक०न ।	0x0050c433	xor s0,ra,t0
वैषम्यम् स्थिर०म् पुनःस्थानम्न क्षणिक३न ।	0x01c0c433	xor s0,ra,t3
वैषम्यम् स्थिर०म् स्तूपसूचकःन स्थिर०न ।	0x00814433	xor s0,sp,s0
वैषम्यम् स्थिर०म् क्षणिक०न शून्यःन ।	0x0002c433	xor s0,t0,zero
वैषम्यम् स्थिर०म् क्षणिक०न अर्थ०न ।	0x00a2c433	xor s0,t0,a0
वैषम्यम् स्थिर०म् क्षणिक२न स्तूपसूचकःन ।	0x0023c433	xor s0,t2,sp
वैषम्यम् स्थिर०म् क्षणिक२न स्थिर११न ।	0x01b3c433	xor s0,t2,s11
वैषम्यम् स्थिर०म् स्थिर०न क्षणिक२न ।	0x00744433	xor s0,s0,t2
वैषम्यम् स्थिर०म् स्थिर०न क्षणिक६न ।	0x01f44433	xor s0,s0,t6
वैषम्यम् स्थिर०म् स्थिर१न स्थिर१न ।	0x0094c433	xor s0,s1,s1
वैषम्यम् स्थिर०म् अर्थ०न पुनःस्थानम्न ।	0x00154433	xor s0,a0,ra
वैषम्यम् स्थिर०म् अर्थ०न अर्थ७न ।	0x01154433	xor s0,a0,a7
वैषम्यम् स्थिर०म् अर्थ७न क्षणिक०न ।	0x0058c433	xor s0,a7,t0
वैषम्यम् स्थिर०म् अर्थ७न क्षणिक३न ।	0x01c8c433	xor s0,a7,t3
वैषम्यम् स्थिर०म् स्थिर११न स्थिर०न ।	0x008dc433	xor s0,s11,s0
वैषम्यम् स्थिर०म् क्षणिक३न शून्यःन ।	0x000e4433	xor s0,t3,zero
वैषम्यम् स्थिर०म् क्षणिक३न अर्थ०न ।	0x00ae4433	xor s0,t3,a0
वैषम्यम् स्थिर०म् क्षणिक६न स्तूपसूचकःन ।	0x002fc433	xor s0,t6,sp
वैषम्यम् स्थिर०म् क्षणिक६न स्थिर११न ।	0x01bfc433	xor s0,t6,s11
वैषम्यम् स्थिर१म् शून्यःन क्षणिक२न ।	0x007044b3	xor s1,zero,t2
वैषम्यम् स्थिर१म् शून्यःन क्षणिक६न ।	0x01f044b3	xor s1,zero,t6
वैषम्यम् स्थिर१म् पुनःस्थानम्न स्थिर१न ।	0x0090c4b3	xor s1,ra,s1
वैषम्यम् स्थिर१म् स्तूपसूचकःन पुनःस्थानम्न ।	0x001144b3	xor s1,sp,ra
वैषम्यम् स्थिर१म् स्तूपसूचकःन अर्थ७न ।	0x011144b3	xor s1,sp,a7
वैषम्यम् स्थिर१म् क्षणिक०न क्षणिक०न ।	0x0052c4b3	xor s1,t0,t0
वैषम्यम् स्थिर१म् क्षणिक०न क्षणिक३न ।	0x01c2c4b3	xor s1,t0,t3
वैषम्यम् स्थिर१म् क्षणिक२न स्थिर०न ।	0x0083c4b3	xor s1,t2,s0
वैषम्यम् स्थिर१म् स्थिर०न शून्यःन ।	0x000444b3	xor s1,s0,zero
वैषम्यम् स्थिर१म् स्थिर०न अर्थ०न ।	0x00a444b3	xor s1,s0,a0
वैषम्यम् स्थिर१म् स्थिर१न स्तूपसूचकःन ।	0x0024c4b3	xor s1,s1,sp
वैषम्यम् स्थिर१म् स्थिर१न स्थिर११न ।	0x01b4c4b3	xor s1,s1,s11
वैषम्यम् स्थिर१म् अर्थ०न क्षणिक२न ।	0x007544b3	xor s1,a0,t2
वैषम्यम् स्थिर१म् अर्थ०न क्षणिक६न ।	0x01f544b3	xor s1,a0,t6
वैषम्यम् स्थिर१म् अर्थ७न स्थिर१न ।	0x0098c4b3	xor s1,a7,s1
वैषम्यम् स्थिर१म् स्थिर११न पुनःस्थानम्न ।	0x001dc4b3	xor s1,s11,ra
वैषम्यम् स्थिर१म् स्थिर११न अर्थ७न ।	0x011dc4b3	xor s1,s11,a7
वैषम्यम् स्थिर१म् क्षणिक३न क्षणिक०न ।	0x005e44b3	xor s1,t3,t0
वैषम्यम् स्थिर१म् क्षणिक३न क्षणिक३न ।	0x01ce44b3	xor s1,t3,t3
वैषम्यम् स्थिर१म् क्षणिक६न स्थिर०न ।	0x008fc4b3	xor s1,t6,s0
वैषम्यम् अर्थ०म् शून्यःन शून्यःन ।	0x00004533	xor a0,zero,zero
वैषम्यम् अर्थ०म् शून्यःन अर्थ०न ।	0x00a04533	xor a0,zero,a0
वैषम्यम् अर्थ०म् पुनःस्थानम्न स्तूपसूचकःन ।	0x0020c533	xor a0,ra,sp
वैषम्यम् अर्थ०म् पुनःस्थानम्न स्थिर११न ।	0x01b0c533	xor a0,ra,s11
वैषम्यम् अर्थ०म् स्तूपसूचकःन क्षणिक२न ।	0x00714533	xor a0,sp,t2
वैषम्यम् अर्थ०म् स्तूपसूचकःन क्षणिक६न ।	0x01f14533	xor a0,sp,t6
वैषम्यम् अर्थ०म् क्षणिक०न स्थिर१न ।	0x0092c533	xor a0,t0,s1
वैषम्यम् अर्थ०म् क्षणिक२न पुनःस्थानम्न ।	0x0013c533	xor a0,t2,ra
वैषम्यम् अर्थ०म् क्षणिक२न अर्थ७न ।	0x0113c533	xor a0,t2,a7
वैषम्यम् अर्थ०म् स्थिर०न क्षणिक०न ।	0x00544533	xor a0,s0,t0
वैषम्यम् अर्थ०म् स्थिर०न क्षणिक३न ।	0x01c44533	xor a0,s0,t3
वैषम्यम् अर्थ०म् स्थिर१न स्थिर०न ।	0x0084c533	xor a0,s1,s0
वैषम्यम् अर्थ०म् अर्थ०न शून्यःन ।	0x00054533	xor a0,a0,zero
वैषम्यम् अर्थ०म् अर्थ०न अर्थ०न ।	0x8d29	xor a0,a0,a0
वैषम्यम् अर्थ०म् अर्थ७न स्तूपसूचकःन ।	0x0028c533	xor a0,a7,sp
वैषम्यम् अर्थ०म् अर्थ७न स्थिर११न ।	0x01b8c533	xor a0,a7,s11
वैषम्यम् अर्थ०म् स्थिर११न क्षणिक२न ।	0x007dc533	xor a0,s11,t2
वैषम्यम् अर्थ०म् स्थिर११न क्षणिक६न ।	0x01fdc533	xor a0,s11,t6
वैषम्यम् अर्थ०म् क्षणिक३न स्थिर१न ।	0x009e4533	xor a0,t3,s1
वैषम्यम् अर्थ०म् क्षणिक६न पुनःस्थानम्न ।	0x001fc533	xor a0,t6,ra
वैषम्यम् अर्थ०म् क्षणिक६न अर्थ७न ।	0x011fc533	xor a0,t6,a7
वैषम्यम् अर्थ७म् शून्यःन क्षणिक०न ।	0x005048b3	xor a7,zero,t0
वैषम्यम् अर्थ७म् शून्यःन क्षणिक३न ।	0x01c048b3	xor a7,zero,t3
वैषम्यम् अर्थ७म् पुनःस्थानम्न स्थिर०न ।	0x0080c8b3	xor a7,ra,s0
वैषम्यम् अर्थ७म् स्तूपसूचकःन शून्यःन ।	0x000148b3	xor a7,sp,zero
वैषम्यम् अर्थ७म् स्तूपसूचकःन अर्थ०न ।	0x00a148b3	xor a7,sp,a0
वैषम्यम् अर्थ७म् क्षणिक०न स्तूपसूचकःन ।	0x0022c8b3	xor a7,t0,sp
वैषम्यम् अर्थ७म् क्षणिक०न स्थिर११न ।	0x01b2c8b3	xor a7,t0,s11
वैषम्यम् अर्थ७म् क्षणिक२न क्षणिक२न ।	0x0073c8b3	xor a7,t2,t2
वैषम्यम् अर्थ७म् क्षणिक२न क्षणिक६न ।	0x01f3c8b3	xor a7,t2,t6
वैषम्यम् अर्थ७म् स्थिर०न स्थिर१न ।	0x009448b3	xor a7,s0,s1
वैषम्यम् अर्थ७म् स्थिर१न पुनःस्थानम्न ।	0x0014c8b3	xor a7,s1,ra
वैषम्यम् अर्थ७म् स्थिर१न अर्थ७न ।	0x0114c8b3	xor a7,s1,a7
वैषम्यम् अर्थ७म् अर्थ०न क्षणिक०न ।	0x005548b3	xor a7,a0,t0
वैषम्यम् अर्थ७म् अर्थ०न क्षणिक३न ।	0x01c548b3	xor a7,a0,t3
वैषम्यम् अर्थ७म् अर्थ७न स्थिर०न ।	0x0088c8b3	xor a7,a7,s0
वैषम्यम् अर्थ७म् स्थिर११न शून्यःन ।	0x000dc8b3	xor a7,s11,zero
वैषम्यम् अर्थ७म् स्थिर११न अर्थ०न ।	0x00adc8b3	xor a7,s11,a0
वैषम्यम् अर्थ७म् क्षणिक३न स्तूपसूचकःन ।	0x002e48b3	xor a7,t3,sp
वैषम्यम् अर्थ७म् क्षणिक३न स्थिर११न ।	0x01be48b3	xor a7,t3,s11
वैषम्यम् अर्थ७म् क्षणिक६न क्षणिक२न ।	0x007fc8b3	xor a7,t6,t2
वैषम्यम् अर्थ७म् क्षणिक६न क्षणिक६न ।	0x01ffc8b3	xor a7,t6,t6
वैषम्यम् स्थिर११म् शून्यःन स्थिर१न ।	0x00904db3	xor s11,zero,s1
वैषम्यम् स्थिर११म् पुनःस्थानम्न पुनःस्थानम्न ।	0x0010cdb3	xor s11,ra,ra
वैषम्यम् स्थिर११म् पुनःस्थानम्न अर्थ७न ।	0x0110cdb3	xor s11,ra,a7
वैषम्यम् स्थिर११म् स्तूपसूचकःन क्षणिक०न ।	0x00514db3	xor s11,sp,t0
वैषम्यम् स्थिर११म् स्तूपसूचकःन क्षणिक३न ।	0x01c14db3	xor s11,sp,t3
वैषम्यम् स्थिर११म् क्षणिक०न स्थिर०न ।	0x0082cdb3	xor s11,t0,s0
वैषम्यम् स्थिर११म् क्षणिक२न शून्यःन ।	0x0003cdb3	xor s11,t2,zero
वैषम्यम् स्थिर११म् क्षणिक२न अर्थ०न ।	0x00a3cdb3	xor s11,t2,a0
वैषम्यम् स्थिर११म् स्थिर०न स्तूपसूचकःन ।	0x00244db3	xor s11,s0,sp
वैषम्यम् स्थिर११म् स्थिर०न स्थिर११न ।	0x01b44db3	xor s11,s0,s11
वैषम्यम् स्थिर११म् स्थिर१न क्षणिक२न ।	0x0074cdb3	xor s11,s1,t2
वैषम्यम् स्थिर११म् स्थिर१न क्षणिक६न ।	0x01f4cdb3	xor s11,s1,t6
वैषम्यम् स्थिर११म् अर्थ०न स्थिर१न ।	0x00954db3	xor s11,a0,s1
वैषम्यम् स्थिर११म् अर्थ७न पुनःस्थानम्न ।	0x0018cdb3	xor s11,a7,ra
वैषम्यम् स्थिर११म् अर्थ७न अर्थ७न ।	0x0118cdb3	xor s11,a7,a7
वैषम्यम् स्थिर११म् स्थिर११न क्षणिक०न ।	0x005dcdb3	xor s11,s11,t0
वैषम्यम् स्थिर११म् स्थिर११न क्षणिक३न ।	0x01cdcdb3	xor s11,s11,t3
वैषम्यम् स्थिर११म् क्षणिक३न स्थिर०न ।	0x008e4db3	xor s11,t3,s0
वैषम्यम् स्थिर११म् क्षणिक६न शून्यःन ।	0x000fcdb3	xor s11,t6,zero
वैषम्यम् स्थिर११म् क्षणिक६न अर्थ०न ।	0x00afcdb3	xor s11,t6,a0
वैषम्यम् क्षणिक३म् शून्यःन स्तूपसूचकःन ।	0x00204e33	xor t3,zero,sp
वैषम्यम् क्षणिक३म् शून्यःन स्थिर११न ।	0x01b04e33	xor t3,zero,s11
वैषम्यम् क्षणिक३म् पुनःस्थानम्न क्षणिक२न ।	0x0070ce33	xor t3,ra,t2
वैषम्यम् क्षणिक३म् पुनःस्थानम्न क्षणिक६न ।	0x01f0ce33	xor t3,ra,t6
वैषम्यम् क्षणिक३म् स्तूपसूचकःन स्थिर१न ।	0x00914e33	xor t3,sp,s1
वैषम्यम् क्षणिक३म् क्षणिक०न पुनःस्थानम्न ।	0x0012ce33	xor t3,t0,ra
वैषम्यम् क्षणिक३म् क्षणिक०न अर्थ७न ।	0x0112ce33	xor t3,t0,a7
वैषम्यम् क्षणिक३म् क्षणिक२न क्षणिक०न ।	0x0053ce33	xor t3,t2,t0
वैषम्यम् क्षणिक३म् क्षणिक२न क्षणिक३न ।	0x01c3ce33	xor t3,t2,t3
वैषम्यम् क्षणिक३म् स्थिर०न स्थिर०न ।	0x00844e33	xor t3,s0,s0
वैषम्यम् क्षणिक३म् स्थिर१न शून्यःन ।	0x0004ce33	xor t3,s1,zero
वैषम्यम् क्षणिक३म् स्थिर१न अर्थ०न ।	0x00a4ce33	xor t3,s1,a0
वैषम्यम् क्षणिक३म् अर्थ०न स्तूपसूचकःन ।	0x00254e33	xor t3,a0,sp
वैषम्यम् क्षणिक३म् अर्थ०न स्थिर११न ।	0x01b54e33	xor t3,a0,s11
वैषम्यम् क्षणिक३म् अर्थ७न क्षणिक२न ।	0x0078ce33	xor t3,a7,t2
वैषम्यम् क्षणिक३म् अर्थ७न क्षणिक६न ।	0x01f8ce33	xor t3,a7,t6
वैषम्यम् क्षणिक३म् स्थिर११न स्थिर१न ।	0x009dce33	xor t3,s11,s1
वैषम्यम् क्षणिक३म् क्षणिक३न पुनःस्थानम्न ।	0x001e4e33	xor t3,t3,ra
वैषम्यम् क्षणिक३म् क्षणिक३न अर्थ७न ।	0x011e4e33	xor t3,t3,a7
वैषम्यम् क्षणिक३म् क्षणिक६न क्षणिक०न ।	0x005fce33	xor t3,t6,t0
वैषम्यम् क्षणिक३म् क्षणिक६न क्षणिक३न ।	0x01cfce33	xor t3,t6,t3
वैषम्यम् क्षणिक६म् शून्यःन स्थिर०न ।	0x00804fb3	xor t6,zero,s0
वैषम्यम् क्षणिक६म् पुनःस्थानम्न शून्यःन ।	0x0000cfb3	xor t6,ra,zero
वैषम्यम् क्षणिक६म् पुनःस्थानम्न अर्थ०न ।	0x00a0cfb3	xor t6,ra,a0
वैषम्यम् क्षणिक६म् स्तूपसूचकःन स्तूपसूचकःन ।	0x00214fb3	xor t6,sp,sp
वैषम्यम् क्षणिक६म् स्तूपसूचकःन स्थिर११न ।	0x01b14fb3	xor t6,sp,s11
वैषम्यम् क्षणिक६म् क्षणिक०न क्षणिक२न ।	0x0072cfb3	xor t6,t0,t2
वैषम्यम् क्षणिक६म् क्षणिक०न क्षणिक६न ।	0x01f2cfb3	xor t6,t0,t6
वैषम्यम् क्षणिक६म् क्षणिक२न स्थिर१न ।	0x0093cfb3	xor t6,t2,s1
वैषम्यम् क्षणिक६म् स्थिर०न पुनःस्थानम्न ।	0x00144fb3	xor t6,s0,ra
वैषम्यम् क्षणिक६म् स्थिर०न अर्थ७न ।	0x01144fb3	xor t6,s0,a7
वैषम्यम् क्षणिक६म् स्थिर१न क्षणिक०न ।	0x0054cfb3	xor t6,s1,t0
वैषम्यम् क्षणिक६म् स्थिर१न क्षणिक३न ।	0x01c4cfb3	xor t6,s1,t3
वैषम्यम् क्षणिक६म् अर्थ०न स्थिर०न ।	0x00854fb3	xor t6,a0,s0
वैषम्यम् क्षणिक६म् अर्थ७न शून्यःन ।	0x0008cfb3	xor t6,a7,zero
वैषम्यम् क्षणिक६म् अर्थ७न अर्थ०न ।	0x00a8cfb3	xor t6,a7,a0
वैषम्यम् क्षणिक६म् स्थिर११न स्तूपसूचकःन ।	0x002dcfb3	xor t6,s11,sp
वैषम्यम् क्षणिक६म् स्थिर११न स्थिर११न ।	0x01bdcfb3	xor t6,s11,s11
वैषम्यम् क्षणिक६म् क्षणिक३न क्षणिक२न ।	0x007e4fb3	xor t6,t3,t2
वैषम्यम् क्षणिक६म् क्षणिक३न क्षणिक६न ।	0x01fe4fb3	xor t6,t3,t6
वैषम्यम् क्षणिक६म् क्षणिक६न स्थिर१न ।	0x009fcfb3	xor t6,t6,s1
वामसरणम् शून्यःम् शून्यःन शून्यःन ।	0x00001033	sll zero,zero,zero
वामसरणम् शून्यःम् शून्यःन अर्थ०न ।	0x00a01033	sll zero,zero,a0
वामसरणम् शून्यःम् पुनःस्थानम्न स्तूपसूचकःन ।	0x00209033	sll zero,ra,sp
वामसरणम् शून्यःम् पुनःस्थानम्न स्थिर११न ।	0x01b09033	sll zero,ra,s11
वामसरणम् शून्यःम् स्तूपसूचकःन क्षणिक२न ।	0x00711033	sll zero,sp,t2
वामसरणम् शून्यःम् स्तूपसूचकःन क्षणिक६न ।	0x01f11033	sll zero,sp,t6
वामसरणम् शून्यःम् क्षणिक०न स्थिर१न ।	0x00929033	sll zero,t0,s1
वामसरणम् शून्यःम् क्षणिक२न पुनःस्थानम्न ।	0x00139033	sll zero,t2,ra
वामसरणम् शून्यःम् क्षणिक२न अर्थ७न ।	0x01139033	sll zero,t2,a7
वामसरणम् शून्यःम् स्थिर०न क्षणिक०न ।	0x00541033	sll zero,s0,t0
वामसरणम् शून्यःम् स्थिर०न क्षणिक३न ।	0x01c41033	sll zero,s0,t3
वामसरणम् शून्यःम् स्थिर१न स्थिर०न ।	0x00849033	sll zero,s1,s0
वामसरणम् शून्यःम् अर्थ०न शून्यःन ।	0x00051033	sll zero,a0,zero
वामसरणम् शून्यःम् अर्थ०न अर्थ०न ।	0x00a51033	sll zero,a0,a0
वामसरणम् शून्यःम् अर्थ७न स्तूपसूचकःन ।	0x00289033	sll zero,a7,sp
वामसरणम् शून्यःम् अर्थ७न स्थिर११न ।	0x01b89033	sll zero,a7,s11
वामसरणम् शून्यःम् स्थिर११न क्षणिक२न ।	0x007d9033	sll zero,s11,t2
वामसरणम् शून्यःम् स्थिर११न क्षणिक६न ।	0x01fd9033	sll zero,s11,t6
वामसरणम् शून्यःम् क्षणिक३न स्थिर१न ।	0x009e1033	sll zero,t3,s1
वामसरणम् शून्यःम् क्षणिक६न पुनःस्थानम्न ।	0x001f9033	sll zero,t6,ra
वामसरणम् शून्यःम् क्षणिक६न अर्थ७न ।	0x011f9033	sll zero,t6,a7
वामसरणम् पुनःस्थानम्म् शून्यःन क्षणिक०न ।	0x005010b3	sll ra,zero,t0
वामसरणम् पुनःस्थानम्म् शून्यःन क्षणिक३न ।	0x01c010b3	sll ra,zero,t3
वामसरणम् पुनःस्थानम्म् पुनःस्थानम्न स्थिर०न ।	0x008090b3	sll ra,ra,s0
वामसरणम् पुनःस्थानम्म् स्तूपसूचकःन शून्यःन ।	0x000110b3	sll ra,sp,zero
वामसरणम् पुनःस्थानम्म् स्तूपसूचकःन अर्थ०न ।	0x00a110b3	sll ra,sp,a0
वामसरणम् पुनःस्थानम्म् क्षणिक०न स्तूपसूचकःन ।	0x002290b3	sll ra,t0,sp
वामसरणम् पुनःस्थानम्म् क्षणिक०न स्थिर११न ।	0x01b290b3	sll ra,t0,s11
वामसरणम् पुनःस्थानम्म् क्षणिक२न क्षणिक२न ।	0x007390b3	sll ra,t2,t2
वामसरणम् पुनःस्थानम्म् क्षणिक२न क्षणिक६न ।	0x01f390b3	sll ra,t2,t6
वामसरणम् पुनःस्थानम्म् स्थिर०न स्थिर१न ।	0x009410b3	sll ra,s0,s1
वामसरणम् पुनःस्थानम्म् स्थिर१न पुनःस्थानम्न ।	0x001490b3	sll ra,s1,ra
वामसरणम् पुनःस्थानम्म् स्थिर१न अर्थ७न ।	0x011490b3	sll ra,s1,a7
वामसरणम् पुनःस्थानम्म् अर्थ०न क्षणिक०न ।	0x005510b3	sll ra,a0,t0
वामसरणम् पुनःस्थानम्म् अर्थ०न क्षणिक३न ।	0x01c510b3	sll ra,a0,t3
वामसरणम् पुनःस्थानम्म् अर्थ७न स्थिर०न ।	0x008890b3	sll ra,a7,s0
वामसरणम् पुनःस्थानम्म् स्थिर११न शून्यःन ।	0x000d90b3	sll ra,s11,zero
वामसरणम् पुनःस्थानम्म् स्थिर११न अर्थ०न ।	0x00ad90b3	sll ra,s11,a0
वामसरणम् पुनःस्थानम्म् क्षणिक३न स्तूपसूचकःन ।	0x002e10b3	sll ra,t3,sp
वामसरणम् पुनःस्थानम्म् क्षणिक३न स्थिर११न ।	0x01be10b3	sll ra,t3,s11
वामसरणम् पुनःस्थानम्म् क्षणिक६न क्षणिक२न ।	0x007f90b3	sll ra,t6,t2
वामसरणम् पुनःस्थानम्म् क्षणिक६न क्षणिक६न ।	0x01ff90b3	sll ra,t6,t6
वामसरणम् स्तूपसूचकःम् शून्यःन स्थिर१न ।	0x00901133	sll sp,zero,s1
वामसरणम् स्तूपसूचकःम् पुनःस्थानम्न पुनःस्थानम्न ।	0x00109133	sll sp,ra,ra
वामसरणम् स्तूपसूचकःम् पुनःस्थानम्न अर्थ७न ।	0x01109133	sll sp,ra,a7
वामसरणम् स्तूपसूचकःम् स्तूपसूचकःन क्षणिक०न ।	0x00511133	sll sp,sp,t0
वामसरणम् स्तूपसूचकःम् स्तूपसूचकःन क्षणिक३न ।	0x01c11133	sll sp,sp,t3
वामसरणम् स्तूपसूचकःम् क्षणिक०न स्थिर०न ।	0x00829133	sll sp,t0,s0
वामसरणम् स्तूपसूचकःम् क्षणिक२न शून्यःन ।	0x00039133	sll sp,t2,zero
वामसरणम् स्तूपसूचकःम् क्षणिक२न अर्थ०न ।	0x00a39133	sll sp,t2,a0
वामसरणम् स्तूपसूचकःम् स्थिर०न स्तूपसूचकःन ।	0x00241133	sll sp,s0,sp
वामसरणम् स्तूपसूचकःम् स्थिर०न स्थिर११न ।	0x01b41133	sll sp,s0,s11
वामसरणम् स्तूपसूचकःम् स्थिर१न क्षणिक२न ।	0x00749133	sll sp,s1,t2
वामसरणम् स्तूपसूचकःम् स्थिर१न क्षणिक६न ।	0x01f49133	sll sp,s1,t6
वामसरणम् स्तूपसूचकःम् अर्थ०न स्थिर१न ।	0x00951133	sll sp,a0,s1
वामसरणम् स्तूपसूचकःम् अर्थ७न पुनःस्थानम्न ।	0x00189133	sll sp,a7,ra
वामसरणम् स्तूपसूचकःम् अर्थ७न अर्थ७न ।	0x01189133	sll sp,a7,a7
वामसरणम् स्तूपसूचकःम् स्थिर११न क्षणिक०न ।	0x005d9133	sll sp,s11,t0
वामसरणम् स्तूपसूचकःम् स्थिर११न क्षणिक३न ।	0x01cd9133	sll sp,s11,t3
वामसरणम् स्तूपसूचकःम् क्षणिक३न स्थिर०न ।	0x008e1133	sll sp,t3,s0
वामसरणम् स्तूपसूचकःम् क्षणिक६न शून्यःन ।	0x000f9133	sll sp,t6,zero
वामसरणम् स्तूपसूचकःम् क्षणिक६न अर्थ०न ।	0x00af9133	sll sp,t6,a0
वामसरणम् क्षणिक०म् शून्यःन स्तूपसूचकःन ।	0x002012b3	sll t0,zero,sp
वामसरणम् क्षणिक०म् शून्यःन स्थिर११न ।	0x01b012b3	sll t0,zero,s11
वामसरणम् क्षणिक०म् पुनःस्थानम्न क्षणिक२न ।	0x007092b3	sll t0,ra,t2
वामसरणम् क्षणिक०म् पुनःस्थानम्न क्षणिक६न ।	0x01f092b3	sll t0,ra,t6
वामसरणम् क्षणिक०म् स्तूपसूचकःन स्थिर१न ।	0x009112b3	sll t0,sp,s1
वामसरणम् क्षणिक०म् क्षणिक०न पुनःस्थानम्न ।	0x001292b3	sll t0,t0,ra
वामसरणम् क्षणिक०म् क्षणिक०न अर्थ७न ।	0x011292b3	sll t0,t0,a7
वामसरणम् क्षणिक०म् क्षणिक२न क्षणिक०न ।	0x005392b3	sll t0,t2,t0
वामसरणम् क्षणिक०म् क्षणिक२न क्षणिक३न ।	0x01c392b3	sll t0,t2,t3
वामसरणम् क्षणिक०म् स्थिर०न स्थिर०न ।	0x008412b3	sll t0,s0,s0
वामसरणम् क्षणिक०म् स्थिर१न शून्यःन ।	0x000492b3	sll t0,s1,zero
वामसरणम् क्षणिक०म् स्थिर१न अर्थ०न ।	0x00a492b3	sll t0,s1,a0
वामसरणम् क्षणिक०म् अर्थ०न स्तूपसूचकःन ।	0x002512b3	sll t0,a0,sp
वामसरणम् क्षणिक०म् अर्थ०न स्थिर११न ।	0x01b512b3	sll t0,a0,s11
वामसरणम् क्षणिक०म् अर्थ७न क्षणिक२न ।	0x007892b3	sll t0,a7,t2
वामसरणम् क्षणिक०म् अर्थ७न क्षणिक६न ।	0x01f892b3	sll t0,a7,t6
वामसरणम् क्षणिक०म् स्थिर११न स्थिर१न ।	0x009d92b3	sll t0,s11,s1
वामसरणम् क्षणिक०म् क्षणिक३न पुनःस्थानम्न ।	0x001e12b3	sll t0,t3,ra
वामसरणम् क्षणिक०म् क्षणिक३न अर्थ७न ।	0x011e12b3	sll t0,t3,a7
वामसरणम् क्षणिक०म् क्षणिक६न क्षणिक०न ।	0x005f92b3	sll t0,t6,t0
वामसरणम् क्षणिक०म् क्षणिक६न क्षणिक३न ।	0x01cf92b3	sll t0,t6,t3
वामसरणम् क्षणिक२म् शून्यःन स्थिर०न ।	0x008013b3	sll t2,zero,s0
वामसरणम् क्षणिक२म् पुनःस्थानम्न शून्यःन ।	0x000093b3	sll t2,ra,zero
वामसरणम् क्षणिक२म् पुनःस्थानम्न अर्थ०न ।	0x00a093b3	sll t2,ra,a0
वामसरणम् क्षणिक२म् स्तूपसूचकःन स्तूपसूचकःन ।	0x002113b3	sll t2,sp,sp
वामसरणम् क्षणिक२म् स्तूपसूचकःन स्थिर११न ।	0x01b113b3	sll t2,sp,s11
वामसरणम् क्षणिक२म् क्षणिक०न क्षणिक२न ।	0x007293b3	sll t2,t0,t2
वामसरणम् क्षणिक२म् क्षणिक०न क्षणिक६न ।	0x01f293b3	sll t2,t0,t6
वामसरणम् क्षणिक२म् क्षणिक२न स्थिर१न ।	0x009393b3	sll t2,t2,s1
वामसरणम् क्षणिक२म् स्थिर०न पुनःस्थानम्न ।	0x001413b3	sll t2,s0,ra
वामसरणम् क्षणिक२म् स्थिर०न अर्थ७न ।	0x011413b3	sll t2,s0,a7
वामसरणम् क्षणिक२म् स्थिर१न क्षणिक०न ।	0x005493b3	sll t2,s1,t0
वामसरणम् क्षणिक२म् स्थिर१न क्षणिक३न ।	0x01c493b3	sll t2,s1,t3
वामसरणम् क्षणिक२म् अर्थ०न स्थिर०न ।	0x008513b3	sll t2,a0,s0
वामसरणम् क्षणिक२म् अर्थ७न शून्यःन ।	0x000893b3	sll t2,a7,zero
वामसरणम् क्षणिक२म् अर्थ७न अर्थ०न ।	0x00a893b3	sll t2,a7,a0
वामसरणम् क्षणिक२म् स्थिर११न स्तूपसूचकःन ।	0x002d93b3	sll t2,s11,sp
वामसरणम् क्षणिक२म् स्थिर११न स्थिर११न ।	0x01bd93b3	sll t2,s11,s11
वामसरणम् क्षणिक२म् क्षणिक३न क्षणिक२न ।	0x007e13b3	sll t2,t3,t2
वामसरणम् क्षणिक२म् क्षणिक३न क्षणिक६न ।	0x01fe13b3	sll t2,t3,t6
वामसरणम् क्षणिक२म् क्षणिक६न स्थिर१न ।	0x009f93b3	sll t2,t6,s1
वामसरणम् स्थिर०म् शून्यःन पुनःस्थानम्न ।	0x00101433	sll s0,zero,ra
वामसरणम् स्थिर०म् शून्यःन अर्थ७न ।	0x01101433	sll s0,zero,a7
वामसरणम् स्थिर०म् पुनःस्थानम्न क्षणिक०न ।	0x00509433	sll s0,ra,t0
वामसरणम् स्थिर०म् पुनःस्थानम्न क्षणिक३न ।	0x01c09433	sll s0,ra,t3
वामसरणम् स्थिर०म् स्तूपसूचकःन स्थिर०न ।	0x00811433	sll s0,sp,s0
वामसरणम् स्थिर०म् क्षणिक०न शून्यःन ।	0x00029433	sll s0,t0,zero
वामसरणम् स्थिर०म् क्षणिक०न अर्थ०न ।	0x00a29433	sll s0,t0,a0
वामसरणम् स्थिर०म् क्षणिक२न स्तूपसूचकःन ।	0x00239433	sll s0,t2,sp
वामसरणम् स्थिर०म् क्षणिक२न स्थिर११न ।	0x01b39433	sll s0,t2,s11
वामसरणम् स्थिर०म् स्थिर०न क्षणिक२न ।	0x00741433	sll s0,s0,t2
वामसरणम् स्थिर०म् स्थिर०न क्षणिक६न ।	0x01f41433	sll s0,s0,t6
वामसरणम् स्थिर०म् स्थिर१न स्थिर१न ।	0x00949433	sll s0,s1,s1
वामसरणम् स्थिर०म् अर्थ०न पुनःस्थानम्न ।	0x00151433	sll s0,a0,ra
वामसरणम् स्थिर०म् अर्थ०न अर्थ७न ।	0x01151433	sll s0,a0,a7
वामसरणम् स्थिर०म् अर्थ७न क्षणिक०न ।	0x00589433	sll s0,a7,t0
वामसरणम् स्थिर०म् अर्थ७न क्षणिक३न ।	0x01c89433	sll s0,a7,t3
वामसरणम् स्थिर०म् स्थिर११न स्थिर०न ।	0x008d9433	sll s0,s11,s0
वामसरणम् स्थिर०म् क्षणिक३न शून्यःन ।	0x000e1433	sll s0,t3,zero
वामसरणम् स्थिर०म् क्षणिक३न अर्थ०न ।	0x00ae1433	sll s0,t3,a0
वामसरणम् स्थिर०म् क्षणिक६न स्तूपसूचकःन ।	0x002f9433	sll s0,t6,sp
वामसरणम् स्थिर०म् क्षणिक६न स्थिर११न ।	0x01bf9433	sll s0,t6,s11
वामसरणम् स्थिर१म् शून्यःन क्षणिक२न ।	0x007014b3	sll s1,zero,t2
वामसरणम् स्थिर१म् शून्यःन क्षणिक६न ।	0x01f014b3	sll s1,zero,t6
वामसरणम् स्थिर१म् पुनःस्थानम्न स्थिर१न ।	0x009094b3	sll s1,ra,s1
वामसरणम् स्थिर१म् स्तूपसूचकःन पुनःस्थानम्न ।	0x001114b3	sll s1,sp,ra
वामसरणम् स्थिर१म् स्तूपसूचकःन अर्थ७न ।	0x011114b3	sll s1,sp,a7
वामसरणम् स्थिर१म् क्षणिक०न क्षणिक०न ।	0x005294b3	sll s1,t0,t0
वामसरणम् स्थिर१म् क्षणिक०न क्षणिक३न ।	0x01c294b3	sll s1,t0,t3
वामसरणम् स्थिर१म् क्षणिक२न स्थिर०न ।	0x008394b3	sll s1,t2,s0
वामसरणम् स्थिर१म् स्थिर०न शून्यःन ।	0x000414b3	sll s1,s0,zero
वामसरणम् स्थिर१म् स्थिर०न अर्थ०न ।	0x00a414b3	sll s1,s0,a0
वामसरणम् स्थिर१म् स्थिर१न स्तूपसूचकःन ।	0x002494b3	sll s1,s1,sp
वामसरणम् स्थिर१म् स्थिर१न स्थिर११न ।	0x01b494b3	sll s1,s1,s11
वामसरणम् स्थिर१म् अर्थ०न क्षणिक२न ।	0x007514b3	sll s1,a0,t2
वामसरणम् स्थिर१म् अर्थ०न क्षणिक६न ।	0x01f514b3	sll s1,a0,t6
वामसरणम् स्थिर१म् अर्थ७न स्थिर१न ।	0x009894b3	sll s1,a7,s1
वामसरणम् स्थिर१म् स्थिर११न पुनःस्थानम्न ।	0x001d94b3	sll s1,s11,ra
वामसरणम् स्थिर१म् स्थिर११न अर्थ७न ।	0x011d94b3	sll s1,s11,a7
वामसरणम् स्थिर१म् क्षणिक३न क्षणिक०न ।	0x005e14b3	sll s1,t3,t0
वामसरणम् स्थिर१म् क्षणिक३न क्षणिक३न ।	0x01ce14b3	sll s1,t3,t3
वामसरणम् स्थिर१म् क्षणिक६न स्थिर०न ।	0x008f94b3	sll s1,t6,s0
वामसरणम् अर्थ०म् शून्यःन शून्यःन ।	0x00001533	sll a0,zero,zero
वामसरणम् अर्थ०म् शून्यःन अर्थ०न ।	0x00a01533	sll a0,zero,a0
वामसरणम् अर्थ०म् पुनःस्थानम्न स्तूपसूचकःन ।	0x00209533	sll a0,ra,sp
वामसरणम् अर्थ०म् पुनःस्थानम्न स्थिर११न ।	0x01b09533	sll a0,ra,s11
वामसरणम् अर्थ०म् स्तूपसूचकःन क्षणिक२न ।	0x00711533	sll a0,sp,t2
वामसरणम् अर्थ०म् स्तूपसूचकःन क्षणिक६न ।	0x01f11533	sll a0,sp,t6
वामसरणम् अर्थ०म् क्षणिक०न स्थिर१न ।	0x00929533	sll a0,t0,s1
वामसरणम् अर्थ०म् क्षणिक२न पुनःस्थानम्न ।	0x00139533	sll a0,t2,ra
वामसरणम् अर्थ०म् क्षणिक२न अर्थ७न ।	0x01139533	sll a0,t2,a7
वामसरणम् अर्थ०म् स्थिर०न क्षणिक०न ।	0x00541533	sll a0,s0,t0
वामसरणम् अर्थ०म् स्थिर०न क्षणिक३न ।	0x01c41533	sll a0,s0,t3
वामसरणम् अर्थ०म् स्थिर१न स्थिर०न ।	0x00849533	sll a0,s1,s0
वामसरणम् अर्थ०म् अर्थ०न शून्यःन ।	0x00051533	sll a0,a0,zero
वामसरणम् अर्थ०म् अर्थ०न अर्थ०न ।	0x00a51533	sll a0,a0,a0
वामसरणम् अर्थ०म् अर्थ७न स्तूपसूचकःन ।	0x00289533	sll a0,a7,sp
वामसरणम् अर्थ०म् अर्थ७न स्थिर११न ।	0x01b89533	sll a0,a7,s11
वामसरणम् अर्थ०म् स्थिर११न क्षणिक२न ।	0x007d9533	sll a0,s11,t2
वामसरणम् अर्थ०म् स्थिर११न क्षणिक६न ।	0x01fd9533	sll a0,s11,t6
वामसरणम् अर्थ०म् क्षणिक३न स्थिर१न ।	0x009e1533	sll a0,t3,s1
वामसरणम् अर्थ०म् क्षणिक६न पुनःस्थानम्न ।	0x001f9533	sll a0,t6,ra
वामसरणम् अर्थ०म् क्षणिक६न अर्थ७न ।	0x011f9533	sll a0,t6,a7
वामसरणम् अर्थ७म् शून्यःन क्षणिक०न ।	0x005018b3	sll a7,zero,t0
वामसरणम् अर्थ७म् शून्यःन क्षणिक३न ।	0x01c018b3	sll a7,zero,t3
वामसरणम् अर्थ७म् पुनःस्थानम्न स्थिर०न ।	0x008098b3	sll a7,ra,s0
वामसरणम् अर्थ७म् स्तूपसूचकःन शून्यःन ।	0x000118b3	sll a7,sp,zero
वामसरणम् अर्थ७म् स्तूपसूचकःन अर्थ०न ।	0x00a118b3	sll a7,sp,a0
वामसरणम् अर्थ७म् क्षणिक०न स्तूपसूचकःन ।	0x002298b3	sll a7,t0,sp
वामसरणम् अर्थ७म् क्षणिक०न स्थिर११न ।	0x01b298b3	sll a7,t0,s11
वामसरणम् अर्थ७म् क्षणिक२न क्षणिक२न ।	0x007398b3	sll a7,t2,t2
वामसरणम् अर्थ७म् क्षणिक२न क्षणिक६न ।	0x01f398b3	sll a7,t2,t6
वामसरणम् अर्थ७म् स्थिर०न स्थिर१न ।	0x009418b3	sll a7,s0,s1
वामसरणम् अर्थ७म् स्थिर१न पुनःस्थानम्न ।	0x001498b3	sll a7,s1,ra
वामसरणम् अर्थ७म् स्थिर१न अर्थ७न ।	0x011498b3	sll a7,s1,a7
वामसरणम् अर्थ७म् अर्थ०न क्षणिक०न ।	0x005518b3	sll a7,a0,t0
वामसरणम् अर्थ७म् अर्थ०न क्षणिक३न ।	0x01c518b3	sll a7,a0,t3
वामसरणम् अर्थ७म् अर्थ७न स्थिर०न ।	0x008898b3	sll a7,a7,s0
वामसरणम् अर्थ७म् स्थिर११न शून्यःन ।	0x000d98b3	sll a7,s11,zero
वामसरणम् अर्थ७म् स्थिर११न अर्थ०न ।	0x00ad98b3	sll a7,s11,a0
वामसरणम् अर्थ७म् क्षणिक३न स्तूपसूचकःन ।	0x002e18b3	sll a7,t3,sp
वामसरणम् अर्थ७म् क्षणिक३न स्थिर११न ।	0x01be18b3	sll a7,t3,s11
वामसरणम् अर्थ७म् क्षणिक६न क्षणिक२न ।	0x007f98b3	sll a7,t6,t2
वामसरणम् अर्थ७म् क्षणिक६न क्षणिक६न ।	0x01ff98b3	sll a7,t6,t6
वामसरणम् स्थिर११म् शून्यःन स्थिर१न ।	0x00901db3	sll s11,zero,s1
वामसरणम् स्थिर११म् पुनःस्थानम्न पुनःस्थानम्न ।	0x00109db3	sll s11,ra,ra
वामसरणम् स्थिर११म् पुनःस्थानम्न अर्थ७न ।	0x01109db3	sll s11,ra,a7
वामसरणम् स्थिर११म् स्तूपसूचकःन क्षणिक०न ।	0x00511db3	sll s11,sp,t0
वामसरणम् स्थिर११म् स्तूपसूचकःन क्षणिक३न ।	0x01c11db3	sll s11,sp,t3
वामसरणम् स्थिर११म् क्षणिक०न स्थिर०न ।	0x00829db3	sll s11,t0,s0
वामसरणम् स्थिर११म् क्षणिक२न शून्यःन ।	0x00039db3	sll s11,t2,zero
वामसरणम् स्थिर११म् क्षणिक२न अर्थ०न ।	0x00a39db3	sll s11,t2,a0
वामसरणम् स्थिर११म् स्थिर०न स्तूपसूचकःन ।	0x00241db3	sll s11,s0,sp
वामसरणम् स्थिर११म् स्थिर०न स्थिर११न ।	0x01b41db3	sll s11,s0,s11
वामसरणम् स्थिर११म् स्थिर१न क्षणिक२न ।	0x00749db3	sll s11,s1,t2
वामसरणम् स्थिर११म् स्थिर१न क्षणिक६न ।	0x01f49db3	sll s11,s1,t6
वामसरणम् स्थिर११म् अर्थ०न स्थिर१न ।	0x00951db3	sll s11,a0,s1
वामसरणम् स्थिर११म् अर्थ७न पुनःस्थानम्न ।	0x00189db3	sll s11,a7,ra
वामसरणम् स्थिर११म् अर्थ७न अर्थ७न ।	0x01189db3	sll s11,a7,a7
वामसरणम् स्थिर११म् स्थिर११न क्षणिक०न ।	0x005d9db3	sll s11,s11,t0
वामसरणम् स्थिर११म् स्थिर११न क्षणिक३न ।	0x01cd9db3	sll s11,s11,t3
वामसरणम् स्थिर११म् क्षणिक३न स्थिर०न ।	0x008e1db3	sll s11,t3,s0
वामसरणम् स्थिर११म् क्षणिक६न शून्यःन ।	0x000f9db3	sll s11,t6,zero
वामसरणम् स्थिर११म् क्षणिक६न अर्थ०न ।	0x00af9db3	sll s11,t6,a0
वामसरणम् क्षणिक३म् शून्यःन स्तूपसूचकःन ।	0x00201e33	sll t3,zero,sp
वामसरणम् क्षणिक३म् शून्यःन स्थिर११न ।	0x01b01e33	sll t3,zero,s11
वामसरणम् क्षणिक३म् पुनःस्थानम्न क्षणिक२न ।	0x00709e33	sll t3,ra,t2
वामसरणम् क्षणिक३म् पुनःस्थानम्न क्षणिक६न ।	0x01f09e33	sll t3,ra,t6
वामसरणम् क्षणिक३म् स्तूपसूचकःन स्थिर१न ।	0x00911e33	sll t3,sp,s1
वामसरणम् क्षणिक३म् क्षणिक०न पुनःस्थानम्न ।	0x00129e33	sll t3,t0,ra
वामसरणम् क्षणिक३म् क्षणिक०न अर्थ७न ।	0x01129e33	sll t3,t0,a7
वामसरणम् क्षणिक३म् क्षणिक२न क्षणिक०न ।	0x00539e33	sll t3,t2,t0
वामसरणम् क्षणिक३म् क्षणिक२न क्षणिक३न ।	0x01c39e33	sll t3,t2,t3
वामसरणम् क्षणिक३म् स्थिर०न स्थिर०न ।	0x00841e33	sll t3,s0,s0
वामसरणम् क्षणिक३म् स्थिर१न शून्यःन ।	0x00049e33	sll t3,s1,zero
वामसरणम् क्षणिक३म् स्थिर१न अर्थ०न ।	0x00a49e33	sll t3,s1,a0
वामसरणम् क्षणिक३म् अर्थ०न स्तूपसूचकःन ।	0x00251e33	sll t3,a0,sp
वामसरणम् क्षणिक३म् अर्थ०न स्थिर११न ।	0x01b51e33	sll t3,a0,s11
वामसरणम् क्षणिक३म् अर्थ७न क्षणिक२न ।	0x00789e33	sll t3,a7,t2
वामसरणम् क्षणिक३म् अर्थ७न क्षणिक६न ।	0x01f89e33	sll t3,a7,t6
वामसरणम् क्षणिक३म् स्थिर११न स्थिर१न ।	0x009d9e33	sll t3,s11,s1
वामसरणम् क्षणिक३म् क्षणिक३न पुनःस्थानम्न ।	0x001e1e33	sll t3,t3,ra
वामसरणम् क्षणिक३म् क्षणिक३न अर्थ७न ।	0x011e1e33	sll t3,t3,a7
वामसरणम् क्षणिक३म् क्षणिक६न क्षणिक०न ।	0x005f9e33	sll t3,t6,t0
वामसरणम् क्षणिक३म् क्षणिक६न क्षणिक३न ।	0x01cf9e33	sll t3,t6,t3
वामसरणम् क्षणिक६म् शून्यःन स्थिर०न ।	0x00801fb3	sll t6,zero,s0
वामसरणम् क्षणिक६म् पुनःस्थानम्न शून्यःन ।	0x00009fb3	sll t6,ra,zero
वामसरणम् क्षणिक६म् पुनःस्थानम्न अर्थ०न ।	0x00a09fb3	sll t6,ra,a0
वामसरणम् क्षणिक६म् स्तूपसूचकःन स्तूपसूचकःन ।	0x00211fb3	sll t6,sp,sp
वामसरणम् क्षणिक६म् स्तूपसूचकःन स्थिर११न ।	0x01b11fb3	sll t6,sp,s11
वामसरणम् क्षणिक६म् क्षणिक०न क्षणिक२न ।	0x00729fb3	sll t6,t0,t2
वामसरणम् क्षणिक६म् क्षणिक०न क्षणिक६न ।	0x01f29fb3	sll t6,t0,t6
वामसरणम् क्षणिक६म् क्षणिक२न स्थिर१न ।	0x00939fb3	sll t6,t2,s1
वामसरणम् क्षणिक६म् स्थिर०न पुनःस्थानम्न ।	0x00141fb3	sll t6,s0,ra
वामसरणम् क्षणिक६म् स्थिर०न अर्थ७न ।	0x01141fb3	sll t6,s0,a7
वामसरणम् क्षणिक६म् स्थिर१न क्षणिक०न ।	0x00549fb3	sll t6,s1,t0
वामसरणम् क्षणिक६म् स्थिर१न क्षणिक३न ।	0x01c49fb3	sll t6,s1,t3
वामसरणम् क्षणिक६म् अर्थ०न स्थिर०न ।	0x00851fb3	sll t6,a0,s0
वामसरणम् क्षणिक६म् अर्थ७न शून्यःन ।	0x00089fb3	sll t6,a7,zero
वामसरणम् क्षणिक६म् अर्थ७न अर्थ०न ।	0x00a89fb3	sll t6,a7,a0
वामसरणम् क्षणिक६म् स्थिर११न स्तूपसूचकःन ।	0x002d9fb3	sll t6,s11,sp
वामसरणम् क्षणिक६म् स्थिर११न स्थिर११न ।	0x01bd9fb3	sll t6,s11,s11
वामसरणम् क्षणिक६म् क्षणिक३न क्षणिक२न ।	0x007e1fb3	sll t6,t3,t2
वामसरणम् क्षणिक६म् क्षणिक३न क्षणिक६न ।	0x01fe1fb3	sll t6,t3,t6
वामसरणम् क्षणिक६म् क्षणिक६न स्थिर१न ।	0x009f9fb3	sll t6,t6,s1
दक्षिणसरणम् शून्यःम् शून्यःन शून्यःन ।	0x00005033	srl zero,zero,zero
दक्षिणसरणम् शून्यःम् शून्यःन अर्थ०न ।	0x00a05033	srl zero,zero,a0
दक्षिणसरणम् शून्यःम् पुनःस्थानम्न स्तूपसूचकःन ।	0x0020d033	srl zero,ra,sp
दक्षिणसरणम् शून्यःम् पुनःस्थानम्न स्थिर११न ।	0x01b0d033	srl zero,ra,s11
दक्षिणसरणम् शून्यःम् स्तूपसूचकःन क्षणिक२न ।	0x00715033	srl zero,sp,t2
दक्षिणसरणम् शून्यःम् स्तूपसूचकःन क्षणिक६न ।	0x01f15033	srl zero,sp,t6
दक्षिणसरणम् शून्यःम् क्षणिक०न स्थिर१न ।	0x0092d033	srl zero,t0,s1
दक्षिणसरणम् शून्यःम् क्षणिक२न पुनःस्थानम्न ।	0x0013d033	srl zero,t2,ra
दक्षिणसरणम् शून्यःम् क्षणिक२न अर्थ७न ।	0x0113d033	srl zero,t2,a7
दक्षिणसरणम् शून्यःम् स्थिर०न क्षणिक०न ।	0x00545033	srl zero,s0,t0
दक्षिणसरणम् शून्यःम् स्थिर०न क्षणिक३न ।	0x01c45033	srl zero,s0,t3
दक्षिणसरणम् शून्यःम् स्थिर१न स्थिर०न ।	0x0084d033	srl zero,s1,s0
दक्षिणसरणम् शून्यःम् अर्थ०न शून्यःन ।	0x00055033	srl zero,a0,zero
दक्षिणसरणम् शून्यःम् अर्थ०न अर्थ०न ।	0x00a55033	srl zero,a0,a0
दक्षिणसरणम् शून्यःम् अर्थ७न स्तूपसूचकःन ।	0x0028d033	srl zero,a7,sp
दक्षिणसरणम् शून्यःम् अर्थ७न स्थिर११न ।	0x01b8d033	srl zero,a7,s11
दक्षिणसरणम् शून्यःम् स्थिर११न क्षणिक२न ।	0x007dd033	srl zero,s11,t2
दक्षिणसरणम् शून्यःम् स्थिर११न क्षणिक६न ।	0x01fdd033	srl zero,s11,t6
दक्षिणसरणम् शून्यःम् क्षणिक३न स्थिर१न ।	0x009e5033	srl zero,t3,s1
दक्षिणसरणम् शून्यःम् क्षणिक६न पुनःस्थानम्न ।	0x001fd033	srl zero,t6,ra
दक्षिणसरणम् शून्यःम् क्षणिक६न अर्थ७न ।	0x011fd033	srl zero,t6,a7
दक्षिणसरणम् पुनःस्थानम्म् शून्यःन क्षणिक०न ।	0x005050b3	srl ra,zero,t0
दक्षिणसरणम् पुनःस्थानम्म् शून्यःन क्षणिक३न ।	0x01c050b3	srl ra,zero,t3
दक्षिणसरणम् पुनःस्थानम्म् पुनःस्थानम्न स्थिर०न ।	0x0080d0b3	srl ra,ra,s0
दक्षिणसरणम् पुनःस्थानम्म् स्तूपसूचकःन शून्यःन ।	0x000150b3	srl ra,sp,zero
दक्षिणसरणम् पुनःस्थानम्म् स्तूपसूचकःन अर्थ०न ।	0x00a150b3	srl ra,sp,a0
दक्षिणसरणम् पुनःस्थानम्म् क्षणिक०न स्तूपसूचकःन ।	0x0022d0b3	srl ra,t0,sp
दक्षिणसरणम् पुनःस्थानम्म् क्षणिक०न स्थिर११न ।	0x01b2d0b3	srl ra,t0,s11
दक्षिणसरणम् पुनःस्थानम्म् क्षणिक२न क्षणिक२न ।	0x0073d0b3	srl ra,t2,t2
दक्षिणसरणम् पुनःस्थानम्म् क्षणिक२न क्षणिक६न ।	0x01f3d0b3	srl ra,t2,t6
दक्षिणसरणम् पुनःस्थानम्म् स्थिर०न स्थिर१न ।	0x009450b3	srl ra,s0,s1
दक्षिणसरणम् पुनःस्थानम्म् स्थिर१न पुनःस्थानम्न ।	0x0014d0b3	srl ra,s1,ra
दक्षिणसरणम् पुनःस्थानम्म् स्थिर१न अर्थ७न ।	0x0114d0b3	srl ra,s1,a7
दक्षिणसरणम् पुनःस्थानम्म् अर्थ०न क्षणिक०न ।	0x005550b3	srl ra,a0,t0
दक्षिणसरणम् पुनःस्थानम्म् अर्थ०न क्षणिक३न ।	0x01c550b3	srl ra,a0,t3
दक्षिणसरणम् पुनःस्थानम्म् अर्थ७न स्थिर०न ।	0x0088d0b3	srl ra,a7,s0
दक्षिणसरणम् पुनःस्थानम्म् स्थिर११न शून्यःन ।	0x000dd0b3	srl ra,s11,zero
दक्षिणसरणम् पुनःस्थानम्म् स्थिर११न अर्थ०न ।	0x00add0b3	srl ra,s11,a0
दक्षिणसरणम् पुनःस्थानम्म् क्षणिक३न स्तूपसूचकःन ।	0x002e50b3	srl ra,t3,sp
दक्षिणसरणम् पुनःस्थानम्म् क्षणिक३न स्थिर११न ।	0x01be50b3	srl ra,t3,s11
दक्षिणसरणम् पुनःस्थानम्म् क्षणिक६न क्षणिक२न ।	0x007fd0b3	srl ra,t6,t2
दक्षिणसरणम् पुनःस्थानम्म् क्षणिक६न क्षणिक६न ।	0x01ffd0b3	srl ra,t6,t6
दक्षिणसरणम् स्तूपसूचकःम् शून्यःन स्थिर१न ।	0x00905133	srl sp,zero,s1
दक्षिणसरणम् स्तूपसूचकःम् पुनःस्थानम्न पुनःस्थानम्न ।	0x0010d133	srl sp,ra,ra
दक्षिणसरणम् स्तूपसूचकःम् पुनःस्थानम्न अर्थ७न ।	0x0110d133	srl sp,ra,a7
दक्षिणसरणम् स्तूपसूचकःम् स्तूपसूचकःन क्षणिक०न ।	0x00515133	srl sp,sp,t0
दक्षिणसरणम् स्तूपसूचकःम् स्तूपसूचकःन क्षणिक३न ।	0x01c15133	srl sp,sp,t3
दक्षिणसरणम् स्तूपसूचकःम् क्षणिक०न स्थिर०न ।	0x0082d133	srl sp,t0,s0
दक्षिणसरणम् स्तूपसूचकःम् क्षणिक२न शून्यःन ।	0x0003d133	srl sp,t2,zero
दक्षिणसरणम् स्तूपसूचकःम् क्षणिक२न अर्थ०न ।	0x00a3d133	srl sp,t2,a0
दक्षिणसरणम् स्तूपसूचकःम् स्थिर०न स्तूपसूचकःन ।	0x00245133	srl sp,s0,sp
दक्षिणसरणम् स्तूपसूचकःम् स्थिर०न स्थिर११न ।	0x01b45133	srl sp,s0,s11
दक्षिणसरणम् स्तूपसूचकःम् स्थिर१न क्षणिक२न ।	0x0074d133	srl sp,s1,t2
दक्षिणसरणम् स्तूपसूचकःम् स्थिर१न क्षणिक६न ।	0x01f4d133	srl sp,s1,t6
दक्षिणसरणम् स्तूपसूचकःम् अर्थ०न स्थिर१न ।	0x00955133	srl sp,a0,s1
दक्षिणसरणम् स्तूपसूचकःम् अर्थ७न पुनःस्थानम्न ।	0x0018d133	srl sp,a7,ra
दक्षिणसरणम् स्तूपसूचकःम् अर्थ७न अर्थ७न ।	0x0118d133	srl sp,a7,a7
दक्षिणसरणम् स्तूपसूचकःम् स्थिर११न क्षणिक०न ।	0x005dd133	srl sp,s11,t0
दक्षिणसरणम् स्तूपसूचकःम् स्थिर११न क्षणिक३न ।	0x01cdd133	srl sp,s11,t3
दक्षिणसरणम् स्तूपसूचकःम् क्षणिक३न स्थिर०न ।	0x008e5133	srl sp,t3,s0
दक्षिणसरणम् स्तूपसूचकःम् क्षणिक६न शून्यःन ।	0x000fd133	srl sp,t6,zero
दक्षिणसरणम् स्तूपसूचकःम् क्षणिक६न अर्थ०न ।	0x00afd133	srl sp,t6,a0
दक्षिणसरणम् क्षणिक०म् शून्यःन स्तूपसूचकःन ।	0x002052b3	srl t0,zero,sp
दक्षिणसरणम् क्षणिक०म् शून्यःन स्थिर११न ।	0x01b052b3	srl t0,zero,s11
दक्षिणसरणम् क्षणिक०म् पुनःस्थानम्न क्षणिक२न ।	0x0070d2b3	srl t0,ra,t2
दक्षिणसरणम् क्षणिक०म् पुनःस्थानम्न क्षणिक६न ।	0x01f0d2b3	srl t0,ra,t6
दक्षिणसरणम् क्षणिक०म् स्तूपसूचकःन स्थिर१न ।	0x009152b3	srl t0,sp,s1
दक्षिणसरणम् क्षणिक०म् क्षणिक०न पुनःस्थानम्न ।	0x0012d2b3	srl t0,t0,ra
दक्षिणसरणम् क्षणिक०म् क्षणिक०न अर्थ७न ।	0x0112d2b3	srl t0,t0,a7
दक्षिणसरणम् क्षणिक०म् क्षणिक२न क्षणिक०न ।	0x0053d2b3	srl t0,t2,t0
दक्षिणसरणम् क्षणिक०म् क्षणिक२न क्षणिक३न ।	0x01c3d2b3	srl t0,t2,t3
दक्षिणसरणम् क्षणिक०म् स्थिर०न स्थिर०न ।	0x008452b3	srl t0,s0,s0
दक्षिणसरणम् क्षणिक०म् स्थिर१न शून्यःन ।	0x0004d2b3	srl t0,s1,zero
दक्षिणसरणम् क्षणिक०म् स्थिर१न अर्थ०न ।	0x00a4d2b3	srl t0,s1,a0
दक्षिणसरणम् क्षणिक०म् अर्थ०न स्तूपसूचकःन ।	0x002552b3	srl t0,a0,sp
दक्षिणसरणम् क्षणिक०म् अर्थ०न स्थिर११न ।	0x01b552b3	srl t0,a0,s11
दक्षिणसरणम् क्षणिक०म् अर्थ७न क्षणिक२न ।	0x0078d2b3	srl t0,a7,t2
दक्षिणसरणम् क्षणिक०म् अर्थ७न क्षणिक६न ।	0x01f8d2b3	srl t0,a7,t6
दक्षिणसरणम् क्षणिक०म् स्थिर११न स्थिर१न ।	0x009dd2b3	srl t0,s11,s1
दक्षिणसरणम् क्षणिक०म् क्षणिक३न पुनःस्थानम्न ।	0x001e52b3	srl t0,t3,ra
दक्षिणसरणम् क्षणिक०म् क्षणिक३न अर्थ७न ।	0x011e52b3	srl t0,t3,a7
दक्षिणसरणम् क्षणिक०म् क्षणिक६न क्षणिक०न ।	0x005fd2b3	srl t0,t6,t0
दक्षिणसरणम् क्षणिक०म् क्षणिक६न क्षणिक३न ।	0x01cfd2b3	srl t0,t6,t3
दक्षिणसरणम् क्षणिक२म् शून्यःन स्थिर०न ।	0x008053b3	srl t2,zero,s0
दक्षिणसरणम् क्षणिक२म् पुनःस्थानम्न शून्यःन ।	0x0000d3b3	srl t2,ra,zero
दक्षिणसरणम् क्षणिक२म् पुनःस्थानम्न अर्थ०न ।	0x00a0d3b3	srl t2,ra,a0
दक्षिणसरणम् क्षणिक२म् स्तूपसूचकःन स्तूपसूचकःन ।	0x002153b3	srl t2,sp,sp
दक्षिणसरणम् क्षणिक२म् स्तूपसूचकःन स्थिर११न ।	0x01b153b3	srl t2,sp,s11
दक्षिणसरणम् क्षणिक२म् क्षणिक०न क्षणिक२न ।	0x0072d3b3	srl t2,t0,t2
दक्षिणसरणम् क्षणिक२म् क्षणिक०न क्षणिक६न ।	0x01f2d3b3	srl t2,t0,t6
दक्षिणसरणम् क्षणिक२म् क्षणिक२न स्थिर१न ।	0x0093d3b3	srl t2,t2,s1
दक्षिणसरणम् क्षणिक२म् स्थिर०न पुनःस्थानम्न ।	0x001453b3	srl t2,s0,ra
दक्षिणसरणम् क्षणिक२म् स्थिर०न अर्थ७न ।	0x011453b3	srl t2,s0,a7
दक्षिणसरणम् क्षणिक२म् स्थिर१न क्षणिक०न ।	0x0054d3b3	srl t2,s1,t0
दक्षिणसरणम् क्षणिक२म् स्थिर१न क्षणिक३न ।	0x01c4d3b3	srl t2,s1,t3
दक्षिणसरणम् क्षणिक२म् अर्थ०न स्थिर०न ।	0x008553b3	srl t2,a0,s0
दक्षिणसरणम् क्षणिक२म् अर्थ७न शून्यःन ।	0x0008d3b3	srl t2,a7,zero
दक्षिणसरणम् क्षणिक२म् अर्थ७न अर्थ०न ।	0x00a8d3b3	srl t2,a7,a0
दक्षिणसरणम् क्षणिक२म् स्थिर११न स्तूपसूचकःन ।	0x002dd3b3	srl t2,s11,sp
दक्षिणसरणम् क्षणिक२म् स्थिर११न स्थिर११न ।	0x01bdd3b3	srl t2,s11,s11
दक्षिणसरणम् क्षणिक२म् क्षणिक३न क्षणिक२न ।	0x007e53b3	srl t2,t3,t2
दक्षिणसरणम् क्षणिक२म् क्षणिक३न क्षणिक६न ।	0x01fe53b3	srl t2,t3,t6
दक्षिणसरणम् क्षणिक२म् क्षणिक६न स्थिर१न ।	0x009fd3b3	srl t2,t6,s1
दक्षिणसरणम् स्थिर०म् शून्यःन पुनःस्थानम्न ।	0x00105433	srl s0,zero,ra
दक्षिणसरणम् स्थिर०म् शून्यःन अर्थ७न ।	0x01105433	srl s0,zero,a7
दक्षिणसरणम् स्थिर०म् पुनःस्थानम्न क्षणिक०न ।	0x0050d433	srl s0,ra,t0
दक्षिणसरणम् स्थिर०म् पुनःस्थानम्न क्षणिक३न ।	0x01c0d433	srl s0,ra,t3
दक्षिणसरणम् स्थिर०म् स्तूपसूचकःन स्थिर०न ।	0x00815433	srl s0,sp,s0
दक्षिणसरणम् स्थिर०म् क्षणिक०न शून्यःन ।	0x0002d433	srl s0,t0,zero
दक्षिणसरणम् स्थिर०म् क्षणिक०न अर्थ०न ।	0x00a2d433	srl s0,t0,a0
दक्षिणसरणम् स्थिर०म् क्षणिक२न स्तूपसूचकःन ।	0x0023d433	srl s0,t2,sp
दक्षिणसरणम् स्थिर०म् क्षणिक२न स्थिर११न ।	0x01b3d433	srl s0,t2,s11
दक्षिणसरणम् स्थिर०म् स्थिर०न क्षणिक२न ।	0x00745433	srl s0,s0,t2
दक्षिणसरणम् स्थिर०म् स्थिर०न क्षणिक६न ।	0x01f45433	srl s0,s0,t6
दक्षिणसरणम् स्थिर०म् स्थिर१न स्थिर१न ।	0x0094d433	srl s0,s1,s1
दक्षिणसरणम् स्थिर०म् अर्थ०न पुनःस्थानम्न ।	0x00155433	srl s0,a0,ra
दक्षिणसरणम् स्थिर०म् अर्थ०न अर्थ७न ।	0x01155433	srl s0,a0,a7
दक्षिणसरणम् स्थिर०म् अर्थ७न क्षणिक०न ।	0x0058d433	srl s0,a7,t0
दक्षिणसरणम् स्थिर०म् अर्थ७न क्षणिक३न ।	0x01c8d433	srl s0,a7,t3
दक्षिणसरणम् स्थिर०म् स्थिर११न स्थिर०न ।	0x008dd433	srl s0,s11,s0
दक्षिणसरणम् स्थिर०म् क्षणिक३न शून्यःन ।	0x000e5433	srl s0,t3,zero
दक्षिणसरणम् स्थिर०म् क्षणिक३न अर्थ०न ।	0x00ae5433	srl s0,t3,a0
दक्षिणसरणम् स्थिर०म् क्षणिक६न स्तूपसूचकःन ।	0x002fd433	srl s0,t6,sp
दक्षिणसरणम् स्थिर०म् क्षणिक६न स्थिर११न ।	0x01bfd433	srl s0,t6,s11
दक्षिणसरणम् स्थिर१म् शून्यःन क्षणिक२न ।	0x007054b3	srl s1,zero,t2
दक्षिणसरणम् स्थिर१म् शून्यःन क्षणिक६न ।	0x01f054b3	srl s1,zero,t6
दक्षिणसरणम् स्थिर१म् पुनःस्थानम्न स्थिर१न ।	0x0090d4b3	srl s1,ra,s1
दक्षिणसरणम् स्थिर१म् स्तूपसूचकःन पुनःस्थानम्न ।	0x001154b3	srl s1,sp,ra
दक्षिणसरणम् स्थिर१म् स्तूपसूचकःन अर्थ७न ।	0x011154b3	srl s1,sp,a7
दक्षिणसरणम् स्थिर१म् क्षणिक०न क्षणिक०न ।	0x0052d4b3	srl s1,t0,t0
दक्षिणसरणम् स्थिर१म् क्षणिक०न क्षणिक३न ।	0x01c2d4b3	srl s1,t0,t3
दक्षिणसरणम् स्थिर१म् क्षणिक२न स्थिर०न ।	0x0083d4b3	srl s1,t2,s0
दक्षिणसरणम् स्थिर१म् स्थिर०न शून्यःन ।	0x000454b3	srl s1,s0,zero
दक्षिणसरणम् स्थिर१म् स्थिर०न अर्थ०न ।	0x00a454b3	srl s1,s0,a0
दक्षिणसरणम् स्थिर१म् स्थिर१न स्तूपसूचकःन ।	0x0024d4b3	srl s1,s1,sp
दक्षिणसरणम् स्थिर१म् स्थिर१न स्थिर११न ।	0x01b4d4b3	srl s1,s1,s11
दक्षिणसरणम् स्थिर१म् अर्थ०न क्षणिक२न ।	0x007554b3	srl s1,a0,t2
दक्षिणसरणम् स्थिर१म् अर्थ०न क्षणिक६न ।	0x01f554b3	srl s1,a0,t6
दक्षिणसरणम् स्थिर१म् अर्थ७न स्थिर१न ।	0x0098d4b3	srl s1,a7,s1
दक्षिणसरणम् स्थिर१म् स्थिर११न पुनःस्थानम्न ।	0x001dd4b3	srl s1,s11,ra
दक्षिणसरणम् स्थिर१म् स्थिर११न अर्थ७न ।	0x011dd4b3	srl s1,s11,a7
दक्षिणसरणम् स्थिर१म् क्षणिक३न क्षणिक०न ।	0x005e54b3	srl s1,t3,t0
दक्षिणसरणम् स्थिर१म् क्षणिक३न क्षणिक३न ।	0x01ce54b3	srl s1,t3,t3
दक्षिणसरणम् स्थिर१म् क्षणिक६न स्थिर०न ।	0x008fd4b3	srl s1,t6,s0
दक्षिणसरणम् अर्थ०म् शून्यःन शून्यःन ।	0x00005533	srl a0,zero,zero
दक्षिणसरणम् अर्थ०म् शून्यःन अर्थ०न ।	0x00a05533	srl a0,zero,a0
दक्षिणसरणम् अर्थ०म् पुनःस्थानम्न स्तूपसूचकःन ।	0x0020d533	srl a0,ra,sp
दक्षिणसरणम् अर्थ०म् पुनःस्थानम्न स्थिर११न ।	0x01b0d533	srl a0,ra,s11
दक्षिणसरणम् अर्थ०म् स्तूपसूचकःन क्षणिक२न ।	0x00715533	srl a0,sp,t2
दक्षिणसरणम् अर्थ०म् स्तूपसूचकःन क्षणिक६न ।	0x01f15533	srl a0,sp,t6
दक्षिणसरणम् अर्थ०म् क्षणिक०न स्थिर१न ।	0x0092d533	srl a0,t0,s1
दक्षिणसरणम् अर्थ०म् क्षणिक२न पुनःस्थानम्न ।	0x0013d533	srl a0,t2,ra
दक्षिणसरणम् अर्थ०म् क्षणिक२न अर्थ७न ।	0x0113d533	srl a0,t2,a7
दक्षिणसरणम् अर्थ०म् स्थिर०न क्षणिक०न ।	0x00545533	srl a0,s0,t0
दक्षिणसरणम् अर्थ०म् स्थिर०न क्षणिक३न ।	0x01c45533	srl a0,s0,t3
दक्षिणसरणम् अर्थ०म् स्थिर१न स्थिर०न ।	0x0084d533	srl a0,s1,s0
दक्षिणसरणम् अर्थ०म् अर्थ०न शून्यःन ।	0x00055533	srl a0,a0,zero
दक्षिणसरणम् अर्थ०म् अर्थ०न अर्थ०न ।	0x00a55533	srl a0,a0,a0
दक्षिणसरणम् अर्थ०म् अर्थ७न स्तूपसूचकःन ।	0x0028d533	srl a0,a7,sp
दक्षिणसरणम् अर्थ०म् अर्थ७न स्थिर११न ।	0x01b8d533	srl a0,a7,s11
दक्षिणसरणम् अर्थ०म् स्थिर११न क्षणिक२न ।	0x007dd533	srl a0,s11,t2
दक्षिणसरणम् अर्थ०म् स्थिर११न क्षणिक६न ।	0x01fdd533	srl a0,s11,t6
दक्षिणसरणम् अर्थ०म् क्षणिक३न स्थिर१न ।	0x009e5533	srl a0,t3,s1
दक्षिणसरणम् अर्थ०म् क्षणिक६न पुनःस्थानम्न ।	0x001fd533	srl a0,t6,ra
दक्षिणसरणम् अर्थ०म् क्षणिक६न अर्थ७न ।	0x011fd533	srl a0,t6,a7
दक्षिणसरणम् अर्थ७म् शून्यःन क्षणिक०न ।	0x005058b3	srl a7,zero,t0
दक्षिणसरणम् अर्थ७म् शून्यःन क्षणिक३न ।	0x01c058b3	srl a7,zero,t3
दक्षिणसरणम् अर्थ७म् पुनःस्थानम्न स्थिर०न ।	0x0080d8b3	srl a7,ra,s0
दक्षिणसरणम् अर्थ७म् स्तूपसूचकःन शून्यःन ।	0x000158b3	srl a7,sp,zero
दक्षिणसरणम् अर्थ७म् स्तूपसूचकःन अर्थ०न ।	0x00a158b3	srl a7,sp,a0
दक्षिणसरणम् अर्थ७म् क्षणिक०न स्तूपसूचकःन ।	0x0022d8b3	srl a7,t0,sp
दक्षिणसरणम् अर्थ७म् क्षणिक०न स्थिर११न ।	0x01b2d8b3	srl a7,t0,s11
दक्षिणसरणम् अर्थ७म् क्षणिक२न क्षणिक२न ।	0x0073d8b3	srl a7,t2,t2
दक्षिणसरणम् अर्थ७म् क्षणिक२न क्षणिक६न ।	0x01f3d8b3	srl a7,t2,t6
दक्षिणसरणम् अर्थ७म् स्थिर०न स्थिर१न ।	0x009458b3	srl a7,s0,s1
दक्षिणसरणम् अर्थ७म् स्थिर१न पुनःस्थानम्न ।	0x0014d8b3	srl a7,s1,ra
दक्षिणसरणम् अर्थ७म् स्थिर१न अर्थ७न ।	0x0114d8b3	srl a7,s1,a7
दक्षिणसरणम् अर्थ७म् अर्थ०न क्षणिक०न ।	0x005558b3	srl a7,a0,t0
दक्षिणसरणम् अर्थ७म् अर्थ०न क्षणिक३न ।	0x01c558b3	srl a7,a0,t3
दक्षिणसरणम् अर्थ७म् अर्थ७न स्थिर०न ।	0x0088d8b3	srl a7,a7,s0
दक्षिणसरणम् अर्थ७म् स्थिर११न शून्यःन ।	0x000dd8b3	srl a7,s11,zero
दक्षिणसरणम् अर्थ७म् स्थिर११न अर्थ०न ।	0x00add8b3	srl a7,s11,a0
दक्षिणसरणम् अर्थ७म् क्षणिक३न स्तूपसूचकःन ।	0x002e58b3	srl a7,t3,sp
दक्षिणसरणम् अर्थ७म् क्षणिक३न स्थिर११न ।	0x01be58b3	srl a7,t3,s11
दक्षिणसरणम् अर्थ७म् क्षणिक६न क्षणिक२न ।	0x007fd8b3	srl a7,t6,t2
दक्षिणसरणम् अर्थ७म् क्षणिक६न क्षणिक६न ।	0x01ffd8b3	srl a7,t6,t6
दक्षिणसरणम् स्थिर११म् शून्यःन स्थिर१न ।	0x00905db3	srl s11,zero,s1
दक्षिणसरणम् स्थिर११म् पुनःस्थानम्न पुनःस्थानम्न ।	0x0010ddb3	srl s11,ra,ra
दक्षिणसरणम् स्थिर११म् पुनःस्थानम्न अर्थ७न ।	0x0110ddb3	srl s11,ra,a7
दक्षिणसरणम् स्थिर११म् स्तूपसूचकःन क्षणिक०न ।	0x00515db3	srl s11,sp,t0
दक्षिणसरणम् स्थिर११म् स्तूपसूचकःन क्षणिक३न ।	0x01c15db3	srl s11,sp,t3
दक्षिणसरणम् स्थिर११म् क्षणिक०न स्थिर०न ।	0x0082ddb3	srl s11,t0,s0
दक्षिणसरणम् स्थिर११म् क्षणिक२न शून्यःन ।	0x0003ddb3	srl s11,t2,zero
दक्षिणसरणम् स्थिर११म् क्षणिक२न अर्थ०न ।	0x00a3ddb3	srl s11,t2,a0
दक्षिणसरणम् स्थिर११म् स्थिर०न स्तूपसूचकःन ।	0x00245db3	srl s11,s0,sp
दक्षिणसरणम् स्थिर११म् स्थिर०न स्थिर११न ।	0x01b45db3	srl s11,s0,s11
दक्षिणसरणम् स्थिर११म् स्थिर१न क्षणिक२न ।	0x0074ddb3	srl s11,s1,t2
दक्षिणसरणम् स्थिर११म् स्थिर१न क्षणिक६न ।	0x01f4ddb3	srl s11,s1,t6
दक्षिणसरणम् स्थिर११म् अर्थ०न स्थिर१न ।	0x00955db3	srl s11,a0,s1
दक्षिणसरणम् स्थिर११म् अर्थ७न पुनःस्थानम्न ।	0x0018ddb3	srl s11,a7,ra
दक्षिणसरणम् स्थिर११म् अर्थ७न अर्थ७न ।	0x0118ddb3	srl s11,a7,a7
दक्षिणसरणम् स्थिर११म् स्थिर११न क्षणिक०न ।	0x005dddb3	srl s11,s11,t0
दक्षिणसरणम् स्थिर११म् स्थिर११न क्षणिक३न ।	0x01cdddb3	srl s11,s11,t3
दक्षिणसरणम् स्थिर११म् क्षणिक३न स्थिर०न ।	0x008e5db3	srl s11,t3,s0
दक्षिणसरणम् स्थिर११म् क्षणिक६न शून्यःन ।	0x000fddb3	srl s11,t6,zero
दक्षिणसरणम् स्थिर११म् क्षणिक६न अर्थ०न ।	0x00afddb3	srl s11,t6,a0
दक्षिणसरणम् क्षणिक३म् शून्यःन स्तूपसूचकःन ।	0x00205e33	srl t3,zero,sp
दक्षिणसरणम् क्षणिक३म् शून्यःन स्थिर११न ।	0x01b05e33	srl t3,zero,s11
दक्षिणसरणम् क्षणिक३म् पुनःस्थानम्न क्षणिक२न ।	0x0070de33	srl t3,ra,t2
दक्षिणसरणम् क्षणिक३म् पुनःस्थानम्न क्षणिक६न ।	0x01f0de33	srl t3,ra,t6
दक्षिणसरणम् क्षणिक३म् स्तूपसूचकःन स्थिर१न ।	0x00915e33	srl t3,sp,s1
दक्षिणसरणम् क्षणिक३म् क्षणिक०न पुनःस्थानम्न ।	0x0012de33	srl t3,t0,ra
दक्षिणसरणम् क्षणिक३म् क्षणिक०न अर्थ७न ।	0x0112de33	srl t3,t0,a7
दक्षिणसरणम् क्षणिक३म् क्षणिक२न क्षणिक०न ।	0x0053de33	srl t3,t2,t0
दक्षिणसरणम् क्षणिक३म् क्षणिक२न क्षणिक३न ।	0x01c3de33	srl t3,t2,t3
दक्षिणसरणम् क्षणिक३म् स्थिर०न स्थिर०न ।	0x00845e33	srl t3,s0,s0
दक्षिणसरणम् क्षणिक३म् स्थिर१न शून्यःन ।	0x0004de33	srl t3,s1,zero
दक्षिणसरणम् क्षणिक३म् स्थिर१न अर्थ०न ।	0x00a4de33	srl t3,s1,a0
दक्षिणसरणम् क्षणिक३म् अर्थ०न स्तूपसूचकःन ।	0x00255e33	srl t3,a0,sp
दक्षिणसरणम् क्षणिक३म् अर्थ०न स्थिर११न ।	0x01b55e33	srl t3,a0,s11
दक्षिणसरणम् क्षणिक३म् अर्थ७न क्षणिक२न ।	0x0078de33	srl t3,a7,t2
दक्षिणसरणम् क्षणिक३म् अर्थ७न क्षणिक६न ।	0x01f8de33	srl t3,a7,t6
दक्षिणसरणम् क्षणिक३म् स्थिर११न स्थिर१न ।	0x009dde33	srl t3,s11,s1
दक्षिणसरणम् क्षणिक३म् क्षणिक३न पुनःस्थानम्न ।	0x001e5e33	srl t3,t3,ra
दक्षिणसरणम् क्षणिक३म् क्षणिक३न अर्थ७न ।	0x011e5e33	srl t3,t3,a7
दक्षिणसरणम् क्षणिक३म् क्षणिक६न क्षणिक०न ।	0x005fde33	srl t3,t6,t0
दक्षिणसरणम् क्षणिक३म् क्षणिक६न क्षणिक३न ।	0x01cfde33	srl t3,t6,t3
दक्षिणसरणम् क्षणिक६म् शून्यःन स्थिर०न ।	0x00805fb3	srl t6,zero,s0
दक्षिणसरणम् क्षणिक६म् पुनःस्थानम्न शून्यःन ।	0x0000dfb3	srl t6,ra,zero
दक्षिणसरणम् क्षणिक६म् पुनःस्थानम्न अर्थ०न ।	0x00a0dfb3	srl t6,ra,a0
दक्षिणसरणम् क्षणिक६म् स्तूपसूचकःन स्तूपसूचकःन ।	0x00215fb3	srl t6,sp,sp
दक्षिणसरणम् क्षणिक६म् स्तूपसूचकःन स्थिर११न ।	0x01b15fb3	srl t6,sp,s11
दक्षिणसरणम् क्षणिक६म् क्षणिक०न क्षणिक२न ।	0x0072dfb3	srl t6,t0,t2
दक्षिणसरणम् क्षणिक६म् क्षणिक०न क्षणिक६न ।	0x01f2dfb3	srl t6,t0,t6
दक्षिणसरणम् क्षणिक६म् क्षणिक२न स्थिर१न ।	0x0093dfb3	srl t6,t2,s1
दक्षिणसरणम् क्षणिक६म् स्थिर०न पुनःस्थानम्न ।	0x00145fb3	srl t6,s0,ra
दक्षिणसरणम् क्षणिक६म् स्थिर०न अर्थ७न ।	0x01145fb3	srl t6,s0,a7
दक्षिणसरणम् क्षणिक६म् स्थिर१न क्षणिक०न ।	0x0054dfb3	srl t6,s1,t0
दक्षिणसरणम् क्षणिक६म् स्थिर१न क्षणिक३न ।	0x01c4dfb3	srl t6,s1,t3
दक्षिणसरणम् क्षणिक६म् अर्थ०न स्थिर०न ।	0x00855fb3	srl t6,a0,s0
दक्षिणसरणम् क्षणिक६म् अर्थ७न शून्यःन ।	0x0008dfb3	srl t6,a7,zero
दक्षिणसरणम् क्षणिक६म् अर्थ७न अर्थ०न ।	0x00a8dfb3	srl t6,a7,a0
दक्षिणसरणम् क्षणिक६म् स्थिर११न स्तूपसूचकःन ।	0x002ddfb3	srl t6,s11,sp
दक्षिणसरणम् क्षणिक६म् स्थिर११न स्थिर११न ।	0x01bddfb3	srl t6,s11,s11
दक्षिणसरणम् क्षणिक६म् क्षणिक३न क्षणिक२न ।	0x007e5fb3	srl t6,t3,t2
दक्षिणसरणम् क्षणिक६म् क्षणिक३न क्षणिक६न ।	0x01fe5fb3	srl t6,t3,t6
दक्षिणसरणम् क्षणिक६म् क्षणिक६न स्थिर१न ।	0x009fdfb3	srl t6,t6,s1
न्यूनम् शून्यःम् शून्यःन शून्यःन ।	0x00002033	slt zero,zero,zero
न्यूनम् शून्यःम् शून्यःन अर्थ०न ।	0x00a02033	slt zero,zero,a0
न्यूनम् शून्यःम् पुनःस्थानम्न स्तूपसूचकःन ।	0x0020a033	slt zero,ra,sp
न्यूनम् शून्यःम् पुनःस्थानम्न स्थिर११न ।	0x01b0a033	slt zero,ra,s11
न्यूनम् शून्यःम् स्तूपसूचकःन क्षणिक२न ।	0x00712033	slt zero,sp,t2
न्यूनम् शून्यःम् स्तूपसूचकःन क्षणिक६न ।	0x01f12033	slt zero,sp,t6
न्यूनम् शून्यःम् क्षणिक०न स्थिर१न ।	0x0092a033	slt zero,t0,s1
न्यूनम् शून्यःम् क्षणिक२न पुनःस्थानम्न ।	0x0013a033	slt zero,t2,ra
न्यूनम् शून्यःम् क्षणिक२न अर्थ७न ।	0x0113a033	slt zero,t2,a7
न्यूनम् शून्यःम् स्थिर०न क्षणिक०न ।	0x00542033	slt zero,s0,t0
न्यूनम् शून्यःम् स्थिर०न क्षणिक३न ।	0x01c42033	slt zero,s0,t3
न्यूनम् शून्यःम् स्थिर१न स्थिर०न ।	0x0084a033	slt zero,s1,s0
न्यूनम् शून्यःम् अर्थ०न शून्यःन ।	0x00052033	slt zero,a0,zero
न्यूनम् शून्यःम् अर्थ०न अर्थ०न ।	0x00a52033	slt zero,a0,a0
न्यूनम् शून्यःम् अर्थ७न स्तूपसूचकःन ।	0x0028a033	slt zero,a7,sp
न्यूनम् शून्यःम् अर्थ७न स्थिर११न ।	0x01b8a033	slt zero,a7,s11
न्यूनम् शून्यःम् स्थिर११न क्षणिक२न ।	0x007da033	slt zero,s11,t2
न्यूनम् शून्यःम् स्थिर११न क्षणिक६न ।	0x01fda033	slt zero,s11,t6
न्यूनम् शून्यःम् क्षणिक३न स्थिर१न ।	0x009e2033	slt zero,t3,s1
न्यूनम् शून्यःम् क्षणिक६न पुनःस्थानम्न ।	0x001fa033	slt zero,t6,ra
न्यूनम् शून्यःम् क्षणिक६न अर्थ७न ।	0x011fa033	slt zero,t6,a7
न्यूनम् पुनःस्थानम्म् शून्यःन क्षणिक०न ।	0x005020b3	slt ra,zero,t0
न्यूनम् पुनःस्थानम्म् शून्यःन क्षणिक३न ।	0x01c020b3	slt ra,zero,t3
न्यूनम् पुनःस्थानम्म् पुनःस्थानम्न स्थिर०न ।	0x0080a0b3	slt ra,ra,s0
न्यूनम् पुनःस्थानम्म् स्तूपसूचकःन शून्यःन ।	0x000120b3	slt ra,sp,zero
न्यूनम् पुनःस्थानम्म् स्तूपसूचकःन अर्थ०न ।	0x00a120b3	slt ra,sp,a0
न्यूनम् पुनःस्थानम्म् क्षणिक०न स्तूपसूचकःन ।	0x0022a0b3	slt ra,t0,sp
न्यूनम् पुनःस्थानम्म् क्षणिक०न स्थिर११न ।	0x01b2a0b3	slt ra,t0,s11
न्यूनम् पुनःस्थानम्म् क्षणिक२न क्षणिक२न ।	0x0073a0b3	slt ra,t2,t2
न्यूनम् पुनःस्थानम्म् क्षणिक२न क्षणिक६न ।	0x01f3a0b3	slt ra,t2,t6
न्यूनम् पुनःस्थानम्म् स्थिर०न स्थिर१न ।	0x009420b3	slt ra,s0,s1
न्यूनम् पुनःस्थानम्म् स्थिर१न पुनःस्थानम्न ।	0x0014a0b3	slt ra,s1,ra
न्यूनम् पुनःस्थानम्म् स्थिर१न अर्थ७न ।	0x0114a0b3	slt ra,s1,a7
न्यूनम् पुनःस्थानम्म् अर्थ०न क्षणिक०न ।	0x005520b3	slt ra,a0,t0
न्यूनम् पुनःस्थानम्म् अर्थ०न क्षणिक३न ।	0x01c520b3	slt ra,a0,t3
न्यूनम् पुनःस्थानम्म् अर्थ७न स्थिर०न ।	0x0088a0b3	slt ra,a7,s0
न्यूनम् पुनःस्थानम्म् स्थिर११न शून्यःन ।	0x000da0b3	slt ra,s11,zero
न्यूनम् पुनःस्थानम्म् स्थिर११न अर्थ०न ।	0x00ada0b3	slt ra,s11,a0
न्यूनम् पुनःस्थानम्म् क्षणिक३न स्तूपसूचकःन ।	0x002e20b3	slt ra,t3,sp
न्यूनम् पुनःस्थानम्म् क्षणिक३न स्थिर११न ।	0x01be20b3	slt ra,t3,s11
न्यूनम् पुनःस्थानम्म् क्षणिक६न क्षणिक२न ।	0x007fa0b3	slt ra,t6,t2
न्यूनम् पुनःस्थानम्म् क्षणिक६न क्षणिक६न ।	0x01ffa0b3	slt ra,t6,t6
न्यूनम् स्तूपसूचकःम् शून्यःन स्थिर१न ।	0x00902133	slt sp,zero,s1
न्यूनम् स्तूपसूचकःम् पुनःस्थानम्न पुनःस्थानम्न ।	0x0010a133	slt sp,ra,ra
न्यूनम् स्तूपसूचकःम् पुनःस्थानम्न अर्थ७न ।	0x0110a133	slt sp,ra,a7
न्यूनम् स्तूपसूचकःम् स्तूपसूचकःन क्षणिक०न ।	0x00512133	slt sp,sp,t0
न्यूनम् स्तूपसूचकःम् स्तूपसूचकःन क्षणिक३न ।	0x01c12133	slt sp,sp,t3
न्यूनम् स्तूपसूचकःम् क्षणिक०न स्थिर०न ।	0x0082a133	slt sp,t0,s0
न्यूनम् स्तूपसूचकःम् क्षणिक२न शून्यःन ।	0x0003a133	slt sp,t2,zero
न्यूनम् स्तूपसूचकःम् क्षणिक२न अर्थ०न ।	0x00a3a133	slt sp,t2,a0
न्यूनम् स्तूपसूचकःम् स्थिर०न स्तूपसूचकःन ।	0x00242133	slt sp,s0,sp
न्यूनम् स्तूपसूचकःम् स्थिर०न स्थिर११न ।	0x01b42133	slt sp,s0,s11
न्यूनम् स्तूपसूचकःम् स्थिर१न क्षणिक२न ।	0x0074a133	slt sp,s1,t2
न्यूनम् स्तूपसूचकःम् स्थिर१न क्षणिक६न ।	0x01f4a133	slt sp,s1,t6
न्यूनम् स्तूपसूचकःम् अर्थ०न स्थिर१न ।	0x00952133	slt sp,a0,s1
न्यूनम् स्तूपसूचकःम् अर्थ७न पुनःस्थानम्न ।	0x0018a133	slt sp,a7,ra
न्यूनम् स्तूपसूचकःम् अर्थ७न अर्थ७न ।	0x0118a133	slt sp,a7,a7
न्यूनम् स्तूपसूचकःम् स्थिर११न क्षणिक०न ।	0x005da133	slt sp,s11,t0
न्यूनम् स्तूपसूचकःम् स्थिर११न क्षणिक३न ।	0x01cda133	slt sp,s11,t3
न्यूनम् स्तूपसूचकःम् क्षणिक३न स्थिर०न ।	0x008e2133	slt sp,t3,s0
न्यूनम् स्तूपसूचकःम् क्षणिक६न शून्यःन ।	0x000fa133	slt sp,t6,zero
न्यूनम् स्तूपसूचकःम् क्षणिक६न अर्थ०न ।	0x00afa133	slt sp,t6,a0
न्यूनम् क्षणिक०म् शून्यःन स्तूपसूचकःन ।	0x002022b3	slt t0,zero,sp
न्यूनम् क्षणिक०म् शून्यःन स्थिर११न ।	0x01b022b3	slt t0,zero,s11
न्यूनम् क्षणिक०म् पुनःस्थानम्न क्षणिक२न ।	0x0070a2b3	slt t0,ra,t2
न्यूनम् क्षणिक०म् पुनःस्थानम्न क्षणिक६न ।	0x01f0a2b3	slt t0,ra,t6
न्यूनम् क्षणिक०म् स्तूपसूचकःन स्थिर१न ।	0x009122b3	slt t0,sp,s1
न्यूनम् क्षणिक०म् क्षणिक०न पुनःस्थानम्न ।	0x0012a2b3	slt t0,t0,ra
न्यूनम् क्षणिक०म् क्षणिक०न अर्थ७न ।	0x0112a2b3	slt t0,t0,a7
न्यूनम् क्षणिक०म् क्षणिक२न क्षणिक०न ।	0x0053a2b3	slt t0,t2,t0
न्यूनम् क्षणिक०म् क्षणिक२न क्षणिक३न ।	0x01c3a2b3	slt t0,t2,t3
न्यूनम् क्षणिक०म् स्थिर०न स्थिर०न ।	0x008422b3	slt t0,s0,s0
न्यूनम् क्षणिक०म् स्थिर१न शून्यःन ।	0x0004a2b3	slt t0,s1,zero
न्यूनम् क्षणिक०म् स्थिर१न अर्थ०न ।	0x00a4a2b3	slt t0,s1,a0
न्यूनम् क्षणिक०म् अर्थ०न स्तूपसूचकःन ।	0x002522b3	slt t0,a0,sp
न्यूनम् क्षणिक०म् अर्थ०न स्थिर११न ।	0x01b522b3	slt t0,a0,s11
न्यूनम् क्षणिक०म् अर्थ७न क्षणिक२न ।	0x0078a2b3	slt t0,a7,t2
न्यूनम् क्षणिक०म् अर्थ७न क्षणिक६न ।	0x01f8a2b3	slt t0,a7,t6
न्यूनम् क्षणिक०म् स्थिर११न स्थिर१न ।	0x009da2b3	slt t0,s11,s1
न्यूनम् क्षणिक०म् क्षणिक३न पुनःस्थानम्न ।	0x001e22b3	slt t0,t3,ra
न्यूनम् क्षणिक०म् क्षणिक३न अर्थ७न ।	0x011e22b3	slt t0,t3,a7
न्यूनम् क्षणिक०म् क्षणिक६न क्षणिक०न ।	0x005fa2b3	slt t0,t6,t0
न्यूनम् क्षणिक०म् क्षणिक६न क्षणिक३न ।	0x01cfa2b3	slt t0,t6,t3
न्यूनम् क्षणिक२म् शून्यःन स्थिर०न ।	0x008023b3	slt t2,zero,s0
न्यूनम् क्षणिक२म् पुनःस्थानम्न शून्यःन ।	0x0000a3b3	slt t2,ra,zero
न्यूनम् क्षणिक२म् पुनःस्थानम्न अर्थ०न ।	0x00a0a3b3	slt t2,ra,a0
न्यूनम् क्षणिक२म् स्तूपसूचकःन स्तूपसूचकःन ।	0x002123b3	slt t2,sp,sp
न्यूनम् क्षणिक२म् स्तूपसूचकःन स्थिर११न ।	0x01b123b3	slt t2,sp,s11
न्यूनम् क्षणिक२म् क्षणिक०न क्षणिक२न ।	0x0072a3b3	slt t2,t0,t2
न्यूनम् क्षणिक२म् क्षणिक०न क्षणिक६न ।	0x01f2a3b3	slt t2,t0,t6
न्यूनम् क्षणिक२म् क्षणिक२न स्थिर१न ।	0x0093a3b3	slt t2,t2,s1
न्यूनम् क्षणिक२म् स्थिर०न पुनःस्थानम्न ।	0x001423b3	slt t2,s0,ra
न्यूनम् क्षणिक२म् स्थिर०न अर्थ७न ।	0x011423b3	slt t2,s0,a7
न्यूनम् क्षणिक२म् स्थिर१न क्षणिक०न ।	0x0054a3b3	slt t2,s1,t0
न्यूनम् क्षणिक२म् स्थिर१न क्षणिक३न ।	0x01c4a3b3	slt t2,s1,t3
न्यूनम् क्षणिक२म् अर्थ०न स्थिर०न ।	0x008523b3	slt t2,a0,s0
न्यूनम् क्षणिक२म् अर्थ७न शून्यःन ।	0x0008a3b3	slt t2,a7,zero
न्यूनम् क्षणिक२म् अर्थ७न अर्थ०न ।	0x00a8a3b3	slt t2,a7,a0
न्यूनम् क्षणिक२म् स्थिर११न स्तूपसूचकःन ।	0x002da3b3	slt t2,s11,sp
न्यूनम् क्षणिक२म् स्थिर११न स्थिर११न ।	0x01bda3b3	slt t2,s11,s11
न्यूनम् क्षणिक२म् क्षणिक३न क्षणिक२न ।	0x007e23b3	slt t2,t3,t2
न्यूनम् क्षणिक२म् क्षणिक३न क्षणिक६न ।	0x01fe23b3	slt t2,t3,t6
न्यूनम् क्षणिक२म् क्षणिक६न स्थिर१न ।	0x009fa3b3	slt t2,t6,s1
न्यूनम् स्थिर०म् शून्यःन पुनःस्थानम्न ।	0x00102433	slt s0,zero,ra
न्यूनम् स्थिर०म् शून्यःन अर्थ७न ।	0x01102433	slt s0,zero,a7
न्यूनम् स्थिर०म् पुनःस्थानम्न क्षणिक०न ।	0x0050a433	slt s0,ra,t0
न्यूनम् स्थिर०म् पुनःस्थानम्न क्षणिक३न ।	0x01c0a433	slt s0,ra,t3
न्यूनम् स्थिर०म् स्तूपसूचकःन स्थिर०न ।	0x00812433	slt s0,sp,s0
न्यूनम् स्थिर०म् क्षणिक०न शून्यःन ।	0x0002a433	slt s0,t0,zero
न्यूनम् स्थिर०म् क्षणिक०न अर्थ०न ।	0x00a2a433	slt s0,t0,a0
न्यूनम् स्थिर०म् क्षणिक२न स्तूपसूचकःन ।	0x0023a433	slt s0,t2,sp
न्यूनम् स्थिर०म् क्षणिक२न स्थिर११न ।	0x01b3a433	slt s0,t2,s11
न्यूनम् स्थिर०म् स्थिर०न क्षणिक२न ।	0x00742433	slt s0,s0,t2
न्यूनम् स्थिर०म् स्थिर०न क्षणिक६न ।	0x01f42433	slt s0,s0,t6
न्यूनम् स्थिर०म् स्थिर१न स्थिर१न ।	0x0094a433	slt s0,s1,s1
न्यूनम् स्थिर०म् अर्थ०न पुनःस्थानम्न ।	0x00152433	slt s0,a0,ra
न्यूनम् स्थिर०म् अर्थ०न अर्थ७न ।	0x01152433	slt s0,a0,a7
न्यूनम् स्थिर०म् अर्थ७न क्षणिक०न ।	0x0058a433	slt s0,a7,t0
न्यूनम् स्थिर०म् अर्थ७न क्षणिक३न ।	0x01c8a433	slt s0,a7,t3
न्यूनम् स्थिर०म् स्थिर११न स्थिर०न ।	0x008da433	slt s0,s11,s0
न्यूनम् स्थिर०म् क्षणिक३न शून्यःन ।	0x000e2433	slt s0,t3,zero
न्यूनम् स्थिर०म् क्षणिक३न अर्थ०न ।	0x00ae2433	slt s0,t3,a0
न्यूनम् स्थिर०म् क्षणिक६न स्तूपसूचकःन ।	0x002fa433	slt s0,t6,sp
न्यूनम् स्थिर०म् क्षणिक६न स्थिर११न ।	0x01bfa433	slt s0,t6,s11
न्यूनम् स्थिर१म् शून्यःन क्षणिक२न ।	0x007024b3	slt s1,zero,t2
न्यूनम् स्थिर१म् शून्यःन क्षणिक६न ।	0x01f024b3	slt s1,zero,t6
न्यूनम् स्थिर१म् पुनःस्थानम्न स्थिर१न ।	0x0090a4b3	slt s1,ra,s1
न्यूनम् स्थिर१म् स्तूपसूचकःन पुनःस्थानम्न ।	0x001124b3	slt s1,sp,ra
न्यूनम् स्थिर१म् स्तूपसूचकःन अर्थ७न ।	0x011124b3	slt s1,sp,a7
न्यूनम् स्थिर१म् क्षणिक०न क्षणिक०न ।	0x0052a4b3	slt s1,t0,t0
न्यूनम् स्थिर१म् क्षणिक०न क्षणिक३न ।	0x01c2a4b3	slt s1,t0,t3
न्यूनम् स्थिर१म् क्षणिक२न स्थिर०न ।	0x0083a4b3	slt s1,t2,s0
न्यूनम् स्थिर१म् स्थिर०न शून्यःन ।	0x000424b3	slt s1,s0,zero
न्यूनम् स्थिर१म् स्थिर०न अर्थ०न ।	0x00a424b3	slt s1,s0,a0
न्यूनम् स्थिर१म् स्थिर१न स्तूपसूचकःन ।	0x0024a4b3	slt s1,s1,sp
न्यूनम् स्थिर१म् स्थिर१न स्थिर११न ।	0x01b4a4b3	slt s1,s1,s11
न्यूनम् स्थिर१म् अर्थ०न क्षणिक२न ।	0x007524b3	slt s1,a0,t2
न्यूनम् स्थिर१म् अर्थ०न क्षणिक६न ।	0x01f524b3	slt s1,a0,t6
न्यूनम् स्थिर१म् अर्थ७न स्थिर१न ।	0x0098a4b3	slt s1,a7,s1
न्यूनम् स्थिर१म् स्थिर११न पुनःस्थानम्न ।	0x001da4b3	slt s1,s11,ra
न्यूनम् स्थिर१म् स्थिर११न अर्थ७न ।	0x011da4b3	slt s1,s11,a7
न्यूनम् स्थिर१म् क्षणिक३न क्षणिक०न ।	0x005e24b3	slt s1,t3,t0
न्यूनम् स्थिर१म् क्षणिक३न क्षणिक३न ।	0x01ce24b3	slt s1,t3,t3
न्यूनम् स्थिर१म् क्षणिक६न स्थिर०न ।	0x008fa4b3	slt s1,t6,s0
न्यूनम् अर्थ०म् शून्यःन शून्यःन ।	0x00002533	slt a0,zero,zero
न्यूनम् अर्थ०म् शून्यःन अर्थ०न ।	0x00a02533	slt a0,zero,a0
न्यूनम् अर्थ०म् पुनःस्थानम्न स्तूपसूचकःन ।	0x0020a533	slt a0,ra,sp
न्यूनम् अर्थ०म् पुनःस्थानम्न स्थिर११न ।	0x01b0a533	slt a0,ra,s11
न्यूनम् अर्थ०म् स्तूपसूचकःन क्षणिक२न ।	0x00712533	slt a0,sp,t2
न्यूनम् अर्थ०म् स्तूपसूचकःन क्षणिक६न ।	0x01f12533	slt a0,sp,t6
न्यूनम् अर्थ०म् क्षणिक०न स्थिर१न ।	0x0092a533	slt a0,t0,s1
न्यूनम् अर्थ०म् क्षणिक२न पुनःस्थानम्न ।	0x0013a533	slt a0,t2,ra
न्यूनम् अर्थ०म् क्षणिक२न अर्थ७न ।	0x0113a533	slt a0,t2,a7
न्यूनम् अर्थ०म् स्थिर०न क्षणिक०न ।	0x00542533	slt a0,s0,t0
न्यूनम् अर्थ०म् स्थिर०न क्षणिक३न ।	0x01c42533	slt a0,s0,t3
न्यूनम् अर्थ०म् स्थिर१न स्थिर०न ।	0x0084a533	slt a0,s1,s0
न्यूनम् अर्थ०म् अर्थ०न शून्यःन ।	0x00052533	slt a0,a0,zero
न्यूनम् अर्थ०म् अर्थ०न अर्थ०न ।	0x00a52533	slt a0,a0,a0
न्यूनम् अर्थ०म् अर्थ७न स्तूपसूचकःन ।	0x0028a533	slt a0,a7,sp
न्यूनम् अर्थ०म् अर्थ७न स्थिर११न ।	0x01b8a533	slt a0,a7,s11
न्यूनम् अर्थ०म् स्थिर११न क्षणिक२न ।	0x007da533	slt a0,s11,t2
न्यूनम् अर्थ०म् स्थिर११न क्षणिक६न ।	0x01fda533	slt a0,s11,t6
न्यूनम् अर्थ०म् क्षणिक३न स्थिर१न ।	0x009e2533	slt a0,t3,s1
न्यूनम् अर्थ०म् क्षणिक६न पुनःस्थानम्न ।	0x001fa533	slt a0,t6,ra
न्यूनम् अर्थ०म् क्षणिक६न अर्थ७न ।	0x011fa533	slt a0,t6,a7
न्यूनम् अर्थ७म् शून्यःन क्षणिक०न ।	0x005028b3	slt a7,zero,t0
न्यूनम् अर्थ७म् शून्यःन क्षणिक३न ।	0x01c028b3	slt a7,zero,t3
न्यूनम् अर्थ७म् पुनःस्थानम्न स्थिर०न ।	0x0080a8b3	slt a7,ra,s0
न्यूनम् अर्थ७म् स्तूपसूचकःन शून्यःन ।	0x000128b3	slt a7,sp,zero
न्यूनम् अर्थ७म् स्तूपसूचकःन अर्थ०न ।	0x00a128b3	slt a7,sp,a0
न्यूनम् अर्थ७म् क्षणिक०न स्तूपसूचकःन ।	0x0022a8b3	slt a7,t0,sp
न्यूनम् अर्थ७म् क्षणिक०न स्थिर११न ।	0x01b2a8b3	slt a7,t0,s11
न्यूनम् अर्थ७म् क्षणिक२न क्षणिक२न ।	0x0073a8b3	slt a7,t2,t2
न्यूनम् अर्थ७म् क्षणिक२न क्षणिक६न ।	0x01f3a8b3	slt a7,t2,t6
न्यूनम् अर्थ७म् स्थिर०न स्थिर१न ।	0x009428b3	slt a7,s0,s1
न्यूनम् अर्थ७म् स्थिर१न पुनःस्थानम्न ।	0x0014a8b3	slt a7,s1,ra
न्यूनम् अर्थ७म् स्थिर१न अर्थ७न ।	0x0114a8b3	slt a7,s1,a7
न्यूनम् अर्थ७म् अर्थ०न क्षणिक०न ।	0x005528b3	slt a7,a0,t0
न्यूनम् अर्थ७म् अर्थ०न क्षणिक३न ।	0x01c528b3	slt a7,a0,t3
न्यूनम् अर्थ७म् अर्थ७न स्थिर०न ।	0x0088a8b3	slt a7,a7,s0
न्यूनम् अर्थ७म् स्थिर११न शून्यःन ।	0x000da8b3	slt a7,s11,zero
न्यूनम् अर्थ७म् स्थिर११न अर्थ०न ।	0x00ada8b3	slt a7,s11,a0
न्यूनम् अर्थ७म् क्षणिक३न स्तूपसूचकःन ।	0x002e28b3	slt a7,t3,sp
न्यूनम् अर्थ७म् क्षणिक३न स्थिर११न ।	0x01be28b3	slt a7,t3,s11
न्यूनम् अर्थ७म् क्षणिक६न क्षणिक२न ।	0x007fa8b3	slt a7,t6,t2
न्यूनम् अर्थ७म् क्षणिक६न क्षणिक६न ।	0x01ffa8b3	slt a7,t6,t6
न्यूनम् स्थिर११म् शून्यःन स्थिर१न ।	0x00902db3	slt s11,zero,s1
न्यूनम् स्थिर११म् पुनःस्थानम्न पुनःस्थानम्न ।	0x0010adb3	slt s11,ra,ra
न्यूनम् स्थिर११म् पुनःस्थानम्न अर्थ७न ।	0x0110adb3	slt s11,ra,a7
न्यूनम् स्थिर११म् स्तूपसूचकःन क्षणिक०न ।	0x00512db3	slt s11,sp,t0
न्यूनम् स्थिर११म् स्तूपसूचकःन क्षणिक३न ।	0x01c12db3	slt s11,sp,t3
न्यूनम् स्थिर११म् क्षणिक०न स्थिर०न ।	0x0082adb3	slt s11,t0,s0
न्यूनम् स्थिर११म् क्षणिक२न शून्यःन ।	0x0003adb3	slt s11,t2,zero
न्यूनम् स्थिर११म् क्षणिक२न अर्थ०न ।	0x00a3adb3	slt s11,t2,a0
न्यूनम् स्थिर११म् स्थिर०न स्तूपसूचकःन ।	0x00242db3	slt s11,s0,sp
न्यूनम् स्थिर११म् स्थिर०न स्थिर११न ।	0x01b42db3	slt s11,s0,s11
न्यूनम् स्थिर११म् स्थिर१न क्षणिक२न ।	0x0074adb3	slt s11,s1,t2
न्यूनम् स्थिर११म् स्थिर१न क्षणिक६न ।	0x01f4adb3	slt s11,s1,t6
न्यूनम् स्थिर११म् अर्थ०न स्थिर१न ।	0x00952db3	slt s11,a0,s1
न्यूनम् स्थिर११म् अर्थ७न पुनःस्थानम्न ।	0x0018adb3	slt s11,a7,ra
न्यूनम् स्थिर११म् अर्थ७न अर्थ७न ।	0x0118adb3	slt s11,a7,a7
न्यूनम् स्थिर११म् स्थिर११न क्षणिक०न ।	0x005dadb3	slt s11,s11,t0
न्यूनम् स्थिर११म् स्थिर११न क्षणिक३न ।	0x01cdadb3	slt s11,s11,t3
न्यूनम् स्थिर११म् क्षणिक३न स्थिर०न ।	0x008e2db3	slt s11,t3,s0
न्यूनम् स्थिर११म् क्षणिक६न शून्यःन ।	0x000fadb3	slt s11,t6,zero
न्यूनम् स्थिर११म् क्षणिक६न अर्थ०न ।	0x00afadb3	slt s11,t6,a0
न्यूनम् क्षणिक३म् शून्यःन स्तूपसूचकःन ।	0x00202e33	slt t3,zero,sp
न्यूनम् क्षणिक३म् शून्यःन स्थिर११न ।	0x01b02e33	slt t3,zero,s11
न्यूनम् क्षणिक३म् पुनःस्थानम्न क्षणिक२न ।	0x0070ae33	slt t3,ra,t2
न्यूनम् क्षणिक३म् पुनःस्थानम्न क्षणिक६न ।	0x01f0ae33	slt t3,ra,t6
न्यूनम् क्षणिक३म् स्तूपसूचकःन स्थिर१न ।	0x00912e33	slt t3,sp,s1
न्यूनम् क्षणिक३म् क्षणिक०न पुनःस्थानम्न ।	0x0012ae33	slt t3,t0,ra
न्यूनम् क्षणिक३म् क्षणिक०न अर्थ७न ।	0x0112ae33	slt t3,t0,a7
न्यूनम् क्षणिक३म् क्षणिक२न क्षणिक०न ।	0x0053ae33	slt t3,t2,t0
न्यूनम् क्षणिक३म् क्षणिक२न क्षणिक३न ।	0x01c3ae33	slt t3,t2,t3
न्यूनम् क्षणिक३म् स्थिर०न स्थिर०न ।	0x00842e33	slt t3,s0,s0
न्यूनम् क्षणिक३म् स्थिर१न शून्यःन ।	0x0004ae33	slt t3,s1,zero
न्यूनम् क्षणिक३म् स्थिर१न अर्थ०न ।	0x00a4ae33	slt t3,s1,a0
न्यूनम् क्षणिक३म् अर्थ०न स्तूपसूचकःन ।	0x00252e33	slt t3,a0,sp
न्यूनम् क्षणिक३म् अर्थ०न स्थिर११न ।	0x01b52e33	slt t3,a0,s11
न्यूनम् क्षणिक३म् अर्थ७न क्षणिक२न ।	0x0078ae33	slt t3,a7,t2
न्यूनम् क्षणिक३म् अर्थ७न क्षणिक६न ।	0x01f8ae33	slt t3,a7,t6
न्यूनम् क्षणिक३म् स्थिर११न स्थिर१न ।	0x009dae33	slt t3,s11,s1
न्यूनम् क्षणिक३म् क्षणिक३न पुनःस्थानम्न ।	0x001e2e33	slt t3,t3,ra
न्यूनम् क्षणिक३म् क्षणिक३न अर्थ७न ।	0x011e2e33	slt t3,t3,a7
न्यूनम् क्षणिक३म् क्षणिक६न क्षणिक०न ।	0x005fae33	slt t3,t6,t0
न्यूनम् क्षणिक३म् क्षणिक६न क्षणिक३न ।	0x01cfae33	slt t3,t6,t3
न्यूनम् क्षणिक६म् शून्यःन स्थिर०न ।	0x00802fb3	slt t6,zero,s0
न्यूनम् क्षणिक६म् पुनःस्थानम्न शून्यःन ।	0x0000afb3	slt t6,ra,zero
न्यूनम् क्षणिक६म् पुनःस्थानम्न अर्थ०न ।	0x00a0afb3	slt t6,ra,a0
न्यूनम् क्षणिक६म् स्तूपसूचकःन स्तूपसूचकःन ।	0x00212fb3	slt t6,sp,sp
न्यूनम् क्षणिक६म् स्तूपसूचकःन स्थिर११न ।	0x01b12fb3	slt t6,sp,s11
न्यूनम् क्षणिक६म् क्षणिक०न क्षणिक२न ।	0x0072afb3	slt t6,t0,t2
न्यूनम् क्षणिक६म् क्षणिक०न क्षणिक६न ।	0x01f2afb3	slt t6,t0,t6
न्यूनम् क्षणिक६म् क्षणिक२न स्थिर१न ।	0x0093afb3	slt t6,t2,s1
न्यूनम् क्षणिक६म् स्थिर०न पुनःस्थानम्न ।	0x00142fb3	slt t6,s0,ra
न्यूनम् क्षणिक६म् स्थिर०न अर्थ७न ।	0x01142fb3	slt t6,s0,a7
न्यूनम् क्षणिक६म् स्थिर१न क्षणिक०न ।	0x0054afb3	slt t6,s1,t0
न्यूनम् क्षणिक६म् स्थिर१न क्षणिक३न ।	0x01c4afb3	slt t6,s1,t3
न्यूनम् क्षणिक६म् अर्थ०न स्थिर०न ।	0x00852fb3	slt t6,a0,s0
न्यूनम् क्षणिक६म् अर्थ७न शून्यःन ।	0x0008afb3	slt t6,a7,zero
न्यूनम् क्षणिक६म् अर्थ७न अर्थ०न ।	0x00a8afb3	slt t6,a7,a0
न्यूनम् क्षणिक६म् स्थिर११न स्तूपसूचकःन ।	0x002dafb3	slt t6,s11,sp
न्यूनम् क्षणिक६म् स्थिर११न स्थिर११न ।	0x01bdafb3	slt t6,s11,s11
न्यूनम् क्षणिक६म् क्षणिक३न क्षणिक२न ।	0x007e2fb3	slt t6,t3,t2
न्यूनम् क्षणिक६म् क्षणिक३न क्षणिक६न ।	0x01fe2fb3	slt t6,t3,t6
न्यूनम् क्षणिक६म् क्षणिक६न स्थिर१न ।	0x009fafb3	slt t6,t6,s1
गुणनम् शून्यःम् शून्यःन शून्यःन ।	0x02000033	mul zero,zero,zero
गुणनम् शून्यःम् शून्यःन अर्थ०न ।	0x02a00033	mul zero,zero,a0
गुणनम् शून्यःम् पुनःस्थानम्न स्तूपसूचकःन ।	0x02208033	mul zero,ra,sp
गुणनम् शून्यःम् पुनःस्थानम्न स्थिर११न ।	0x03b08033	mul zero,ra,s11
गुणनम् शून्यःम् स्तूपसूचकःन क्षणिक२न ।	0x02710033	mul zero,sp,t2
गुणनम् शून्यःम् स्तूपसूचकःन क्षणिक६न ।	0x03f10033	mul zero,sp,t6
गुणनम् शून्यःम् क्षणिक०न स्थिर१न ।	0x02928033	mul zero,t0,s1
गुणनम् शून्यःम् क्षणिक२न पुनःस्थानम्न ।	0x02138033	mul zero,t2,ra
गुणनम् शून्यःम् क्षणिक२न अर्थ७न ।	0x03138033	mul zero,t2,a7
गुणनम् शून्यःम् स्थिर०न क्षणिक०न ।	0x02540033	mul zero,s0,t0
गुणनम् शून्यःम् स्थिर०न क्षणिक३न ।	0x03c40033	mul zero,s0,t3
गुणनम् शून्यःम् स्थिर१न स्थिर०न ।	0x02848033	mul zero,s1,s0
गुणनम् शून्यःम् अर्थ०न शून्यःन ।	0x02050033	mul zero,a0,zero
गुणनम् शून्यःम् अर्थ०न अर्थ०न ।	0x02a50033	mul zero,a0,a0
गुणनम् शून्यःम् अर्थ७न स्तूपसूचकःन ।	0x02288033	mul zero,a7,sp
गुणनम् शून्यःम् अर्थ७न स्थिर११न ।	0x03b88033	mul zero,a7,s11
गुणनम् शून्यःम् स्थिर११न क्षणिक२न ।	0x027d8033	mul zero,s11,t2
गुणनम् शून्यःम् स्थिर११न क्षणिक६न ।	0x03fd8033	mul zero,s11,t6
गुणनम् शून्यःम् क्षणिक३न स्थिर१न ।	0x029e0033	mul zero,t3,s1
गुणनम् शून्यःम् क्षणिक६न पुनःस्थानम्न ।	0x021f8033	mul zero,t6,ra
गुणनम् शून्यःम् क्षणिक६न अर्थ७न ।	0x031f8033	mul zero,t6,a7
गुणनम् पुनःस्थानम्म् शून्यःन क्षणिक०न ।	0x025000b3	mul ra,zero,t0
गुणनम् पुनःस्थानम्म् शून्यःन क्षणिक३न ।	0x03c000b3	mul ra,zero,t3
गुणनम् पुनःस्थानम्म् पुनःस्थानम्न स्थिर०न ।	0x028080b3	mul ra,ra,s0
गुणनम् पुनःस्थानम्म् स्तूपसूचकःन शून्यःन ।	0x020100b3	mul ra,sp,zero
गुणनम् पुनःस्थानम्म् स्तूपसूचकःन अर्थ०न ।	0x02a100b3	mul ra,sp,a0
गुणनम् पुनःस्थानम्म् क्षणिक०न स्तूपसूचकःन ।	0x022280b3	mul ra,t0,sp
गुणनम् पुनःस्थानम्म् क्षणिक०न स्थिर११न ।	0x03b280b3	mul ra,t0,s11
गुणनम् पुनःस्थानम्म् क्षणिक२न क्षणिक२न ।	0x027380b3	mul ra,t2,t2
गुणनम् पुनःस्थानम्म् क्षणिक२न क्षणिक६न ।	0x03f380b3	mul ra,t2,t6
गुणनम् पुनःस्थानम्म् स्थिर०न स्थिर१न ।	0x029400b3	mul ra,s0,s1
गुणनम् पुनःस्थानम्म् स्थिर१न पुनःस्थानम्न ।	0x021480b3	mul ra,s1,ra
गुणनम् पुनःस्थानम्म् स्थिर१न अर्थ७न ।	0x031480b3	mul ra,s1,a7
गुणनम् पुनःस्थानम्म् अर्थ०न क्षणिक०न ।	0x025500b3	mul ra,a0,t0
गुणनम् पुनःस्थानम्म् अर्थ०न क्षणिक३न ।	0x03c500b3	mul ra,a0,t3
गुणनम् पुनःस्थानम्म् अर्थ७न स्थिर०न ।	0x028880b3	mul ra,a7,s0
गुणनम् पुनःस्थानम्म् स्थिर११न शून्यःन ।	0x020d80b3	mul ra,s11,zero
गुणनम् पुनःस्थानम्म् स्थिर११न अर्थ०न ।	0x02ad80b3	mul ra,s11,a0
गुणनम् पुनःस्थानम्म् क्षणिक३न स्तूपसूचकःन ।	0x022e00b3	mul ra,t3,sp
गुणनम् पुनःस्थानम्म् क्षणिक३न स्थिर११न ।	0x03be00b3	mul ra,t3,s11
गुणनम् पुनःस्थानम्म् क्षणिक६न क्षणिक२न ।	0x027f80b3	mul ra,t6,t2
गुणनम् पुनःस्थानम्म् क्षणिक६न क्षणिक६न ।	0x03ff80b3	mul ra,t6,t6
गुणनम् स्तूपसूचकःम् शून्यःन स्थिर१न ।	0x02900133	mul sp,zero,s1
गुणनम् स्तूपसूचकःम् पुनःस्थानम्न पुनःस्थानम्न ।	0x02108133	mul sp,ra,ra
गुणनम् स्तूपसूचकःम् पुनःस्थानम्न अर्थ७न ।	0x03108133	mul sp,ra,a7
गुणनम् स्तूपसूचकःम् स्तूपसूचकःन क्षणिक०न ।	0x02510133	mul sp,sp,t0
गुणनम् स्तूपसूचकःम् स्तूपसूचकःन क्षणिक३न ।	0x03c10133	mul sp,sp,t3
गुणनम् स्तूपसूचकःम् क्षणिक०न स्थिर०न ।	0x02828133	mul sp,t0,s0
गुणनम् स्तूपसूचकःम् क्षणिक२न शून्यःन ।	0x02038133	mul sp,t2,zero
गुणनम् स्तूपसूचकःम् क्षणिक२न अर्थ०न ।	0x02a38133	mul sp,t2,a0
गुणनम् स्तूपसूचकःम् स्थिर०न स्तूपसूचकःन ।	0x02240133	mul sp,s0,sp
गुणनम् स्तूपसूचकःम् स्थिर०न स्थिर११न ।	0x03b40133	mul sp,s0,s11
गुणनम् स्तूपसूचकःम् स्थिर१न क्षणिक२न ।	0x02748133	mul sp,s1,t2
गुणनम् स्तूपसूचकःम् स्थिर१न क्षणिक६न ।	0x03f48133	mul sp,s1,t6
गुणनम् स्तूपसूचकःम् अर्थ०न स्थिर१न ।	0x02950133	mul sp,a0,s1
गुणनम् स्तूपसूचकःम् अर्थ७न पुनःस्थानम्न ।	0x02188133	mul sp,a7,ra
गुणनम् स्तूपसूचकःम् अर्थ७न अर्थ७न ।	0x03188133	mul sp,a7,a7
गुणनम् स्तूपसूचकःम् स्थिर११न क्षणिक०न ।	0x025d8133	mul sp,s11,t0
गुणनम् स्तूपसूचकःम् स्थिर११न क्षणिक३न ।	0x03cd8133	mul sp,s11,t3
गुणनम् स्तूपसूचकःम् क्षणिक३न स्थिर०न ।	0x028e0133	mul sp,t3,s0
गुणनम् स्तूपसूचकःम् क्षणिक६न शून्यःन ।	0x020f8133	mul sp,t6,zero
गुणनम् स्तूपसूचकःम् क्षणिक६न अर्थ०न ।	0x02af8133	mul sp,t6,a0
गुणनम् क्षणिक०म् शून्यःन स्तूपसूचकःन ।	0x022002b3	mul t0,zero,sp
गुणनम् क्षणिक०म् शून्यःन स्थिर११न ।	0x03b002b3	mul t0,zero,s11
गुणनम् क्षणिक०म् पुनःस्थानम्न क्षणिक२न ।	0x027082b3	mul t0,ra,t2
गुणनम् क्षणिक०म् पुनःस्थानम्न क्षणिक६न ।	0x03f082b3	mul t0,ra,t6
गुणनम् क्षणिक०म् स्तूपसूचकःन स्थिर१न ।	0x029102b3	mul t0,sp,s1
गुणनम् क्षणिक०म् क्षणिक०न पुनःस्थानम्न ।	0x021282b3	mul t0,t0,ra
गुणनम् क्षणिक०म् क्षणिक०न अर्थ७न ।	0x031282b3	mul t0,t0,a7
गुणनम् क्षणिक०म् क्षणिक२न क्षणिक०न ।	0x025382b3	mul t0,t2,t0
गुणनम् क्षणिक०म् क्षणिक२न क्षणिक३न ।	0x03c382b3	mul t0,t2,t3
गुणनम् क्षणिक०म् स्थिर०न स्थिर०न ।	0x028402b3	mul t0,s0,s0
गुणनम् क्षणिक०म् स्थिर१न शून्यःन ।	0x020482b3	mul t0,s1,zero
गुणनम् क्षणिक०म् स्थिर१न अर्थ०न ।	0x02a482b3	mul t0,s1,a0
गुणनम् क्षणिक०म् अर्थ०न स्तूपसूचकःन ।	0x022502b3	mul t0,a0,sp
गुणनम् क्षणिक०म् अर्थ०न स्थिर११न ।	0x03b502b3	mul t0,a0,s11
गुणनम् क्षणिक०म् अर्थ७न क्षणिक२न ।	0x027882b3	mul t0,a7,t2
गुणनम् क्षणिक०म् अर्थ७न क्षणिक६न ।	0x03f882b3	mul t0,a7,t6
गुणनम् क्षणिक०म् स्थिर११न स्थिर१न ।	0x029d82b3	mul t0,s11,s1
गुणनम् क्षणिक०म् क्षणिक३न पुनःस्थानम्न ।	0x021e02b3	mul t0,t3,ra
गुणनम् क्षणिक०म् क्षणिक३न अर्थ७न ।	0x031e02b3	mul t0,t3,a7
गुणनम् क्षणिक०म् क्षणिक६न क्षणिक०न ।	0x025f82b3	mul t0,t6,t0
गुणनम् क्षणिक०म् क्षणिक६न क्षणिक३न ।	0x03cf82b3	mul t0,t6,t3
गुणनम् क्षणिक२म् शून्यःन स्थिर०न ।	0x028003b3	mul t2,zero,s0
गुणनम् क्षणिक२म् पुनःस्थानम्न शून्यःन ।	0x020083b3	mul t2,ra,zero
गुणनम् क्षणिक२म् पुनःस्थानम्न अर्थ०न ।	0x02a083b3	mul t2,ra,a0
गुणनम् क्षणिक२म् स्तूपसूचकःन स्तूपसूचकःन ।	0x022103b3	mul t2,sp,sp
गुणनम् क्षणिक२म् स्तूपसूचकःन स्थिर११न ।	0x03b103b3	mul t2,sp,s11
गुणनम् क्षणिक२म् क्षणिक०न क्षणिक२न ।	0x027283b3	mul t2,t0,t2
गुणनम् क्षणिक२म् क्षणिक०न क्षणिक६न ।	0x03f283b3	mul t2,t0,t6
गुणनम् क्षणिक२म् क्षणिक२न स्थिर१न ।	0x029383b3	mul t2,t2,s1
गुणनम् क्षणिक२म् स्थिर०न पुनःस्थानम्न ।	0x021403b3	mul t2,s0,ra
गुणनम् क्षणिक२म् स्थिर०न अर्थ७न ।	0x031403b3	mul t2,s0,a7
गुणनम् क्षणिक२म् स्थिर१न क्षणिक०न ।	0x025483b3	mul t2,s1,t0
गुणनम् क्षणिक२म् स्थिर१न क्षणिक३न ।	0x03c483b3	mul t2,s1,t3
गुणनम् क्षणिक२म् अर्थ०न स्थिर०न ।	0x028503b3	mul t2,a0,s0
गुणनम् क्षणिक२म् अर्थ७न शून्यःन ।	0x020883b3	mul t2,a7,zero
गुणनम् क्षणिक२म् अर्थ७न अर्थ०न ।	0x02a883b3	mul t2,a7,a0
गुणनम् क्षणिक२म् स्थिर११न स्तूपसूचकःन ।	0x022d83b3	mul t2,s11,sp
गुणनम् क्षणिक२म् स्थिर११न स्थिर११न ।	0x03bd83b3	mul t2,s11,s11
गुणनम् क्षणिक२म् क्षणिक३न क्षणिक२न ।	0x027e03b3	mul t2,t3,t2
गुणनम् क्षणिक२म् क्षणिक३न क्षणिक६न ।	0x03fe03b3	mul t2,t3,t6
गुणनम् क्षणिक२म् क्षणिक६न स्थिर१न ।	0x029f83b3	mul t2,t6,s1
गुणनम् स्थिर०म् शून्यःन पुनःस्थानम्न ।	0x02100433	mul s0,zero,ra
गुणनम् स्थिर०म् शून्यःन अर्थ७न ।	0x03100433	mul s0,zero,a7
गुणनम् स्थिर०म् पुनःस्थानम्न क्षणिक०न ।	0x02508433	mul s0,ra,t0
गुणनम् स्थिर०म् पुनःस्थानम्न क्षणिक३न ।	0x03c08433	mul s0,ra,t3
गुणनम् स्थिर०म् स्तूपसूचकःन स्थिर०न ।	0x02810433	mul s0,sp,s0
गुणनम् स्थिर०म् क्षणिक०न शून्यःन ।	0x02028433	mul s0,t0,zero
गुणनम् स्थिर०म् क्षणिक०न अर्थ०न ।	0x02a28433	mul s0,t0,a0
गुणनम् स्थिर०म् क्षणिक२न स्तूपसूचकःन ।	0x02238433	mul s0,t2,sp
गुणनम् स्थिर०म् क्षणिक२न स्थिर११न ।	0x03b38433	mul s0,t2,s11
गुणनम् स्थिर०म् स्थिर०न क्षणिक२न ।	0x02740433	mul s0,s0,t2
गुणनम् स्थिर०म् स्थिर०न क्षणिक६न ।	0x03f40433	mul s0,s0,t6
गुणनम् स्थिर०म् स्थिर१न स्थिर१न ।	0x02948433	mul s0,s1,s1
गुणनम् स्थिर०म् अर्थ०न पुनःस्थानम्न ।	0x02150433	mul s0,a0,ra
गुणनम् स्थिर०म् अर्थ०न अर्थ७न ।	0x03150433	mul s0,a0,a7
गुणनम् स्थिर०म् अर्थ७न क्षणिक०न ।	0x02588433	mul s0,a7,t0
गुणनम् स्थिर०म् अर्थ७न क्षणिक३न ।	0x03c88433	mul s0,a7,t3
गुणनम् स्थिर०म् स्थिर११न स्थिर०न ।	0x028d8433	mul s0,s11,s0
गुणनम् स्थिर०म् क्षणिक३न शून्यःन ।	0x020e0433	mul s0,t3,zero
गुणनम् स्थिर०म् क्षणिक३न अर्थ०न ।	0x02ae0433	mul s0,t3,a0
गुणनम् स्थिर०म् क्षणिक६न स्तूपसूचकःन ।	0x022f8433	mul s0,t6,sp
गुणनम् स्थिर०म् क्षणिक६न स्थिर११न ।	0x03bf8433	mul s0,t6,s11
गुणनम् स्थिर१म् शून्यःन क्षणिक२न ।	0x027004b3	mul s1,zero,t2
गुणनम् स्थिर१म् शून्यःन क्षणिक६न ।	0x03f004b3	mul s1,zero,t6
गुणनम् स्थिर१म् पुनःस्थानम्न स्थिर१न ।	0x029084b3	mul s1,ra,s1
गुणनम् स्थिर१म् स्तूपसूचकःन पुनःस्थानम्न ।	0x021104b3	mul s1,sp,ra
गुणनम् स्थिर१म् स्तूपसूचकःन अर्थ७न ।	0x031104b3	mul s1,sp,a7
गुणनम् स्थिर१म् क्षणिक०न क्षणिक०न ।	0x025284b3	mul s1,t0,t0
गुणनम् स्थिर१म् क्षणिक०न क्षणिक३न ।	0x03c284b3	mul s1,t0,t3
गुणनम् स्थिर१म् क्षणिक२न स्थिर०न ।	0x028384b3	mul s1,t2,s0
गुणनम् स्थिर१म् स्थिर०न शून्यःन ।	0x020404b3	mul s1,s0,zero
गुणनम् स्थिर१म् स्थिर०न अर्थ०न ।	0x02a404b3	mul s1,s0,a0
गुणनम् स्थिर१म् स्थिर१न स्तूपसूचकःन ।	0x022484b3	mul s1,s1,sp
गुणनम् स्थिर१म् स्थिर१न स्थिर११न ।	0x03b484b3	mul s1,s1,s11
गुणनम् स्थिर१म् अर्थ०न क्षणिक२न ।	0x027504b3	mul s1,a0,t2
गुणनम् स्थिर१म् अर्थ०न क्षणिक६न ।	0x03f504b3	mul s1,a0,t6
गुणनम् स्थिर१म् अर्थ७न स्थिर१न ।	0x029884b3	mul s1,a7,s1
गुणनम् स्थिर१म् स्थिर११न पुनःस्थानम्न ।	0x021d84b3	mul s1,s11,ra
गुणनम् स्थिर१म् स्थिर११न अर्थ७न ।	0x031d84b3	mul s1,s11,a7
गुणनम् स्थिर१म् क्षणिक३न क्षणिक०न ।	0x025e04b3	mul s1,t3,t0
गुणनम् स्थिर१म् क्षणिक३न क्षणिक३न ।	0x03ce04b3	mul s1,t3,t3
गुणनम् स्थिर१म् क्षणिक६न स्थिर०न ।	0x028f84b3	mul s1,t6,s0
गुणनम् अर्थ०म् शून्यःन शून्यःन ।	0x02000533	mul a0,zero,zero
गुणनम् अर्थ०म् शून्यःन अर्थ०न ।	0x02a00533	mul a0,zero,a0
गुणनम् अर्थ०म् पुनःस्थानम्न स्तूपसूचकःन ।	0x02208533	mul a0,ra,sp
गुणनम् अर्थ०म् पुनःस्थानम्न स्थिर११न ।	0x03b08533	mul a0,ra,s11
गुणनम् अर्थ०म् स्तूपसूचकःन क्षणिक२न ।	0x02710533	mul a0,sp,t2
गुणनम् अर्थ०म् स्तूपसूचकःन क्षणिक६न ।	0x03f10533	mul a0,sp,t6
गुणनम् अर्थ०म् क्षणिक०न स्थिर१न ।	0x02928533	mul a0,t0,s1
गुणनम् अर्थ०म् क्षणिक२न पुनःस्थानम्न ।	0x02138533	mul a0,t2,ra
गुणनम् अर्थ०म् क्षणिक२न अर्थ७न ।	0x03138533	mul a0,t2,a7
गुणनम् अर्थ०म् स्थिर०न क्षणिक०न ।	0x02540533	mul a0,s0,t0
गुणनम् अर्थ०म् स्थिर०न क्षणिक३न ।	0x03c40533	mul a0,s0,t3
गुणनम् अर्थ०म् स्थिर१न स्थिर०न ।	0x02848533	mul a0,s1,s0
गुणनम् अर्थ०म् अर्थ०न शून्यःन ।	0x02050533	mul a0,a0,zero
गुणनम् अर्थ०म् अर्थ०न अर्थ०न ।	0x02a50533	mul a0,a0,a0
गुणनम् अर्थ०म् अर्थ७न स्तूपसूचकःन ।	0x02288533	mul a0,a7,sp
गुणनम् अर्थ०म् अर्थ७न स्थिर११न ।	0x03b88533	mul a0,a7,s11
गुणनम् अर्थ०म् स्थिर११न क्षणिक२न ।	0x027d8533	mul a0,s11,t2
गुणनम् अर्थ०म् स्थिर११न क्षणिक६न ।	0x03fd8533	mul a0,s11,t6
गुणनम् अर्थ०म् क्षणिक३न स्थिर१न ।	0x029e0533	mul a0,t3,s1
गुणनम् अर्थ०म् क्षणिक६न पुनःस्थानम्न ।	0x021f8533	mul a0,t6,ra
गुणनम् अर्थ०म् क्षणिक६न अर्थ७न ।	0x031f8533	mul a0,t6,a7
गुणनम् अर्थ७म् शून्यःन क्षणिक०न ।	0x025008b3	mul a7,zero,t0
गुणनम् अर्थ७म् शून्यःन क्षणिक३न ।	0x03c008b3	mul a7,zero,t3
गुणनम् अर्थ७म् पुनःस्थानम्न स्थिर०न ।	0x028088b3	mul a7,ra,s0
गुणनम् अर्थ७म् स्तूपसूचकःन शून्यःन ।	0x020108b3	mul a7,sp,zero
गुणनम् अर्थ७म् स्तूपसूचकःन अर्थ०न ।	0x02a108b3	mul a7,sp,a0
गुणनम् अर्थ७म् क्षणिक०न स्तूपसूचकःन ।	0x022288b3	mul a7,t0,sp
गुणनम् अर्थ७म् क्षणिक०न स्थिर११न ।	0x03b288b3	mul a7,t0,s11
गुणनम् अर्थ७म् क्षणिक२न क्षणिक२न ।	0x027388b3	mul a7,t2,t2
गुणनम् अर्थ७म् क्षणिक२न क्षणिक६न ।	0x03f388b3	mul a7,t2,t6
गुणनम् अर्थ७म् स्थिर०न स्थिर१न ।	0x029408b3	mul a7,s0,s1
गुणनम् अर्थ७म् स्थिर१न पुनःस्थानम्न ।	0x021488b3	mul a7,s1,ra
गुणनम् अर्थ७म् स्थिर१न अर्थ७न ।	0x031488b3	mul a7,s1,a7
गुणनम् अर्थ७म् अर्थ०न क्षणिक०न ।	0x025508b3	mul a7,a0,t0
गुणनम् अर्थ७म् अर्थ०न क्षणिक३न ।	0x03c508b3	mul a7,a0,t3
गुणनम् अर्थ७म् अर्थ७न स्थिर०न ।	0x028888b3	mul a7,a7,s0
गुणनम् अर्थ७म् स्थिर११न शून्यःन ।	0x020d88b3	mul a7,s11,zero
गुणनम् अर्थ७म् स्थिर११न अर्थ०न ।	0x02ad88b3	mul a7,s11,a0
गुणनम् अर्थ७म् क्षणिक३न स्तूपसूचकःन ।	0x022e08b3	mul a7,t3,sp
गुणनम् अर्थ७म् क्षणिक३न स्थिर११न ।	0x03be08b3	mul a7,t3,s11
गुणनम् अर्थ७म् क्षणिक६न क्षणिक२न ।	0x027f88b3	mul a7,t6,t2
गुणनम् अर्थ७म् क्षणिक६न क्षणिक६न ।	0x03ff88b3	mul a7,t6,t6
गुणनम् स्थिर११म् शून्यःन स्थिर१न ।	0x02900db3	mul s11,zero,s1
गुणनम् स्थिर११म् पुनःस्थानम्न पुनःस्थानम्न ।	0x02108db3	mul s11,ra,ra
गुणनम् स्थिर११म् पुनःस्थानम्न अर्थ७न ।	0x03108db3	mul s11,ra,a7
गुणनम् स्थिर११म् स्तूपसूचकःन क्षणिक०न ।	0x02510db3	mul s11,sp,t0
गुणनम् स्थिर११म् स्तूपसूचकःन क्षणिक३न ।	0x03c10db3	mul s11,sp,t3
गुणनम् स्थिर११म् क्षणिक०न स्थिर०न ।	0x02828db3	mul s11,t0,s0
गुणनम् स्थिर११म् क्षणिक२न शून्यःन ।	0x02038db3	mul s11,t2,zero
गुणनम् स्थिर११म् क्षणिक२न अर्थ०न ।	0x02a38db3	mul s11,t2,a0
गुणनम् स्थिर११म् स्थिर०न स्तूपसूचकःन ।	0x02240db3	mul s11,s0,sp
गुणनम् स्थिर११म् स्थिर०न स्थिर११न ।	0x03b40db3	mul s11,s0,s11
गुणनम् स्थिर११म् स्थिर१न क्षणिक२न ।	0x02748db3	mul s11,s1,t2
गुणनम् स्थिर११म् स्थिर१न क्षणिक६न ।	0x03f48db3	mul s11,s1,t6
गुणनम् स्थिर११म् अर्थ०न स्थिर१न ।	0x02950db3	mul s11,a0,s1
गुणनम् स्थिर११म् अर्थ७न पुनःस्थानम्न ।	0x02188db3	mul s11,a7,ra
गुणनम् स्थिर११म् अर्थ७न अर्थ७न ।	0x03188db3	mul s11,a7,a7
गुणनम् स्थिर११म् स्थिर११न क्षणिक०न ।	0x025d8db3	mul s11,s11,t0
गुणनम् स्थिर११म् स्थिर११न क्षणिक३न ।	0x03cd8db3	mul s11,s11,t3
गुणनम् स्थिर११म् क्षणिक३न स्थिर०न ।	0x028e0db3	mul s11,t3,s0
गुणनम् स्थिर११म् क्षणिक६न शून्यःन ।	0x020f8db3	mul s11,t6,zero
गुणनम् स्थिर११म् क्षणिक६न अर्थ०न ।	0x02af8db3	mul s11,t6,a0
गुणनम् क्षणिक३म् शून्यःन स्तूपसूचकःन ।	0x02200e33	mul t3,zero,sp
गुणनम् क्षणिक३म् शून्यःन स्थिर११न ।	0x03b00e33	mul t3,zero,s11
गुणनम् क्षणिक३म् पुनःस्थानम्न क्षणिक२न ।	0x02708e33	mul t3,ra,t2
गुणनम् क्षणिक३म् पुनःस्थानम्न क्षणिक६न ।	0x03f08e33	mul t3,ra,t6
गुणनम् क्षणिक३म् स्तूपसूचकःन स्थिर१न ।	0x02910e33	mul t3,sp,s1
गुणनम् क्षणिक३म् क्षणिक०न पुनःस्थानम्न ।	0x02128e33	mul t3,t0,ra
गुणनम् क्षणिक३म् क्षणिक०न अर्थ७न ।	0x03128e33	mul t3,t0,a7
गुणनम् क्षणिक३म् क्षणिक२न क्षणिक०न ।	0x02538e33	mul t3,t2,t0
गुणनम् क्षणिक३म् क्षणिक२न क्षणिक३न ।	0x03c38e33	mul t3,t2,t3
गुणनम् क्षणिक३म् स्थिर०न स्थिर०न ।	0x02840e33	mul t3,s0,s0
गुणनम् क्षणिक३म् स्थिर१न शून्यःन ।	0x02048e33	mul t3,s1,zero
गुणनम् क्षणिक३म् स्थिर१न अर्थ०न ।	0x02a48e33	mul t3,s1,a0
गुणनम् क्षणिक३म् अर्थ०न स्तूपसूचकःन ।	0x02250e33	mul t3,a0,sp
गुणनम् क्षणिक३म् अर्थ०न स्थिर११न ।	0x03b50e33	mul t3,a0,s11
गुणनम् क्षणिक३म् अर्थ७न क्षणिक२न ।	0x02788e33	mul t3,a7,t2
गुणनम् क्षणिक३म् अर्थ७न क्षणिक६न ।	0x03f88e33	mul t3,a7,t6
गुणनम् क्षणिक३म् स्थिर११न स्थिर१न ।	0x029d8e33	mul t3,s11,s1
गुणनम् क्षणिक३म् क्षणिक३न पुनःस्थानम्न ।	0x021e0e33	mul t3,t3,ra
गुणनम् क्षणिक३म् क्षणिक३न अर्थ७न ।	0x031e0e33	mul t3,t3,a7
गुणनम् क्षणिक३म् क्षणिक६न क्षणिक०न ।	0x025f8e33	mul t3,t6,t0
गुणनम् क्षणिक३म् क्षणिक६न क्षणिक३न ।	0x03cf8e33	mul t3,t6,t3
गुणनम् क्षणिक६म् शून्यःन स्थिर०न ।	0x02800fb3	mul t6,zero,s0
गुणनम् क्षणिक६म् पुनःस्थानम्न शून्यःन ।	0x02008fb3	mul t6,ra,zero
गुणनम् क्षणिक६म् पुनःस्थानम्न अर्थ०न ।	0x02a08fb3	mul t6,ra,a0
गुणनम् क्षणिक६म् स्तूपसूचकःन स्तूपसूचकःन ।	0x02210fb3	mul t6,sp,sp
गुणनम् क्षणिक६म् स्तूपसूचकःन स्थिर११न ।	0x03b10fb3	mul t6,sp,s11
गुणनम् क्षणिक६म् क्षणिक०न क्षणिक२न ।	0x02728fb3	mul t6,t0,t2
गुणनम् क्षणिक६म् क्षणिक०न क्षणिक६न ।	0x03f28fb3	mul t6,t0,t6
गुणनम् क्षणिक६म् क्षणिक२न स्थिर१न ।	0x02938fb3	mul t6,t2,s1
गुणनम् क्षणिक६म् स्थिर०न पुनःस्थानम्न ।	0x02140fb3	mul t6,s0,ra
गुणनम् क्षणिक६म् स्थिर०न अर्थ७न ।	0x03140fb3	mul t6,s0,a7
गुणनम् क्षणिक६म् स्थिर१न क्षणिक०न ।	0x02548fb3	mul t6,s1,t0
गुणनम् क्षणिक६म् स्थिर१न क्षणिक३न ।	0x03c48fb3	mul t6,s1,t3
गुणनम् क्षणिक६म् अर्थ०न स्थिर०न ।	0x02850fb3	mul t6,a0,s0
गुणनम् क्षणिक६म् अर्थ७न शून्यःन ।	0x02088fb3	mul t6,a7,zero
गुणनम् क्षणिक६म् अर्थ७न अर्थ०न ।	0x02a88fb3	mul t6,a7,a0
गुणनम् क्षणिक६म् स्थिर११न स्तूपसूचकःन ।	0x022d8fb3	mul t6,s11,sp
गुणनम् क्षणिक६म् स्थिर११न स्थिर११न ।	0x03bd8fb3	mul t6,s11,s11
गुणनम् क्षणिक६म् क्षणिक३न क्षणिक२न ।	0x027e0fb3	mul t6,t3,t2
गुणनम् क्षणिक६म् क्षणिक३न क्षणिक६न ।	0x03fe0fb3	mul t6,t3,t6
गुणनम् क्षणिक६म् क्षणिक६न स्थिर१न ।	0x029f8fb3	mul t6,t6,s1
भागः शून्यःम् शून्यःन शून्यःन ।	0x02004033	div zero,zero,zero
भागः शून्यःम् शून्यःन अर्थ०न ।	0x02a04033	div zero,zero,a0
भागः शून्यःम् पुनःस्थानम्न स्तूपसूचकःन ।	0x0220c033	div zero,ra,sp
भागः शून्यःम् पुनःस्थानम्न स्थिर११न ।	0x03b0c033	div zero,ra,s11
भागः शून्यःम् स्तूपसूचकःन क्षणिक२न ।	0x02714033	div zero,sp,t2
भागः शून्यःम् स्तूपसूचकःन क्षणिक६न ।	0x03f14033	div zero,sp,t6
भागः शून्यःम् क्षणिक०न स्थिर१न ।	0x0292c033	div zero,t0,s1
भागः शून्यःम् क्षणिक२न पुनःस्थानम्न ।	0x0213c033	div zero,t2,ra
भागः शून्यःम् क्षणिक२न अर्थ७न ।	0x0313c033	div zero,t2,a7
भागः शून्यःम् स्थिर०न क्षणिक०न ।	0x02544033	div zero,s0,t0
भागः शून्यःम् स्थिर०न क्षणिक३न ।	0x03c44033	div zero,s0,t3
भागः शून्यःम् स्थिर१न स्थिर०न ।	0x0284c033	div zero,s1,s0
भागः शून्यःम् अर्थ०न शून्यःन ।	0x02054033	div zero,a0,zero
भागः शून्यःम् अर्थ०न अर्थ०न ।	0x02a54033	div zero,a0,a0
भागः शून्यःम् अर्थ७न स्तूपसूचकःन ।	0x0228c033	div zero,a7,sp
भागः शून्यःम् अर्थ७न स्थिर११न ।	0x03b8c033	div zero,a7,s11
भागः शून्यःम् स्थिर११न क्षणिक२न ।	0x027dc033	div zero,s11,t2
भागः शून्यःम् स्थिर११न क्षणिक६न ।	0x03fdc033	div zero,s11,t6
भागः शून्यःम् क्षणिक३न स्थिर१न ।	0x029e4033	div zero,t3,s1
भागः शून्यःम् क्षणिक६न पुनःस्थानम्न ।	0x021fc033	div zero,t6,ra
भागः शून्यःम् क्षणिक६न अर्थ७न ।	0x031fc033	div zero,t6,a7
भागः पुनःस्थानम्म् शून्यःन क्षणिक०न ।	0x025040b3	div ra,zero,t0
भागः पुनःस्थानम्म् शून्यःन क्षणिक३न ।	0x03c040b3	div ra,zero,t3
भागः पुनःस्थानम्म् पुनःस्थानम्न स्थिर०न ।	0x0280c0b3	div ra,ra,s0
भागः पुनःस्थानम्म् स्तूपसूचकःन शून्यःन ।	0x020140b3	div ra,sp,zero
भागः पुनःस्थानम्म् स्तूपसूचकःन अर्थ०न ।	0x02a140b3	div ra,sp,a0
भागः पुनःस्थानम्म् क्षणिक०न स्तूपसूचकःन ।	0x0222c0b3	div ra,t0,sp
भागः पुनःस्थानम्म् क्षणिक०न स्थिर११न ।	0x03b2c0b3	div ra,t0,s11
भागः पुनःस्थानम्म् क्षणिक२न क्षणिक२न ।	0x0273c0b3	div ra,t2,t2
भागः पुनःस्थानम्म् क्षणिक२न क्षणिक६न ।	0x03f3c0b3	div ra,t2,t6
भागः पुनःस्थानम्म् स्थिर०न स्थिर१न ।	0x029440b3	div ra,s0,s1
भागः पुनःस्थानम्म् स्थिर१न पुनःस्थानम्न ।	0x0214c0b3	div ra,s1,ra
भागः पुनःस्थानम्म् स्थिर१न अर्थ७न ।	0x0314c0b3	div ra,s1,a7
भागः पुनःस्थानम्म् अर्थ०न क्षणिक०न ।	0x025540b3	div ra,a0,t0
भागः पुनःस्थानम्म् अर्थ०न क्षणिक३न ।	0x03c540b3	div ra,a0,t3
भागः पुनःस्थानम्म् अर्थ७न स्थिर०न ।	0x0288c0b3	div ra,a7,s0
भागः पुनःस्थानम्म् स्थिर११न शून्यःन ।	0x020dc0b3	div ra,s11,zero
भागः पुनःस्थानम्म् स्थिर११न अर्थ०न ।	0x02adc0b3	div ra,s11,a0
भागः पुनःस्थानम्म् क्षणिक३न स्तूपसूचकःन ।	0x022e40b3	div ra,t3,sp
भागः पुनःस्थानम्म् क्षणिक३न स्थिर११न ।	0x03be40b3	div ra,t3,s11
भागः पुनःस्थानम्म् क्षणिक६न क्षणिक२न ।	0x027fc0b3	div ra,t6,t2
भागः पुनःस्थानम्म् क्षणिक६न क्षणिक६न ।	0x03ffc0b3	div ra,t6,t6
भागः स्तूपसूचकःम् शून्यःन स्थिर१न ।	0x02904133	div sp,zero,s1
भागः स्तूपसूचकःम् पुनःस्थानम्न पुनःस्थानम्न ।	0x0210c133	div sp,ra,ra
भागः स्तूपसूचकःम् पुनःस्थानम्न अर्थ७न ।	0x0310c133	div sp,ra,a7
भागः स्तूपसूचकःम् स्तूपसूचकःन क्षणिक०न ।	0x02514133	div sp,sp,t0
भागः स्तूपसूचकःम् स्तूपसूचकःन क्षणिक३न ।	0x03c14133	div sp,sp,t3
भागः स्तूपसूचकःम् क्षणिक०न स्थिर०न ।	0x0282c133	div sp,t0,s0
भागः स्तूपसूचकःम् क्षणिक२न शून्यःन ।	0x0203c133	div sp,t2,zero
भागः स्तूपसूचकःम् क्षणिक२न अर्थ०न ।	0x02a3c133	div sp,t2,a0
भागः स्तूपसूचकःम् स्थिर०न स्तूपसूचकःन ।	0x02244133	div sp,s0,sp
भागः स्तूपसूचकःम् स्थिर०न स्थिर११न ।	0x03b44133	div sp,s0,s11
भागः स्तूपसूचकःम् स्थिर१न क्षणिक२न ।	0x0274c133	div sp,s1,t2
भागः स्तूपसूचकःम् स्थिर१न क्षणिक६न ।	0x03f4c133	div sp,s1,t6
भागः स्तूपसूचकःम् अर्थ०न स्थिर१न ।	0x02954133	div sp,a0,s1
भागः स्तूपसूचकःम् अर्थ७न पुनःस्थानम्न ।	0x0218c133	div sp,a7,ra
भागः स्तूपसूचकःम् अर्थ७न अर्थ७न ।	0x0318c133	div sp,a7,a7
भागः स्तूपसूचकःम् स्थिर११न क्षणिक०न ।	0x025dc133	div sp,s11,t0
भागः स्तूपसूचकःम् स्थिर११न क्षणिक३न ।	0x03cdc133	div sp,s11,t3
भागः स्तूपसूचकःम् क्षणिक३न स्थिर०न ।	0x028e4133	div sp,t3,s0
भागः स्तूपसूचकःम् क्षणिक६न शून्यःन ।	0x020fc133	div sp,t6,zero
भागः स्तूपसूचकःम् क्षणिक६न अर्थ०न ।	0x02afc133	div sp,t6,a0
भागः क्षणिक०म् शून्यःन स्तूपसूचकःन ।	0x022042b3	div t0,zero,sp
भागः क्षणिक०म् शून्यःन स्थिर११न ।	0x03b042b3	div t0,zero,s11
भागः क्षणिक०म् पुनःस्थानम्न क्षणिक२न ।	0x0270c2b3	div t0,ra,t2
भागः क्षणिक०म् पुनःस्थानम्न क्षणिक६न ।	0x03f0c2b3	div t0,ra,t6
भागः क्षणिक०म् स्तूपसूचकःन स्थिर१न ।	0x029142b3	div t0,sp,s1
भागः क्षणिक०म् क्षणिक०न पुनःस्थानम्न ।	0x0212c2b3	div t0,t0,ra
भागः क्षणिक०म् क्षणिक०न अर्थ७न ।	0x0312c2b3	div t0,t0,a7
भागः क्षणिक०म् क्षणिक२न क्षणिक०न ।	0x0253c2b3	div t0,t2,t0
भागः क्षणिक०म् क्षणिक२न क्षणिक३न ।	0x03c3c2b3	div t0,t2,t3
भागः क्षणिक०म् स्थिर०न स्थिर०न ।	0x028442b3	div t0,s0,s0
भागः क्षणिक०म् स्थिर१न शून्यःन ।	0x0204c2b3	div t0,s1,zero
भागः क्षणिक०म् स्थिर१न अर्थ०न ।	0x02a4c2b3	div t0,s1,a0
भागः क्षणिक०म् अर्थ०न स्तूपसूचकःन ।	0x022542b3	div t0,a0,sp
भागः क्षणिक०म् अर्थ०न स्थिर११न ।	0x03b542b3	div t0,a0,s11
भागः क्षणिक०म् अर्थ७न क्षणिक२न ।	0x0278c2b3	div t0,a7,t2
भागः क्षणिक०म् अर्थ७न क्षणिक६न ।	0x03f8c2b3	div t0,a7,t6
भागः क्षणिक०म् स्थिर११न स्थिर१न ।	0x029dc2b3	div t0,s11,s1
भागः क्षणिक०म् क्षणिक३न पुनःस्थानम्न ।	0x021e42b3	div t0,t3,ra
भागः क्षणिक०म् क्षणिक३न अर्थ७न ।	0x031e42b3	div t0,t3,a7
भागः क्षणिक०म् क्षणिक६न क्षणिक०न ।	0x025fc2b3	div t0,t6,t0
भागः क्षणिक०म् क्षणिक६न क्षणिक३न ।	0x03cfc2b3	div t0,t6,t3
भागः क्षणिक२म् शून्यःन स्थिर०न ।	0x028043b3	div t2,zero,s0
भागः क्षणिक२म् पुनःस्थानम्न शून्यःन ।	0x0200c3b3	div t2,ra,zero
भागः क्षणिक२म् पुनःस्थानम्न अर्थ०न ।	0x02a0c3b3	div t2,ra,a0
भागः क्षणिक२म् स्तूपसूचकःन स्तूपसूचकःन ।	0x022143b3	div t2,sp,sp
भागः क्षणिक२म् स्तूपसूचकःन स्थिर११न ।	0x03b143b3	div t2,sp,s11
भागः क्षणिक२म् क्षणिक०न क्षणिक२न ।	0x0272c3b3	div t2,t0,t2
भागः क्षणिक२म् क्षणिक०न क्षणिक६न ।	0x03f2c3b3	div t2,t0,t6
भागः क्षणिक२म् क्षणिक२न स्थिर१न ।	0x0293c3b3	div t2,t2,s1
भागः क्षणिक२म् स्थिर०न पुनःस्थानम्न ।	0x021443b3	div t2,s0,ra
भागः क्षणिक२म् स्थिर०न अर्थ७न ।	0x031443b3	div t2,s0,a7
भागः क्षणिक२म् स्थिर१न क्षणिक०न ।	0x0254c3b3	div t2,s1,t0
भागः क्षणिक२म् स्थिर१न क्षणिक३न ।	0x03c4c3b3	div t2,s1,t3
भागः क्षणिक२म् अर्थ०न स्थिर०न ।	0x028543b3	div t2,a0,s0
भागः क्षणिक२म् अर्थ७न शून्यःन ।	0x0208c3b3	div t2,a7,zero
भागः क्षणिक२म् अर्थ७न अर्थ०न ।	0x02a8c3b3	div t2,a7,a0
भागः क्षणिक२म् स्थिर११न स्तूपसूचकःन ।	0x022dc3b3	div t2,s11,sp
भागः क्षणिक२म् स्थिर११न स्थिर११न ।	0x03bdc3b3	div t2,s11,s11
भागः क्षणिक२म् क्षणिक३न क्षणिक२न ।	0x027e43b3	div t2,t3,t2
भागः क्षणिक२म् क्षणिक३न क्षणिक६न ।	0x03fe43b3	div t2,t3,t6
भागः क्षणिक२म् क्षणिक६न स्थिर१न ।	0x029fc3b3	div t2,t6,s1
भागः स्थिर०म् शून्यःन पुनःस्थानम्न ।	0x02104433	div s0,zero,ra
भागः स्थिर०म् शून्यःन अर्थ७न ।	0x03104433	div s0,zero,a7
भागः स्थिर०म् पुनःस्थानम्न क्षणिक०न ।	0x0250c433	div s0,ra,t0
भागः स्थिर०म् पुनःस्थानम्न क्षणिक३न ।	0x03c0c433	div s0,ra,t3
भागः स्थिर०म् स्तूपसूचकःन स्थिर०न ।	0x02814433	div s0,sp,s0
भागः स्थिर०म् क्षणिक०न शून्यःन ।	0x0202c433	div s0,t0,zero
भागः स्थिर०म् क्षणिक०न अर्थ०न ।	0x02a2c433	div s0,t0,a0
भागः स्थिर०म् क्षणिक२न स्तूपसूचकःन ।	0x0223c433	div s0,t2,sp
भागः स्थिर०म् क्षणिक२न स्थिर११न ।	0x03b3c433	div s0,t2,s11
भागः स्थिर०म् स्थिर०न क्षणिक२न ।	0x02744433	div s0,s0,t2
भागः स्थिर०म् स्थिर०न क्षणिक६न ।	0x03f44433	div s0,s0,t6
भागः स्थिर०म् स्थिर१न स्थिर१न ।	0x0294c433	div s0,s1,s1
भागः स्थिर०म् अर्थ०न पुनःस्थानम्न ।	0x02154433	div s0,a0,ra
भागः स्थिर०म् अर्थ०न अर्थ७न ।	0x03154433	div s0,a0,a7
भागः स्थिर०म् अर्थ७न क्षणिक०न ।	0x0258c433	div s0,a7,t0
भागः स्थिर०म् अर्थ७न क्षणिक३न ।	0x03c8c433	div s0,a7,t3
भागः स्थिर०म् स्थिर११न स्थिर०न ।	0x028dc433	div s0,s11,s0
भागः स्थिर०म् क्षणिक३न शून्यःन ।	0x020e4433	div s0,t3,zero
भागः स्थिर०म् क्षणिक३न अर्थ०न ।	0x02ae4433	div s0,t3,a0
भागः स्थिर०म् क्षणिक६न स्तूपसूचकःन ।	0x022fc433	div s0,t6,sp
भागः स्थिर०म् क्षणिक६न स्थिर११न ।	0x03bfc433	div s0,t6,s11
भागः स्थिर१म् शून्यःन क्षणिक२न ।	0x027044b3	div s1,zero,t2
भागः स्थिर१म् शून्यःन क्षणिक६न ।	0x03f044b3	div s1,zero,t6
भागः स्थिर१म् पुनःस्थानम्न स्थिर१न ।	0x0290c4b3	div s1,ra,s1
भागः स्थिर१म् स्तूपसूचकःन पुनःस्थानम्न ।	0x021144b3	div s1,sp,ra
भागः स्थिर१म् स्तूपसूचकःन अर्थ७न ।	0x031144b3	div s1,sp,a7
भागः स्थिर१म् क्षणिक०न क्षणिक०न ।	0x0252c4b3	div s1,t0,t0
भागः स्थिर१म् क्षणिक०न क्षणिक३न ।	0x03c2c4b3	div s1,t0,t3
भागः स्थिर१म् क्षणिक२न स्थिर०न ।	0x0283c4b3	div s1,t2,s0
भागः स्थिर१म् स्थिर०न शून्यःन ।	0x020444b3	div s1,s0,zero
भागः स्थिर१म् स्थिर०न अर्थ०न ।	0x02a444b3	div s1,s0,a0
भागः स्थिर१म् स्थिर१न स्तूपसूचकःन ।	0x0224c4b3	div s1,s1,sp
भागः स्थिर१म् स्थिर१न स्थिर११न ।	0x03b4c4b3	div s1,s1,s11
भागः स्थिर१म् अर्थ०न क्षणिक२न ।	0x027544b3	div s1,a0,t2
भागः स्थिर१म् अर्थ०न क्षणिक६न ।	0x03f544b3	div s1,a0,t6
भागः स्थिर१म् अर्थ७न स्थिर१न ।	0x0298c4b3	div s1,a7,s1
भागः स्थिर१म् स्थिर११न पुनःस्थानम्न ।	0x021dc4b3	div s1,s11,ra
भागः स्थिर१म् स्थिर११न अर्थ७न ।	0x031dc4b3	div s1,s11,a7
भागः स्थिर१म् क्षणिक३न क्षणिक०न ।	0x025e44b3	div s1,t3,t0
भागः स्थिर१म् क्षणिक३न क्षणिक३न ।	0x03ce44b3	div s1,t3,t3
भागः स्थिर१म् क्षणिक६न स्थिर०न ।	0x028fc4b3	div s1,t6,s0
भागः अर्थ०म् शून्यःन शून्यःन ।	0x02004533	div a0,zero,zero
भागः अर्थ०म् शून्यःन अर्थ०न ।	0x02a04533	div a0,zero,a0
भागः अर्थ०म् पुनःस्थानम्न स्तूपसूचकःन ।	0x0220c533	div a0,ra,sp
भागः अर्थ०म् पुनःस्थानम्न स्थिर११न ।	0x03b0c533	div a0,ra,s11
भागः अर्थ०म् स्तूपसूचकःन क्षणिक२न ।	0x02714533	div a0,sp,t2
भागः अर्थ०म् स्तूपसूचकःन क्षणिक६न ।	0x03f14533	div a0,sp,t6
भागः अर्थ०म् क्षणिक०न स्थिर१न ।	0x0292c533	div a0,t0,s1
भागः अर्थ०म् क्षणिक२न पुनःस्थानम्न ।	0x0213c533	div a0,t2,ra
भागः अर्थ०म् क्षणिक२न अर्थ७न ।	0x0313c533	div a0,t2,a7
भागः अर्थ०म् स्थिर०न क्षणिक०न ।	0x02544533	div a0,s0,t0
भागः अर्थ०म् स्थिर०न क्षणिक३न ।	0x03c44533	div a0,s0,t3
भागः अर्थ०म् स्थिर१न स्थिर०न ।	0x0284c533	div a0,s1,s0
भागः अर्थ०म् अर्थ०न शून्यःन ।	0x02054533	div a0,a0,zero
भागः अर्थ०म् अर्थ०न अर्थ०न ।	0x02a54533	div a0,a0,a0
भागः अर्थ०म् अर्थ७न स्तूपसूचकःन ।	0x0228c533	div a0,a7,sp
भागः अर्थ०म् अर्थ७न स्थिर११न ।	0x03b8c533	div a0,a7,s11
भागः अर्थ०म् स्थिर११न क्षणिक२न ।	0x027dc533	div a0,s11,t2
भागः अर्थ०म् स्थिर११न क्षणिक६न ।	0x03fdc533	div a0,s11,t6
भागः अर्थ०म् क्षणिक३न स्थिर१न ।	0x029e4533	div a0,t3,s1
भागः अर्थ०म् क्षणिक६न पुनःस्थानम्न ।	0x021fc533	div a0,t6,ra
भागः अर्थ०म् क्षणिक६न अर्थ७न ।	0x031fc533	div a0,t6,a7
भागः अर्थ७म् शून्यःन क्षणिक०न ।	0x025048b3	div a7,zero,t0
भागः अर्थ७म् शून्यःन क्षणिक३न ।	0x03c048b3	div a7,zero,t3
भागः अर्थ७म् पुनःस्थानम्न स्थिर०न ।	0x0280c8b3	div a7,ra,s0
भागः अर्थ७म् स्तूपसूचकःन शून्यःन ।	0x020148b3	div a7,sp,zero
भागः अर्थ७म् स्तूपसूचकःन अर्थ०न ।	0x02a148b3	div a7,sp,a0
भागः अर्थ७म् क्षणिक०न स्तूपसूचकःन ।	0x0222c8b3	div a7,t0,sp
भागः अर्थ७म् क्षणिक०न स्थिर११न ।	0x03b2c8b3	div a7,t0,s11
भागः अर्थ७म् क्षणिक२न क्षणिक२न ।	0x0273c8b3	div a7,t2,t2
भागः अर्थ७म् क्षणिक२न क्षणिक६न ।	0x03f3c8b3	div a7,t2,t6
भागः अर्थ७म् स्थिर०न स्थिर१न ।	0x029448b3	div a7,s0,s1
भागः अर्थ७म् स्थिर१न पुनःस्थानम्न ।	0x0214c8b3	div a7,s1,ra
भागः अर्थ७म् स्थिर१न अर्थ७न ।	0x0314c8b3	div a7,s1,a7
भागः अर्थ७म् अर्थ०न क्षणिक०न ।	0x025548b3	div a7,a0,t0
भागः अर्थ७म् अर्थ०न क्षणिक३न ।	0x03c548b3	div a7,a0,t3
भागः अर्थ७म् अर्थ७न स्थिर०न ।	0x0288c8b3	div a7,a7,s0
भागः अर्थ७म् स्थिर११न शून्यःन ।	0x020dc8b3	div a7,s11,zero
भागः अर्थ७म् स्थिर११न अर्थ०न ।	0x02adc8b3	div a7,s11,a0
भागः अर्थ७म् क्षणिक३न स्तूपसूचकःन ।	0x022e48b3	div a7,t3,sp
भागः अर्थ७म् क्षणिक३न स्थिर११न ।	0x03be48b3	div a7,t3,s11
भागः अर्थ७म् क्षणिक६न क्षणिक२न ।	0x027fc8b3	div a7,t6,t2
भागः अर्थ७म् क्षणिक६न क्षणिक६न ।	0x03ffc8b3	div a7,t6,t6
भागः स्थिर११म् शून्यःन स्थिर१न ।	0x02904db3	div s11,zero,s1
भागः स्थिर११म् पुनःस्थानम्न पुनःस्थानम्न ।	0x0210cdb3	div s11,ra,ra
भागः स्थिर११म् पुनःस्थानम्न अर्थ७न ।	0x0310cdb3	div s11,ra,a7
भागः स्थिर११म् स्तूपसूचकःन क्षणिक०न ।	0x02514db3	div s11,sp,t0
भागः स्थिर११म् स्तूपसूचकःन क्षणिक३न ।	0x03c14db3	div s11,sp,t3
भागः स्थिर११म् क्षणिक०न स्थिर०न ।	0x0282cdb3	div s11,t0,s0
भागः स्थिर११म् क्षणिक२न शून्यःन ।	0x0203cdb3	div s11,t2,zero
भागः स्थिर११म् क्षणिक२न अर्थ०न ।	0x02a3cdb3	div s11,t2,a0
भागः स्थिर११म् स्थिर०न स्तूपसूचकःन ।	0x02244db3	div s11,s0,sp
भागः स्थिर११म् स्थिर०न स्थिर११न ।	0x03b44db3	div s11,s0,s11
भागः स्थिर११म् स्थिर१न क्षणिक२न ।	0x0274cdb3	div s11,s1,t2
भागः स्थिर११म् स्थिर१न क्षणिक६न ।	0x03f4cdb3	div s11,s1,t6
भागः स्थिर११म् अर्थ०न स्थिर१न ।	0x02954db3	div s11,a0,s1
भागः स्थिर११म् अर्थ७न पुनःस्थानम्न ।	0x0218cdb3	div s11,a7,ra
भागः स्थिर११म् अर्थ७न अर्थ७न ।	0x0318cdb3	div s11,a7,a7
भागः स्थिर११म् स्थिर११न क्षणिक०न ।	0x025dcdb3	div s11,s11,t0
भागः स्थिर११म् स्थिर११न क्षणिक३न ।	0x03cdcdb3	div s11,s11,t3
भागः स्थिर११म् क्षणिक३न स्थिर०न ।	0x028e4db3	div s11,t3,s0
भागः स्थिर११म् क्षणिक६न शून्यःन ।	0x020fcdb3	div s11,t6,zero
भागः स्थिर११म् क्षणिक६न अर्थ०न ।	0x02afcdb3	div s11,t6,a0
भागः क्षणिक३म् शून्यःन स्तूपसूचकःन ।	0x02204e33	div t3,zero,sp
भागः क्षणिक३म् शून्यःन स्थिर११न ।	0x03b04e33	div t3,zero,s11
भागः क्षणिक३म् पुनःस्थानम्न क्षणिक२न ।	0x0270ce33	div t3,ra,t2
भागः क्षणिक३म् पुनःस्थानम्न क्षणिक६न ।	0x03f0ce33	div t3,ra,t6
भागः क्षणिक३म् स्तूपसूचकःन स्थिर१न ।	0x02914e33	div t3,sp,s1
भागः क्षणिक३म् क्षणिक०न पुनःस्थानम्न ।	0x0212ce33	div t3,t0,ra
भागः क्षणिक३म् क्षणिक०न अर्थ७न ।	0x0312ce33	div t3,t0,a7
भागः क्षणिक३म् क्षणिक२न क्षणिक०न ।	0x0253ce33	div t3,t2,t0
भागः क्षणिक३म् क्षणिक२न क्षणिक३न ।	0x03c3ce33	div t3,t2,t3
भागः क्षणिक३म् स्थिर०न स्थिर०न ।	0x02844e33	div t3,s0,s0
भागः क्षणिक३म् स्थिर१न शून्यःन ।	0x0204ce33	div t3,s1,zero
भागः क्षणिक३म् स्थिर१न अर्थ०न ।	0x02a4ce33	div t3,s1,a0
भागः क्षणिक३म् अर्थ०न स्तूपसूचकःन ।	0x02254e33	div t3,a0,sp
भागः क्षणिक३म् अर्थ०न स्थिर११न ।	0x03b54e33	div t3,a0,s11
भागः क्षणिक३म् अर्थ७न क्षणिक२न ।	0x0278ce33	div t3,a7,t2
भागः क्षणिक३म् अर्थ७न क्षणिक६न ।	0x03f8ce33	div t3,a7,t6
भागः क्षणिक३म् स्थिर११न स्थिर१न ।	0x029dce33	div t3,s11,s1
भागः क्षणिक३म् क्षणिक३न पुनःस्थानम्न ।	0x021e4e33	div t3,t3,ra
भागः क्षणिक३म् क्षणिक३न अर्थ७न ।	0x031e4e33	div t3,t3,a7
भागः क्षणिक३म् क्षणिक६न क्षणिक०न ।	0x025fce33	div t3,t6,t0
भागः क्षणिक३म् क्षणिक६न क्षणिक३न ।	0x03cfce33	div t3,t6,t3
भागः क्षणिक६म् शून्यःन स्थिर०न ।	0x02804fb3	div t6,zero,s0
भागः क्षणिक६म् पुनःस्थानम्न शून्यःन ।	0x0200cfb3	div t6,ra,zero
भागः क्षणिक६म् पुनःस्थानम्न अर्थ०न ।	0x02a0cfb3	div t6,ra,a0
भागः क्षणिक६म् स्तूपसूचकःन स्तूपसूचकःन ।	0x02214fb3	div t6,sp,sp
भागः क्षणिक६म् स्तूपसूचकःन स्थिर११न ।	0x03b14fb3	div t6,sp,s11
भागः क्षणिक६म् क्षणिक०न क्षणिक२न ।	0x0272cfb3	div t6,t0,t2
भागः क्षणिक६म् क्षणिक०न क्षणिक६न ।	0x03f2cfb3	div t6,t0,t6
भागः क्षणिक६म् क्षणिक२न स्थिर१न ।	0x0293cfb3	div t6,t2,s1
भागः क्षणिक६म् स्थिर०न पुनःस्थानम्न ।	0x02144fb3	div t6,s0,ra
भागः क्षणिक६म् स्थिर०न अर्थ७न ।	0x03144fb3	div t6,s0,a7
भागः क्षणिक६म् स्थिर१न क्षणिक०न ।	0x0254cfb3	div t6,s1,t0
भागः क्षणिक६म् स्थिर१न क्षणिक३न ।	0x03c4cfb3	div t6,s1,t3
भागः क्षणिक६म् अर्थ०न स्थिर०न ।	0x02854fb3	div t6,a0,s0
भागः क्षणिक६म् अर्थ७न शून्यःन ।	0x0208cfb3	div t6,a7,zero
भागः क्षणिक६म् अर्थ७न अर्थ०न ।	0x02a8cfb3	div t6,a7,a0
भागः क्षणिक६म् स्थिर११न स्तूपसूचकःन ।	0x022dcfb3	div t6,s11,sp
भागः क्षणिक६म् स्थिर११न स्थिर११न ।	0x03bdcfb3	div t6,s11,s11
भागः क्षणिक६म् क्षणिक३न क्षणिक२न ।	0x027e4fb3	div t6,t3,t2
भागः क्षणिक६म् क्षणिक३न क्षणिक६न ।	0x03fe4fb3	div t6,t3,t6
भागः क्षणिक६म् क्षणिक६न स्थिर१न ।	0x029fcfb3	div t6,t6,s1
शेषः शून्यःम् शून्यःन शून्यःन ।	0x02006033	rem zero,zero,zero
शेषः शून्यःम् शून्यःन अर्थ०न ।	0x02a06033	rem zero,zero,a0
शेषः शून्यःम् पुनःस्थानम्न स्तूपसूचकःन ।	0x0220e033	rem zero,ra,sp
शेषः शून्यःम् पुनःस्थानम्न स्थिर११न ।	0x03b0e033	rem zero,ra,s11
शेषः शून्यःम् स्तूपसूचकःन क्षणिक२न ।	0x02716033	rem zero,sp,t2
शेषः शून्यःम् स्तूपसूचकःन क्षणिक६न ।	0x03f16033	rem zero,sp,t6
शेषः शून्यःम् क्षणिक०न स्थिर१न ।	0x0292e033	rem zero,t0,s1
शेषः शून्यःम् क्षणिक२न पुनःस्थानम्न ।	0x0213e033	rem zero,t2,ra
शेषः शून्यःम् क्षणिक२न अर्थ७न ।	0x0313e033	rem zero,t2,a7
शेषः शून्यःम् स्थिर०न क्षणिक०न ।	0x02546033	rem zero,s0,t0
शेषः शून्यःम् स्थिर०न क्षणिक३न ।	0x03c46033	rem zero,s0,t3
शेषः शून्यःम् स्थिर१न स्थिर०न ।	0x0284e033	rem zero,s1,s0
शेषः शून्यःम् अर्थ०न शून्यःन ।	0x02056033	rem zero,a0,zero
शेषः शून्यःम् अर्थ०न अर्थ०न ।	0x02a56033	rem zero,a0,a0
शेषः शून्यःम् अर्थ७न स्तूपसूचकःन ।	0x0228e033	rem zero,a7,sp
शेषः शून्यःम् अर्थ७न स्थिर११न ।	0x03b8e033	rem zero,a7,s11
शेषः शून्यःम् स्थिर११न क्षणिक२न ।	0x027de033	rem zero,s11,t2
शेषः शून्यःम् स्थिर११न क्षणिक६न ।	0x03fde033	rem zero,s11,t6
शेषः शून्यःम् क्षणिक३न स्थिर१न ।	0x029e6033	rem zero,t3,s1
शेषः शून्यःम् क्षणिक६न पुनःस्थानम्न ।	0x021fe033	rem zero,t6,ra
शेषः शून्यःम् क्षणिक६न अर्थ७न ।	0x031fe033	rem zero,t6,a7
शेषः पुनःस्थानम्म् शून्यःन क्षणिक०न ।	0x025060b3	rem ra,zero,t0
शेषः पुनःस्थानम्म् शून्यःन क्षणिक३न ।	0x03c060b3	rem ra,zero,t3
शेषः पुनःस्थानम्म् पुनःस्थानम्न स्थिर०न ।	0x0280e0b3	rem ra,ra,s0
शेषः पुनःस्थानम्म् स्तूपसूचकःन शून्यःन ।	0x020160b3	rem ra,sp,zero
शेषः पुनःस्थानम्म् स्तूपसूचकःन अर्थ०न ।	0x02a160b3	rem ra,sp,a0
शेषः पुनःस्थानम्म् क्षणिक०न स्तूपसूचकःन ।	0x0222e0b3	rem ra,t0,sp
शेषः पुनःस्थानम्म् क्षणिक०न स्थिर११न ।	0x03b2e0b3	rem ra,t0,s11
शेषः पुनःस्थानम्म् क्षणिक२न क्षणिक२न ।	0x0273e0b3	rem ra,t2,t2
शेषः पुनःस्थानम्म् क्षणिक२न क्षणिक६न ।	0x03f3e0b3	rem ra,t2,t6
शेषः पुनःस्थानम्म् स्थिर०न स्थिर१न ।	0x029460b3	rem ra,s0,s1
शेषः पुनःस्थानम्म् स्थिर१न पुनःस्थानम्न ।	0x0214e0b3	rem ra,s1,ra
शेषः पुनःस्थानम्म् स्थिर१न अर्थ७न ।	0x0314e0b3	rem ra,s1,a7
शेषः पुनःस्थानम्म् अर्थ०न क्षणिक०न ।	0x025560b3	rem ra,a0,t0
शेषः पुनःस्थानम्म् अर्थ०न क्षणिक३न ।	0x03c560b3	rem ra,a0,t3
शेषः पुनःस्थानम्म् अर्थ७न स्थिर०न ।	0x0288e0b3	rem ra,a7,s0
शेषः पुनःस्थानम्म् स्थिर११न शून्यःन ।	0x020de0b3	rem ra,s11,zero
शेषः पुनःस्थानम्म् स्थिर११न अर्थ०न ।	0x02ade0b3	rem ra,s11,a0
शेषः पुनःस्थानम्म् क्षणिक३न स्तूपसूचकःन ।	0x022e60b3	rem ra,t3,sp
शेषः पुनःस्थानम्म् क्षणिक३न स्थिर११न ।	0x03be60b3	rem ra,t3,s11
शेषः पुनःस्थानम्म् क्षणिक६न क्षणिक२न ।	0x027fe0b3	rem ra,t6,t2
शेषः पुनःस्थानम्म् क्षणिक६न क्षणिक६न ।	0x03ffe0b3	rem ra,t6,t6
शेषः स्तूपसूचकःम् शून्यःन स्थिर१न ।	0x02906133	rem sp,zero,s1
शेषः स्तूपसूचकःम् पुनःस्थानम्न पुनःस्थानम्न ।	0x0210e133	rem sp,ra,ra
शेषः स्तूपसूचकःम् पुनःस्थानम्न अर्थ७न ।	0x0310e133	rem sp,ra,a7
शेषः स्तूपसूचकःम् स्तूपसूचकःन क्षणिक०न ।	0x02516133	rem sp,sp,t0
शेषः स्तूपसूचकःम् स्तूपसूचकःन क्षणिक३न ।	0x03c16133	rem sp,sp,t3
शेषः स्तूपसूचकःम् क्षणिक०न स्थिर०न ।	0x0282e133	rem sp,t0,s0
शेषः स्तूपसूचकःम् क्षणिक२न शून्यःन ।	0x0203e133	rem sp,t2,zero
शेषः स्तूपसूचकःम् क्षणिक२न अर्थ०न ।	0x02a3e133	rem sp,t2,a0
शेषः स्तूपसूचकःम् स्थिर०न स्तूपसूचकःन ।	0x02246133	rem sp,s0,sp
शेषः स्तूपसूचकःम् स्थिर०न स्थिर११न ।	0x03b46133	rem sp,s0,s11
शेषः स्तूपसूचकःम् स्थिर१न क्षणिक२न ।	0x0274e133	rem sp,s1,t2
शेषः स्तूपसूचकःम् स्थिर१न क्षणिक६न ।	0x03f4e133	rem sp,s1,t6
शेषः स्तूपसूचकःम् अर्थ०न स्थिर१न ।	0x02956133	rem sp,a0,s1
शेषः स्तूपसूचकःम् अर्थ७न पुनःस्थानम्न ।	0x0218e133	rem sp,a7,ra
शेषः स्तूपसूचकःम् अर्थ७न अर्थ७न ।	0x0318e133	rem sp,a7,a7
शेषः स्तूपसूचकःम् स्थिर११न क्षणिक०न ।	0x025de133	rem sp,s11,t0
शेषः स्तूपसूचकःम् स्थिर११न क्षणिक३न ।	0x03cde133	rem sp,s11,t3
शेषः स्तूपसूचकःम् क्षणिक३न स्थिर०न ।	0x028e6133	rem sp,t3,s0
शेषः स्तूपसूचकःम् क्षणिक६न शून्यःन ।	0x020fe133	rem sp,t6,zero
शेषः स्तूपसूचकःम् क्षणिक६न अर्थ०न ।	0x02afe133	rem sp,t6,a0
शेषः क्षणिक०म् शून्यःन स्तूपसूचकःन ।	0x022062b3	rem t0,zero,sp
शेषः क्षणिक०म् शून्यःन स्थिर११न ।	0x03b062b3	rem t0,zero,s11
शेषः क्षणिक०म् पुनःस्थानम्न क्षणिक२न ।	0x0270e2b3	rem t0,ra,t2
शेषः क्षणिक०म् पुनःस्थानम्न क्षणिक६न ।	0x03f0e2b3	rem t0,ra,t6
शेषः क्षणिक०म् स्तूपसूचकःन स्थिर१न ।	0x029162b3	rem t0,sp,s1
शेषः क्षणिक०म् क्षणिक०न पुनःस्थानम्न ।	0x0212e2b3	rem t0,t0,ra
शेषः क्षणिक०म् क्षणिक०न अर्थ७न ।	0x0312e2b3	rem t0,t0,a7
शेषः क्षणिक०म् क्षणिक२न क्षणिक०न ।	0x0253e2b3	rem t0,t2,t0
शेषः क्षणिक०म् क्षणिक२न क्षणिक३न ।	0x03c3e2b3	rem t0,t2,t3
शेषः क्षणिक०म् स्थिर०न स्थिर०न ।	0x028462b3	rem t0,s0,s0
शेषः क्षणिक०म् स्थिर१न शून्यःन ।	0x0204e2b3	rem t0,s1,zero
शेषः क्षणिक०म् स्थिर१न अर्थ०न ।	0x02a4e2b3	rem t0,s1,a0
शेषः क्षणिक०म् अर्थ०न स्तूपसूचकःन ।	0x022562b3	rem t0,a0,sp
शेषः क्षणिक०म् अर्थ०न स्थिर११न ।	0x03b562b3	rem t0,a0,s11
शेषः क्षणिक०म् अर्थ७न क्षणिक२न ।	0x0278e2b3	rem t0,a7,t2
शेषः क्षणिक०म् अर्थ७न क्षणिक६न ।	0x03f8e2b3	rem t0,a7,t6
शेषः क्षणिक०म् स्थिर११न स्थिर१न ।	0x029de2b3	rem t0,s11,s1
शेषः क्षणिक०म् क्षणिक३न पुनःस्थानम्न ।	0x021e62b3	rem t0,t3,ra
शेषः क्षणिक०म् क्षणिक३न अर्थ७न ।	0x031e62b3	rem t0,t3,a7
शेषः क्षणिक०म् क्षणिक६न क्षणिक०न ।	0x025fe2b3	rem t0,t6,t0
शेषः क्षणिक०म् क्षणिक६न क्षणिक३न ।	0x03cfe2b3	rem t0,t6,t3
शेषः क्षणिक२म् शून्यःन स्थिर०न ।	0x028063b3	rem t2,zero,s0
शेषः क्षणिक२म् पुनःस्थानम्न शून्यःन ।	0x0200e3b3	rem t2,ra,zero
शेषः क्षणिक२म् पुनःस्थानम्न अर्थ०न ।	0x02a0e3b3	rem t2,ra,a0
शेषः क्षणिक२म् स्तूपसूचकःन स्तूपसूचकःन ।	0x022163b3	rem t2,sp,sp
शेषः क्षणिक२म् स्तूपसूचकःन स्थिर११न ।	0x03b163b3	rem t2,sp,s11
शेषः क्षणिक२म् क्षणिक०न क्षणिक२न ।	0x0272e3b3	rem t2,t0,t2
शेषः क्षणिक२म् क्षणिक०न क्षणिक६न ।	0x03f2e3b3	rem t2,t0,t6
शेषः क्षणिक२म् क्षणिक२न स्थिर१न ।	0x0293e3b3	rem t2,t2,s1
शेषः क्षणिक२म् स्थिर०न पुनःस्थानम्न ।	0x021463b3	rem t2,s0,ra
शेषः क्षणिक२म् स्थिर०न अर्थ७न ।	0x031463b3	rem t2,s0,a7
शेषः क्षणिक२म् स्थिर१न क्षणिक०न ।	0x0254e3b3	rem t2,s1,t0
शेषः क्षणिक२म् स्थिर१न क्षणिक३न ।	0x03c4e3b3	rem t2,s1,t3
शेषः क्षणिक२म् अर्थ०न स्थिर०न ।	0x028563b3	rem t2,a0,s0
शेषः क्षणिक२म् अर्थ७न शून्यःन ।	0x0208e3b3	rem t2,a7,zero
शेषः क्षणिक२म् अर्थ७न अर्थ०न ।	0x02a8e3b3	rem t2,a7,a0
शेषः क्षणिक२म् स्थिर११न स्तूपसूचकःन ।	0x022de3b3	rem t2,s11,sp
शेषः क्षणिक२म् स्थिर११न स्थिर११न ।	0x03bde3b3	rem t2,s11,s11
शेषः क्षणिक२म् क्षणिक३न क्षणिक२न ।	0x027e63b3	rem t2,t3,t2
शेषः क्षणिक२म् क्षणिक३न क्षणिक६न ।	0x03fe63b3	rem t2,t3,t6
शेषः क्षणिक२म् क्षणिक६न स्थिर१न ।	0x029fe3b3	rem t2,t6,s1
शेषः स्थिर०म् शून्यःन पुनःस्थानम्न ।	0x02106433	rem s0,zero,ra
शेषः स्थिर०म् शून्यःन अर्थ७न ।	0x03106433	rem s0,zero,a7
शेषः स्थिर०म् पुनःस्थानम्न क्षणिक०न ।	0x0250e433	rem s0,ra,t0
शेषः स्थिर०म् पुनःस्थानम्न क्षणिक३न ।	0x03c0e433	rem s0,ra,t3
शेषः स्थिर०म् स्तूपसूचकःन स्थिर०न ।	0x02816433	rem s0,sp,s0
शेषः स्थिर०म् क्षणिक०न शून्यःन ।	0x0202e433	rem s0,t0,zero
शेषः स्थिर०म् क्षणिक०न अर्थ०न ।	0x02a2e433	rem s0,t0,a0
शेषः स्थिर०म् क्षणिक२न स्तूपसूचकःन ।	0x0223e433	rem s0,t2,sp
शेषः स्थिर०म् क्षणिक२न स्थिर११न ।	0x03b3e433	rem s0,t2,s11
शेषः स्थिर०म् स्थिर०न क्षणिक२न ।	0x02746433	rem s0,s0,t2
शेषः स्थिर०म् स्थिर०न क्षणिक६न ।	0x03f46433	rem s0,s0,t6
शेषः स्थिर०म् स्थिर१न स्थिर१न ।	0x0294e433	rem s0,s1,s1
शेषः स्थिर०म् अर्थ०न पुनःस्थानम्न ।	0x02156433	rem s0,a0,ra
शेषः स्थिर०म् अर्थ०न अर्थ७न ।	0x03156433	rem s0,a0,a7
शेषः स्थिर०म् अर्थ७न क्षणिक०न ।	0x0258e433	rem s0,a7,t0
शेषः स्थिर०म् अर्थ७न क्षणिक३न ।	0x03c8e433	rem s0,a7,t3
शेषः स्थिर०म् स्थिर११न स्थिर०न ।	0x028de433	rem s0,s11,s0
शेषः स्थिर०म् क्षणिक३न शून्यःन ।	0x020e6433	rem s0,t3,zero
शेषः स्थिर०म् क्षणिक३न अर्थ०न ।	0x02ae6433	rem s0,t3,a0
शेषः स्थिर०म् क्षणिक६न स्तूपसूचकःन ।	0x022fe433	rem s0,t6,sp
शेषः स्थिर०म् क्षणिक६न स्थिर११न ।	0x03bfe433	rem s0,t6,s11
शेषः स्थिर१म् शून्यःन क्षणिक२न ।	0x027064b3	rem s1,zero,t2
शेषः स्थिर१म् शून्यःन क्षणिक६न ।	0x03f064b3	rem s1,zero,t6
शेषः स्थिर१म् पुनःस्थानम्न स्थिर१न ।	0x0290e4b3	rem s1,ra,s1
शेषः स्थिर१म् स्तूपसूचकःन पुनःस्थानम्न ।	0x021164b3	rem s1,sp,ra
शेषः स्थिर१म् स्तूपसूचकःन अर्थ७न ।	0x031164b3	rem s1,sp,a7
शेषः स्थिर१म् क्षणिक०न क्षणिक०न ।	0x0252e4b3	rem s1,t0,t0
शेषः स्थिर१म् क्षणिक०न क्षणिक३न ।	0x03c2e4b3	rem s1,t0,t3
शेषः स्थिर१म् क्षणिक२न स्थिर०न ।	0x0283e4b3	rem s1,t2,s0
शेषः स्थिर१म् स्थिर०न शून्यःन ।	0x020464b3	rem s1,s0,zero
शेषः स्थिर१म् स्थिर०न अर्थ०न ।	0x02a464b3	rem s1,s0,a0
शेषः स्थिर१म् स्थिर१न स्तूपसूचकःन ।	0x0224e4b3	rem s1,s1,sp
शेषः स्थिर१म् स्थिर१न स्थिर११न ।	0x03b4e4b3	rem s1,s1,s11
शेषः स्थिर१म् अर्थ०न क्षणिक२न ।	0x027564b3	rem s1,a0,t2
शेषः स्थिर१म् अर्थ०न क्षणिक६न ।	0x03f564b3	rem s1,a0,t6
शेषः स्थिर१म् अर्थ७न स्थिर१न ।	0x0298e4b3	rem s1,a7,s1
शेषः स्थिर१म् स्थिर११न पुनःस्थानम्न ।	0x021de4b3	rem s1,s11,ra
शेषः स्थिर१म् स्थिर११न अर्थ७न ।	0x031de4b3	rem s1,s11,a7
शेषः स्थिर१म् क्षणिक३न क्षणिक०न ।	0x025e64b3	rem s1,t3,t0
शेषः स्थिर१म् क्षणिक३न क्षणिक३न ।	0x03ce64b3	rem s1,t3,t3
शेषः स्थिर१म् क्षणिक६न स्थिर०न ।	0x028fe4b3	rem s1,t6,s0
शेषः अर्थ०म् शून्यःन शून्यःन ।	0x02006533	rem a0,zero,zero
शेषः अर्थ०म् शून्यःन अर्थ०न ।	0x02a06533	rem a0,zero,a0
शेषः अर्थ०म् पुनःस्थानम्न स्तूपसूचकःन ।	0x0220e533	rem a0,ra,sp
शेषः अर्थ०म् पुनःस्थानम्न स्थिर११न ।	0x03b0e533	rem a0,ra,s11
शेषः अर्थ०म् स्तूपसूचकःन क्षणिक२न ।	0x02716533	rem a0,sp,t2
शेषः अर्थ०म् स्तूपसूचकःन क्षणिक६न ।	0x03f16533	rem a0,sp,t6
शेषः अर्थ०म् क्षणिक०न स्थिर१न ।	0x0292e533	rem a0,t0,s1
शेषः अर्थ०म् क्षणिक२न पुनःस्थानम्न ।	0x0213e533	rem a0,t2,ra
शेषः अर्थ०म् क्षणिक२न अर्थ७न ।	0x0313e533	rem a0,t2,a7
शेषः अर्थ०म् स्थिर०न क्षणिक०न ।	0x02546533	rem a0,s0,t0
शेषः अर्थ०म् स्थिर०न क्षणिक३न ।	0x03c46533	rem a0,s0,t3
शेषः अर्थ०म् स्थिर१न स्थिर०न ।	0x0284e533	rem a0,s1,s0
शेषः अर्थ०म् अर्थ०न शून्यःन ।	0x02056533	rem a0,a0,zero
शेषः अर्थ०म् अर्थ०न अर्थ०न ।	0x02a56533	rem a0,a0,a0
शेषः अर्थ०म् अर्थ७न स्तूपसूचकःन ।	0x0228e533	rem a0,a7,sp
शेषः अर्थ०म् अर्थ७न स्थिर११न ।	0x03b8e533	rem a0,a7,s11
शेषः अर्थ०म् स्थिर११न क्षणिक२न ।	0x027de533	rem a0,s11,t2
शेषः अर्थ०म् स्थिर११न क्षणिक६न ।	0x03fde533	rem a0,s11,t6
शेषः अर्थ०म् क्षणिक३न स्थिर१न ।	0x029e6533	rem a0,t3,s1
शेषः अर्थ०म् क्षणिक६न पुनःस्थानम्न ।	0x021fe533	rem a0,t6,ra
शेषः अर्थ०म् क्षणिक६न अर्थ७न ।	0x031fe533	rem a0,t6,a7
शेषः अर्थ७म् शून्यःन क्षणिक०न ।	0x025068b3	rem a7,zero,t0
शेषः अर्थ७म् शून्यःन क्षणिक३न ।	0x03c068b3	rem a7,zero,t3
शेषः अर्थ७म् पुनःस्थानम्न स्थिर०न ।	0x0280e8b3	rem a7,ra,s0
शेषः अर्थ७म् स्तूपसूचकःन शून्यःन ।	0x020168b3	rem a7,sp,zero
शेषः अर्थ७म् स्तूपसूचकःन अर्थ०न ।	0x02a168b3	rem a7,sp,a0
शेषः अर्थ७म् क्षणिक०न स्तूपसूचकःन ।	0x0222e8b3	rem a7,t0,sp
शेषः अर्थ७म् क्षणिक०न स्थिर११न ।	0x03b2e8b3	rem a7,t0,s11
शेषः अर्थ७म् क्षणिक२न क्षणिक२न ।	0x0273e8b3	rem a7,t2,t2
शेषः अर्थ७म् क्षणिक२न क्षणिक६न ।	0x03f3e8b3	rem a7,t2,t6
शेषः अर्थ७म् स्थिर०न स्थिर१न ।	0x029468b3	rem a7,s0,s1
शेषः अर्थ७म् स्थिर१न पुनःस्थानम्न ।	0x0214e8b3	rem a7,s1,ra
शेषः अर्थ७म् स्थिर१न अर्थ७न ।	0x0314e8b3	rem a7,s1,a7
शेषः अर्थ७म् अर्थ०न क्षणिक०न ।	0x025568b3	rem a7,a0,t0
शेषः अर्थ७म् अर्थ०न क्षणिक३न ।	0x03c568b3	rem a7,a0,t3
शेषः अर्थ७म् अर्थ७न स्थिर०न ।	0x0288e8b3	rem a7,a7,s0
शेषः अर्थ७म् स्थिर११न शून्यःन ।	0x020de8b3	rem a7,s11,zero
शेषः अर्थ७म् स्थिर११न अर्थ०न ।	0x02ade8b3	rem a7,s11,a0
शेषः अर्थ७म् क्षणिक३न स्तूपसूचकःन ।	0x022e68b3	rem a7,t3,sp
शेषः अर्थ७म् क्षणिक३न स्थिर११न ।	0x03be68b3	rem a7,t3,s11
शेषः अर्थ७म् क्षणिक६न क्षणिक२न ।	0x027fe8b3	rem a7,t6,t2
शेषः अर्थ७म् क्षणिक६न क्षणिक६न ।	0x03ffe8b3	rem a7,t6,t6
शेषः स्थिर११म् शून्यःन स्थिर१न ।	0x02906db3	rem s11,zero,s1
शेषः स्थिर११म् पुनःस्थानम्न पुनःस्थानम्न ।	0x0210edb3	rem s11,ra,ra
शेषः स्थिर११म् पुनःस्थानम्न अर्थ७न ।	0x0310edb3	rem s11,ra,a7
शेषः स्थिर११म् स्तूपसूचकःन क्षणिक०न ।	0x02516db3	rem s11,sp,t0
शेषः स्थिर११म् स्तूपसूचकःन क्षणिक३न ।	0x03c16db3	rem s11,sp,t3
शेषः स्थिर११म् क्षणिक०न स्थिर०न ।	0x0282edb3	rem s11,t0,s0
शेषः स्थिर११म् क्षणिक२न शून्यःन ।	0x0203edb3	rem s11,t2,zero
शेषः स्थिर११म् क्षणिक२न अर्थ०न ।	0x02a3edb3	rem s11,t2,a0
शेषः स्थिर११म् स्थिर०न स्तूपसूचकःन ।	0x02246db3	rem s11,s0,sp
शेषः स्थिर११म् स्थिर०न स्थिर११न ।	0x03b46db3	rem s11,s0,s11
शेषः स्थिर११म् स्थिर१न क्षणिक२न ।	0x0274edb3	rem s11,s1,t2
शेषः स्थिर११म् स्थिर१न क्षणिक६न ।	0x03f4edb3	rem s11,s1,t6
शेषः स्थिर११म् अर्थ०न स्थिर१न ।	0x02956db3	rem s11,a0,s1
शेषः स्थिर११म् अर्थ७न पुनःस्थानम्न ।	0x0218edb3	rem s11,a7,ra
शेषः स्थिर११म् अर्थ७न अर्थ७न ।	0x0318edb3	rem s11,a7,a7
शेषः स्थिर११म् स्थिर११न क्षणिक०न ।	0x025dedb3	rem s11,s11,t0
शेषः स्थिर११म् स्थिर११न क्षणिक३न ।	0x03cdedb3	rem s11,s11,t3
शेषः स्थिर११म् क्षणिक३न स्थिर०न ।	0x028e6db3	rem s11,t3,s0
शेषः स्थिर११म् क्षणिक६न शून्यःन ।	0x020fedb3	rem s11,t6,zero
शेषः स्थिर११म् क्षणिक६न अर्थ०न ।	0x02afedb3	rem s11,t6,a0
शेषः क्षणिक३म् शून्यःन स्तूपसूचकःन ।	0x02206e33	rem t3,zero,sp
शेषः क्षणिक३म् शून्यःन स्थिर११न ।	0x03b06e33	rem t3,zero,s11
शेषः क्षणिक३म् पुनःस्थानम्न क्षणिक२न ।	0x0270ee33	rem t3,ra,t2
शेषः क्षणिक३म् पुनःस्थानम्न क्षणिक६न ।	0x03f0ee33	rem t3,ra,t6
शेषः क्षणिक३म् स्तूपसूचकःन स्थिर१न ।	0x02916e33	rem t3,sp,s1
शेषः क्षणिक३म् क्षणिक०न पुनःस्थानम्न ।	0x0212ee33	rem t3,t0,ra
शेषः क्षणिक३म् क्षणिक०न अर्थ७न ।	0x0312ee33	rem t3,t0,a7
शेषः क्षणिक३म् क्षणिक२न क्षणिक०न ।	0x0253ee33	rem t3,t2,t0
शेषः क्षणिक३म् क्षणिक२न क्षणिक३न ।	0x03c3ee33	rem t3,t2,t3
शेषः क्षणिक३म् स्थिर०न स्थिर०न ।	0x02846e33	rem t3,s0,s0
शेषः क्षणिक३म् स्थिर१न शून्यःन ।	0x0204ee33	rem t3,s1,zero
शेषः क्षणिक३म् स्थिर१न अर्थ०न ।	0x02a4ee33	rem t3,s1,a0
शेषः क्षणिक३म् अर्थ०न स्तूपसूचकःन ।	0x02256e33	rem t3,a0,sp
शेषः क्षणिक३म् अर्थ०न स्थिर११न ।	0x03b56e33	rem t3,a0,s11
शेषः क्षणिक३म् अर्थ७न क्षणिक२न ।	0x0278ee33	rem t3,a7,t2
शेषः क्षणिक३म् अर्थ७न क्षणिक६न ।	0x03f8ee33	rem t3,a7,t6
शेषः क्षणिक३म् स्थिर११न स्थिर१न ।	0x029dee33	rem t3,s11,s1
शेषः क्षणिक३म् क्षणिक३न पुनःस्थानम्न ।	0x021e6e33	rem t3,t3,ra
शेषः क्षणिक३म् क्षणिक३न अर्थ७न ।	0x031e6e33	rem t3,t3,a7
शेषः क्षणिक३म् क्षणिक६न क्षणिक०न ।	0x025fee33	rem t3,t6,t0
शेषः क्षणिक३म् क्षणिक६न क्षणिक३न ।	0x03cfee33	rem t3,t6,t3
शेषः क्षणिक६म् शून्यःन स्थिर०न ।	0x02806fb3	rem t6,zero,s0
शेषः क्षणिक६म् पुनःस्थानम्न शून्यःन ।	0x0200efb3	rem t6,ra,zero
शेषः क्षणिक६म् पुनःस्थानम्न अर्थ०न ।	0x02a0efb3	rem t6,ra,a0
शेषः क्षणिक६म् स्तूपसूचकःन स्तूपसूचकःन ।	0x02216fb3	rem t6,sp,sp
शेषः क्षणिक६म् स्तूपसूचकःन स्थिर११न ।	0x03b16fb3	rem t6,sp,s11
शेषः क्षणिक६म् क्षणिक०न क्षणिक२न ।	0x0272efb3	rem t6,t0,t2
शेषः क्षणिक६म् क्षणिक०न क्षणिक६न ।	0x03f2efb3	rem t6,t0,t6
शेषः क्षणिक६म् क्षणिक२न स्थिर१न ।	0x0293efb3	rem t6,t2,s1
शेषः क्षणिक६म् स्थिर०न पुनःस्थानम्न ।	0x02146fb3	rem t6,s0,ra
शेषः क्षणिक६म् स्थिर०न अर्थ७न ।	0x03146fb3	rem t6,s0,a7
शेषः क्षणिक६म् स्थिर१न क्षणिक०न ।	0x0254efb3	rem t6,s1,t0
शेषः क्षणिक६म् स्थिर१न क्षणिक३न ।	0x03c4efb3	rem t6,s1,t3
शेषः क्षणिक६म् अर्थ०न स्थिर०न ।	0x02856fb3	rem t6,a0,s0
शेषः क्षणिक६म् अर्थ७न शून्यःन ।	0x0208efb3	rem t6,a7,zero
शेषः क्षणिक६म् अर्थ७न अर्थ०न ।	0x02a8efb3	rem t6,a7,a0
शेषः क्षणिक६म् स्थिर११न स्तूपसूचकःन ।	0x022defb3	rem t6,s11,sp
शेषः क्षणिक६म् स्थिर११न स्थिर११न ।	0x03bdefb3	rem t6,s11,s11
शेषः क्षणिक६म् क्षणिक३न क्षणिक२न ।	0x027e6fb3	rem t6,t3,t2
शेषः क्षणिक६म् क्षणिक३न क्षणिक६न ।	0x03fe6fb3	rem t6,t3,t6
शेषः क्षणिक६म् क्षणिक६न स्थिर१न ।	0x029fefb3	rem t6,t6,s1
योगः शून्यःम् शून्यःन ०न ।	0x0001	addi zero,zero,0
योगः शून्यःम् स्थिर०न १न ।	0x00140013	addi zero,s0,1
योगः शून्यःम् क्षणिक३न २न ।	0x002e0013	addi zero,t3,2
योगः पुनःस्थानम्म् क्षणिक०न ४न ।	0x00428093	addi ra,t0,4
योगः पुनःस्थानम्म् अर्थ७न ८न ।	0x00888093	addi ra,a7,8
योगः स्तूपसूचकःम् पुनःस्थानम्न १६न ।	0x01008113	addi sp,ra,16
योगः स्तूपसूचकःम् स्थिर१न ३१न ।	0x01f48113	addi sp,s1,31
योगः स्तूपसूचकःम् क्षणिक६न ३२न ।	0x020f8113	addi sp,t6,32
योगः क्षणिक०म् क्षणिक२न ६४न ।	0x04038293	addi t0,t2,64
योगः क्षणिक०म् स्थिर११न १००न ।	0x064d8293	addi t0,s11,100
योगः क्षणिक२म् स्तूपसूचकःन २५५न ।	0x0ff10393	addi t2,sp,255
योगः क्षणिक२म् अर्थ०न २५६न ।	0x10050393	addi t2,a0,256
योगः स्थिर०म् शून्यःन १०२३न ।	0x3ff00413	addi s0,zero,1023
योगः स्थिर०म् स्थिर०न १०२४न ।	0x40040413	addi s0,s0,1024
योगः स्थिर०म् क्षणिक३न २०४७न ।	0x7ffe0413	addi s0,t3,2047
योगः स्थिर१म् क्षणिक०न ऋण१न ।	0xfff28493	addi s1,t0,-1
योगः स्थिर१म् अर्थ७न ऋण२न ।	0xffe88493	addi s1,a7,-2
योगः अर्थ०म् पुनःस्थानम्न ऋण१६न ।	0xff008513	addi a0,ra,-16
योगः अर्थ०म् स्थिर१न ऋण१००न ।	0xf9c48513	addi a0,s1,-100
योगः अर्थ०म् क्षणिक६न ऋण२५६न ।	0xf00f8513	addi a0,t6,-256
योगः अर्थ७म् क्षणिक२न ऋण१०२४न ।	0xc0038893	addi a7,t2,-1024
योगः अर्थ७म् स्थिर११न ऋण२०४७न ।	0x801d8893	addi a7,s11,-2047
योगः स्थिर११म् स्तूपसूचकःन ऋण२०४८न ।	0x80010d93	addi s11,sp,-2048
योगः स्थिर११म् अर्थ०न ०न ।	0x8daa	addi s11,a0,0
योगः क्षणिक३म् शून्यःन १न ।	0x4e05	addi t3,zero,1
योगः क्षणिक३म् स्थिर०न २न ।	0x00240e13	addi t3,s0,2
योगः क्षणिक३म् क्षणिक३न ४न ।	0x0e11	addi t3,t3,4
योगः क्षणिक६म् क्षणिक०न ८न ।	0x00828f93	addi t6,t0,8
योगः क्षणिक६म् अर्थ७न १६न ।	0x01088f93	addi t6,a7,16
युक्तम् शून्यःम् शून्यःन ०न ।	0x00007013	andi zero,zero,0
युक्तम् शून्यःम् स्थिर०न १न ।	0x00147013	andi zero,s0,1
युक्तम् शून्यःम् क्षणिक३न २न ।	0x002e7013	andi zero,t3,2
युक्तम् पुनःस्थानम्म् क्षणिक०न ४न ।	0x0042f093	andi ra,t0,4
युक्तम् पुनःस्थानम्म् अर्थ७न ८न ।	0x0088f093	andi ra,a7,8
युक्तम् स्तूपसूचकःम् पुनःस्थानम्न १६न ।	0x0100f113	andi sp,ra,16
युक्तम् स्तूपसूचकःम् स्थिर१न ३१न ।	0x01f4f113	andi sp,s1,31
युक्तम् स्तूपसूचकःम् क्षणिक६न ३२न ।	0x020ff113	andi sp,t6,32
युक्तम् क्षणिक०म् क्षणिक२न ६४न ।	0x0403f293	andi t0,t2,64
युक्तम् क्षणिक०म् स्थिर११न १००न ।	0x064df293	andi t0,s11,100
युक्तम् क्षणिक२म् स्तूपसूचकःन २५५न ।	0x0ff17393	andi t2,sp,255
युक्तम् क्षणिक२म् अर्थ०न २५६न ।	0x10057393	andi t2,a0,256
युक्तम् स्थिर०म् शून्यःन १०२३न ।	0x3ff07413	andi s0,zero,1023
युक्तम् स्थिर०म् स्थिर०न १०२४न ।	0x40047413	andi s0,s0,1024
युक्तम् स्थिर०म् क्षणिक३न २०४७न ।	0x7ffe7413	andi s0,t3,2047
युक्तम् स्थिर१म् क्षणिक०न ऋण१न ।	0xfff2f493	andi s1,t0,-1
युक्तम् स्थिर१म् अर्थ७न ऋण२न ।	0xffe8f493	andi s1,a7,-2
युक्तम् अर्थ०म् पुनःस्थानम्न ऋण१६न ।	0xff00f513	andi a0,ra,-16
युक्तम् अर्थ०म् स्थिर१न ऋण१००न ।	0xf9c4f513	andi a0,s1,-100
युक्तम् अर्थ०म् क्षणिक६न ऋण२५६न ।	0xf00ff513	andi a0,t6,-256
युक्तम् अर्थ७म् क्षणिक२न ऋण१०२४न ।	0xc003f893	andi a7,t2,-1024
युक्तम् अर्थ७म् स्थिर११न ऋण२०४७न ।	0x801df893	andi a7,s11,-2047
युक्तम् स्थिर११म् स्तूपसूचकःन ऋण२०४८न ।	0x80017d93	andi s11,sp,-2048
युक्तम् स्थिर११म् अर्थ०न ०न ।	0x00057d93	andi s11,a0,0
युक्तम् क्षणिक३म् शून्यःन १न ।	0x00107e13	andi t3,zero,1
युक्तम् क्षणिक३म् स्थिर०न २न ।	0x00247e13	andi t3,s0,2
युक्तम् क्षणिक३म् क्षणिक३न ४न ।	0x004e7e13	andi t3,t3,4
युक्तम् क्षणिक६म् क्षणिक०न ८न ।	0x0082ff93	andi t6,t0,8
युक्तम् क्षणिक६म् अर्थ७न १६न ।	0x0108ff93	andi t6,a7,16
विकल्पः शून्यःम् शून्यःन ०न ।	0x00006013	ori zero,zero,0
विकल्पः शून्यःम् स्थिर०न १न ।	0x00146013	ori zero,s0,1
विकल्पः शून्यःम् क्षणिक३न २न ।	0x002e6013	ori zero,t3,2
विकल्पः पुनःस्थानम्म् क्षणिक०न ४न ।	0x0042e093	ori ra,t0,4
विकल्पः पुनःस्थानम्म् अर्थ७न ८न ।	0x0088e093	ori ra,a7,8
विकल्पः स्तूपसूचकःम् पुनःस्थानम्न १६न ।	0x0100e113	ori sp,ra,16
विकल्पः स्तूपसूचकःम् स्थिर१न ३१न ।	0x01f4e113	ori sp,s1,31
विकल्पः स्तूपसूचकःम् क्षणिक६न ३२न ।	0x020fe113	ori sp,t6,32
विकल्पः क्षणिक०म् क्षणिक२न ६४न ।	0x0403e293	ori t0,t2,64
विकल्पः क्षणिक०म् स्थिर११न १००न ।	0x064de293	ori t0,s11,100
विकल्पः क्षणिक२म् स्तूपसूचकःन २५५न ।	0x0ff16393	ori t2,sp,255
विकल्पः क्षणिक२म् अर्थ०न २५६न ।	0x10056393	ori t2,a0,256
विकल्पः स्थिर०म् शून्यःन १०२३न ।	0x3ff06413	ori s0,zero,1023
विकल्पः स्थिर०म् स्थिर०न १०२४न ।	0x40046413	ori s0,s0,1024
विकल्पः स्थिर०म् क्षणिक३न २०४७न ।	0x7ffe6413	ori s0,t3,2047
विकल्पः स्थिर१म् क्षणिक०न ऋण१न ।	0xfff2e493	ori s1,t0,-1
विकल्पः स्थिर१म् अर्थ७न ऋण२न ।	0xffe8e493	ori s1,a7,-2
विकल्पः अर्थ०म् पुनःस्थानम्न ऋण१६न ।	0xff00e513	ori a0,ra,-16
विकल्पः अर्थ०म् स्थिर१न ऋण१००न ।	0xf9c4e513	ori a0,s1,-100
विकल्पः अर्थ०म् क्षणिक६न ऋण२५६न ।	0xf00fe513	ori a0,t6,-256
विकल्पः अर्थ७म् क्षणिक२न ऋण१०२४न ।	0xc003e893	ori a7,t2,-1024
विकल्पः अर्थ७म् स्थिर११न ऋण२०४७न ।	0x801de893	ori a7,s11,-2047
विकल्पः स्थिर११म् स्तूपसूचकःन ऋण२०४८न ।	0x80016d93	ori s11,sp,-2048
विकल्पः स्थिर११म् अर्थ०न ०न ।	0x00056d93	ori s11,a0,0
विकल्पः क्षणिक३म् शून्यःन १न ।	0x00106e13	ori t3,zero,1
विकल्पः क्षणिक३म् स्थिर०न २न ।	0x00246e13	ori t3,s0,2
विकल्पः क्षणिक३म् क्षणिक३न ४न ।	0x004e6e13	ori t3,t3,4
विकल्पः क्षणिक६म् क्षणिक०न ८न ।	0x0082ef93	ori t6,t0,8
विकल्पः क्षणिक६म् अर्थ७न १६न ।	0x0108ef93	ori t6,a7,16
वैषम्यम् शून्यःम् शून्यःन ०न ।	0x00004013	xori zero,zero,0
वैषम्यम् शून्यःम् स्थिर०न १न ।	0x00144013	xori zero,s0,1
वैषम्यम् शून्यःम् क्षणिक३न २न ।	0x002e4013	xori zero,t3,2
वैषम्यम् पुनःस्थानम्म् क्षणिक०न ४न ।	0x0042c093	xori ra,t0,4
वैषम्यम् पुनःस्थानम्म् अर्थ७न ८न ।	0x0088c093	xori ra,a7,8
वैषम्यम् स्तूपसूचकःम् पुनःस्थानम्न १६न ।	0x0100c113	xori sp,ra,16
वैषम्यम् स्तूपसूचकःम् स्थिर१न ३१न ।	0x01f4c113	xori sp,s1,31
वैषम्यम् स्तूपसूचकःम् क्षणिक६न ३२न ।	0x020fc113	xori sp,t6,32
वैषम्यम् क्षणिक०म् क्षणिक२न ६४न ।	0x0403c293	xori t0,t2,64
वैषम्यम् क्षणिक०म् स्थिर११न १००न ।	0x064dc293	xori t0,s11,100
वैषम्यम् क्षणिक२म् स्तूपसूचकःन २५५न ।	0x0ff14393	xori t2,sp,255
वैषम्यम् क्षणिक२म् अर्थ०न २५६न ।	0x10054393	xori t2,a0,256
वैषम्यम् स्थिर०म् शून्यःन १०२३न ।	0x3ff04413	xori s0,zero,1023
वैषम्यम् स्थिर०म् स्थिर०न १०२४न ।	0x40044413	xori s0,s0,1024
वैषम्यम् स्थिर०म् क्षणिक३न २०४७न ।	0x7ffe4413	xori s0,t3,2047
वैषम्यम् स्थिर१म् क्षणिक०न ऋण१न ।	0xfff2c493	xori s1,t0,-1
वैषम्यम् स्थिर१म् अर्थ७न ऋण२न ।	0xffe8c493	xori s1,a7,-2
वैषम्यम् अर्थ०म् पुनःस्थानम्न ऋण१६न ।	0xff00c513	xori a0,ra,-16
वैषम्यम् अर्थ०म् स्थिर१न ऋण१००न ।	0xf9c4c513	xori a0,s1,-100
वैषम्यम् अर्थ०म् क्षणिक६न ऋण२५६न ।	0xf00fc513	xori a0,t6,-256
वैषम्यम् अर्थ७म् क्षणिक२न ऋण१०२४न ।	0xc003c893	xori a7,t2,-1024
वैषम्यम् अर्थ७म् स्थिर११न ऋण२०४७न ।	0x801dc893	xori a7,s11,-2047
वैषम्यम् स्थिर११म् स्तूपसूचकःन ऋण२०४८न ।	0x80014d93	xori s11,sp,-2048
वैषम्यम् स्थिर११म् अर्थ०न ०न ।	0x00054d93	xori s11,a0,0
वैषम्यम् क्षणिक३म् शून्यःन १न ।	0x00104e13	xori t3,zero,1
वैषम्यम् क्षणिक३म् स्थिर०न २न ।	0x00244e13	xori t3,s0,2
वैषम्यम् क्षणिक३म् क्षणिक३न ४न ।	0x004e4e13	xori t3,t3,4
वैषम्यम् क्षणिक६म् क्षणिक०न ८न ।	0x0082cf93	xori t6,t0,8
वैषम्यम् क्षणिक६म् अर्थ७न १६न ।	0x0108cf93	xori t6,a7,16
न्यूनम् शून्यःम् शून्यःन ०न ।	0x00002013	slti zero,zero,0
न्यूनम् शून्यःम् स्थिर०न १न ।	0x00142013	slti zero,s0,1
न्यूनम् शून्यःम् क्षणिक३न २न ।	0x002e2013	slti zero,t3,2
न्यूनम् पुनःस्थानम्म् क्षणिक०न ४न ।	0x0042a093	slti ra,t0,4
न्यूनम् पुनःस्थानम्म् अर्थ७न ८न ।	0x0088a093	slti ra,a7,8
न्यूनम् स्तूपसूचकःम् पुनःस्थानम्न १६न ।	0x0100a113	slti sp,ra,16
न्यूनम् स्तूपसूचकःम् स्थिर१न ३१न ।	0x01f4a113	slti sp,s1,31
न्यूनम् स्तूपसूचकःम् क्षणिक६न ३२न ।	0x020fa113	slti sp,t6,32
न्यूनम् क्षणिक०म् क्षणिक२न ६४न ।	0x0403a293	slti t0,t2,64
न्यूनम् क्षणिक०म् स्थिर११न १००न ।	0x064da293	slti t0,s11,100
न्यूनम् क्षणिक२म् स्तूपसूचकःन २५५न ।	0x0ff12393	slti t2,sp,255
न्यूनम् क्षणिक२म् अर्थ०न २५६न ।	0x10052393	slti t2,a0,256
न्यूनम् स्थिर०म् शून्यःन १०२३न ।	0x3ff02413	slti s0,zero,1023
न्यूनम् स्थिर०म् स्थिर०न १०२४न ।	0x40042413	slti s0,s0,1024
न्यूनम् स्थिर०म् क्षणिक३न २०४७न ।	0x7ffe2413	slti s0,t3,2047
न्यूनम् स्थिर१म् क्षणिक०न ऋण१न ।	0xfff2a493	slti s1,t0,-1
न्यूनम् स्थिर१म् अर्थ७न ऋण२न ।	0xffe8a493	slti s1,a7,-2
न्यूनम् अर्थ०म् पुनःस्थानम्न ऋण१६न ।	0xff00a513	slti a0,ra,-16
न्यूनम् अर्थ०म् स्थिर१न ऋण१००न ।	0xf9c4a513	slti a0,s1,-100
न्यूनम् अर्थ०म् क्षणिक६न ऋण२५६न ।	0xf00fa513	slti a0,t6,-256
न्यूनम् अर्थ७म् क्षणिक२न ऋण१०२४न ।	0xc003a893	slti a7,t2,-1024
न्यूनम् अर्थ७म् स्थिर११न ऋण२०४७न ।	0x801da893	slti a7,s11,-2047
न्यूनम् स्थिर११म् स्तूपसूचकःन ऋण२०४८न ।	0x80012d93	slti s11,sp,-2048
न्यूनम् स्थिर११म् अर्थ०न ०न ।	0x00052d93	slti s11,a0,0
न्यूनम् क्षणिक३म् शून्यःन १न ।	0x00102e13	slti t3,zero,1
न्यूनम् क्षणिक३म् स्थिर०न २न ।	0x00242e13	slti t3,s0,2
न्यूनम् क्षणिक३म् क्षणिक३न ४न ।	0x004e2e13	slti t3,t3,4
न्यूनम् क्षणिक६म् क्षणिक०न ८न ।	0x0082af93	slti t6,t0,8
न्यूनम् क्षणिक६म् अर्थ७न १६न ।	0x0108af93	slti t6,a7,16
आहारःॱअ८ शून्यःम् शून्यःत् ०न ।	0x00000003	lb zero,0(zero)
निधानम्ॱअ८ शून्यःय् ०न शून्यःन ।	0x00000023	sb zero,0(zero)
आहारःॱअ८ शून्यःम् क्षणिक६त् १न ।	0x001f8003	lb zero,1(t6)
निधानम्ॱअ८ क्षणिक६य् १न शून्यःन ।	0x000f80a3	sb zero,1(t6)
आहारःॱअ८ पुनःस्थानम्म् क्षणिक३त् २न ।	0x002e0083	lb ra,2(t3)
निधानम्ॱअ८ क्षणिक३य् २न पुनःस्थानम्न ।	0x001e0123	sb ra,2(t3)
आहारःॱअ८ स्तूपसूचकःम् स्थिर११त् ४न ।	0x004d8103	lb sp,4(s11)
निधानम्ॱअ८ स्थिर११य् ४न स्तूपसूचकःन ।	0x002d8223	sb sp,4(s11)
आहारःॱअ८ क्षणिक०म् अर्थ७त् ८न ।	0x00888283	lb t0,8(a7)
निधानम्ॱअ८ अर्थ७य् ८न क्षणिक०न ।	0x00588423	sb t0,8(a7)
आहारःॱअ८ क्षणिक२म् अर्थ०त् १६न ।	0x01050383	lb t2,16(a0)
निधानम्ॱअ८ अर्थ०य् १६न क्षणिक२न ।	0x00750823	sb t2,16(a0)
आहारःॱअ८ स्थिर०म् स्थिर१त् २४न ।	0x01848403	lb s0,24(s1)
निधानम्ॱअ८ स्थिर१य् २४न स्थिर०न ।	0x00848c23	sb s0,24(s1)
आहारःॱअ८ स्थिर१म् स्थिर०त् ६४न ।	0x04040483	lb s1,64(s0)
निधानम्ॱअ८ स्थिर०य् ६४न स्थिर१न ।	0x04940023	sb s1,64(s0)
आहारःॱअ८ अर्थ०म् क्षणिक२त् २५५न ।	0x0ff38503	lb a0,255(t2)
निधानम्ॱअ८ क्षणिक२य् २५५न अर्थ०न ।	0x0ea38fa3	sb a0,255(t2)
आहारःॱअ८ अर्थ७म् क्षणिक०त् २५६न ।	0x10028883	lb a7,256(t0)
निधानम्ॱअ८ क्षणिक०य् २५६न अर्थ७न ।	0x11128023	sb a7,256(t0)
आहारःॱअ८ स्थिर११म् स्तूपसूचकःत् १०२४न ।	0x40010d83	lb s11,1024(sp)
निधानम्ॱअ८ स्तूपसूचकःय् १०२४न स्थिर११न ।	0x41b10023	sb s11,1024(sp)
आहारःॱअ८ क्षणिक३म् पुनःस्थानम्त् २०४७न ।	0x7ff08e03	lb t3,2047(ra)
निधानम्ॱअ८ पुनःस्थानम्य् २०४७न क्षणिक३न ।	0x7fc08fa3	sb t3,2047(ra)
आहारःॱअ८ क्षणिक६म् शून्यःत् ऋण१न ।	0xfff00f83	lb t6,-1(zero)
निधानम्ॱअ८ शून्यःय् ऋण१न क्षणिक६न ।	0xfff00fa3	sb t6,-1(zero)
आहारःॱअ८ क्षणिक६म् क्षणिक६त् ऋण८न ।	0xff8f8f83	lb t6,-8(t6)
निधानम्ॱअ८ क्षणिक६य् ऋण८न क्षणिक६न ।	0xffff8c23	sb t6,-8(t6)
आहारःॱअ१६ शून्यःम् शून्यःत् ०न ।	0x00001003	lh zero,0(zero)
निधानम्ॱअ१६ शून्यःय् ०न शून्यःन ।	0x00001023	sh zero,0(zero)
आहारःॱअ१६ शून्यःम् क्षणिक६त् १न ।	0x001f9003	lh zero,1(t6)
निधानम्ॱअ१६ क्षणिक६य् १न शून्यःन ।	0x000f90a3	sh zero,1(t6)
आहारःॱअ१६ पुनःस्थानम्म् क्षणिक३त् २न ।	0x002e1083	lh ra,2(t3)
निधानम्ॱअ१६ क्षणिक३य् २न पुनःस्थानम्न ।	0x001e1123	sh ra,2(t3)
आहारःॱअ१६ स्तूपसूचकःम् स्थिर११त् ४न ।	0x004d9103	lh sp,4(s11)
निधानम्ॱअ१६ स्थिर११य् ४न स्तूपसूचकःन ।	0x002d9223	sh sp,4(s11)
आहारःॱअ१६ क्षणिक०म् अर्थ७त् ८न ।	0x00889283	lh t0,8(a7)
निधानम्ॱअ१६ अर्थ७य् ८न क्षणिक०न ।	0x00589423	sh t0,8(a7)
आहारःॱअ१६ क्षणिक२म् अर्थ०त् १६न ।	0x01051383	lh t2,16(a0)
निधानम्ॱअ१६ अर्थ०य् १६न क्षणिक२न ।	0x00751823	sh t2,16(a0)
आहारःॱअ१६ स्थिर०म् स्थिर१त् २४न ।	0x01849403	lh s0,24(s1)
निधानम्ॱअ१६ स्थिर१य् २४न स्थिर०न ।	0x00849c23	sh s0,24(s1)
आहारःॱअ१६ स्थिर१म् स्थिर०त् ६४न ।	0x04041483	lh s1,64(s0)
निधानम्ॱअ१६ स्थिर०य् ६४न स्थिर१न ।	0x04941023	sh s1,64(s0)
आहारःॱअ१६ अर्थ०म् क्षणिक२त् २५५न ।	0x0ff39503	lh a0,255(t2)
निधानम्ॱअ१६ क्षणिक२य् २५५न अर्थ०न ।	0x0ea39fa3	sh a0,255(t2)
आहारःॱअ१६ अर्थ७म् क्षणिक०त् २५६न ।	0x10029883	lh a7,256(t0)
निधानम्ॱअ१६ क्षणिक०य् २५६न अर्थ७न ।	0x11129023	sh a7,256(t0)
आहारःॱअ१६ स्थिर११म् स्तूपसूचकःत् १०२४न ।	0x40011d83	lh s11,1024(sp)
निधानम्ॱअ१६ स्तूपसूचकःय् १०२४न स्थिर११न ।	0x41b11023	sh s11,1024(sp)
आहारःॱअ१६ क्षणिक३म् पुनःस्थानम्त् २०४७न ।	0x7ff09e03	lh t3,2047(ra)
निधानम्ॱअ१६ पुनःस्थानम्य् २०४७न क्षणिक३न ।	0x7fc09fa3	sh t3,2047(ra)
आहारःॱअ१६ क्षणिक६म् शून्यःत् ऋण१न ।	0xfff01f83	lh t6,-1(zero)
निधानम्ॱअ१६ शून्यःय् ऋण१न क्षणिक६न ।	0xfff01fa3	sh t6,-1(zero)
आहारःॱअ१६ क्षणिक६म् क्षणिक६त् ऋण८न ।	0xff8f9f83	lh t6,-8(t6)
निधानम्ॱअ१६ क्षणिक६य् ऋण८न क्षणिक६न ।	0xffff9c23	sh t6,-8(t6)
आहारःॱअ३२ शून्यःम् शून्यःत् ०न ।	0x00002003	lw zero,0(zero)
निधानम्ॱअ३२ शून्यःय् ०न शून्यःन ।	0x00002023	sw zero,0(zero)
आहारःॱअ३२ शून्यःम् क्षणिक६त् १न ।	0x001fa003	lw zero,1(t6)
निधानम्ॱअ३२ क्षणिक६य् १न शून्यःन ।	0x000fa0a3	sw zero,1(t6)
आहारःॱअ३२ पुनःस्थानम्म् क्षणिक३त् २न ।	0x002e2083	lw ra,2(t3)
निधानम्ॱअ३२ क्षणिक३य् २न पुनःस्थानम्न ।	0x001e2123	sw ra,2(t3)
आहारःॱअ३२ स्तूपसूचकःम् स्थिर११त् ४न ।	0x004da103	lw sp,4(s11)
निधानम्ॱअ३२ स्थिर११य् ४न स्तूपसूचकःन ।	0x002da223	sw sp,4(s11)
आहारःॱअ३२ क्षणिक०म् अर्थ७त् ८न ।	0x0088a283	lw t0,8(a7)
निधानम्ॱअ३२ अर्थ७य् ८न क्षणिक०न ।	0x0058a423	sw t0,8(a7)
आहारःॱअ३२ क्षणिक२म् अर्थ०त् १६न ।	0x01052383	lw t2,16(a0)
निधानम्ॱअ३२ अर्थ०य् १६न क्षणिक२न ।	0x00752823	sw t2,16(a0)
आहारःॱअ३२ स्थिर०म् स्थिर१त् २४न ।	0x4c80	lw s0,24(s1)
निधानम्ॱअ३२ स्थिर१य् २४न स्थिर०न ।	0xcc80	sw s0,24(s1)
आहारःॱअ३२ स्थिर१म् स्थिर०त् ६४न ।	0x4024	lw s1,64(s0)
निधानम्ॱअ३२ स्थिर०य् ६४न स्थिर१न ।	0xc024	sw s1,64(s0)
आहारःॱअ३२ अर्थ०म् क्षणिक२त् २५५न ।	0x0ff3a503	lw a0,255(t2)
निधानम्ॱअ३२ क्षणिक२य् २५५न अर्थ०न ।	0x0ea3afa3	sw a0,255(t2)
आहारःॱअ३२ अर्थ७म् क्षणिक०त् २५६न ।	0x1002a883	lw a7,256(t0)
निधानम्ॱअ३२ क्षणिक०य् २५६न अर्थ७न ।	0x1112a023	sw a7,256(t0)
आहारःॱअ३२ स्थिर११म् स्तूपसूचकःत् १०२४न ।	0x40012d83	lw s11,1024(sp)
निधानम्ॱअ३२ स्तूपसूचकःय् १०२४न स्थिर११न ।	0x41b12023	sw s11,1024(sp)
आहारःॱअ३२ क्षणिक३म् पुनःस्थानम्त् २०४७न ।	0x7ff0ae03	lw t3,2047(ra)
निधानम्ॱअ३२ पुनःस्थानम्य् २०४७न क्षणिक३न ।	0x7fc0afa3	sw t3,2047(ra)
आहारःॱअ३२ क्षणिक६म् शून्यःत् ऋण१न ।	0xfff02f83	lw t6,-1(zero)
निधानम्ॱअ३२ शून्यःय् ऋण१न क्षणिक६न ।	0xfff02fa3	sw t6,-1(zero)
आहारःॱअ३२ क्षणिक६म् क्षणिक६त् ऋण८न ।	0xff8faf83	lw t6,-8(t6)
निधानम्ॱअ३२ क्षणिक६य् ऋण८न क्षणिक६न ।	0xffffac23	sw t6,-8(t6)
आहारःॱअ६४ शून्यःम् शून्यःत् ०न ।	0x00003003	ld zero,0(zero)
निधानम्ॱअ६४ शून्यःय् ०न शून्यःन ।	0x00003023	sd zero,0(zero)
आहारःॱअ६४ शून्यःम् क्षणिक६त् १न ।	0x001fb003	ld zero,1(t6)
निधानम्ॱअ६४ क्षणिक६य् १न शून्यःन ।	0x000fb0a3	sd zero,1(t6)
आहारःॱअ६४ पुनःस्थानम्म् क्षणिक३त् २न ।	0x002e3083	ld ra,2(t3)
निधानम्ॱअ६४ क्षणिक३य् २न पुनःस्थानम्न ।	0x001e3123	sd ra,2(t3)
आहारःॱअ६४ स्तूपसूचकःम् स्थिर११त् ४न ।	0x004db103	ld sp,4(s11)
निधानम्ॱअ६४ स्थिर११य् ४न स्तूपसूचकःन ।	0x002db223	sd sp,4(s11)
आहारःॱअ६४ क्षणिक०म् अर्थ७त् ८न ।	0x0088b283	ld t0,8(a7)
निधानम्ॱअ६४ अर्थ७य् ८न क्षणिक०न ।	0x0058b423	sd t0,8(a7)
आहारःॱअ६४ क्षणिक२म् अर्थ०त् १६न ।	0x01053383	ld t2,16(a0)
निधानम्ॱअ६४ अर्थ०य् १६न क्षणिक२न ।	0x00753823	sd t2,16(a0)
आहारःॱअ६४ स्थिर०म् स्थिर१त् २४न ।	0x6c80	ld s0,24(s1)
निधानम्ॱअ६४ स्थिर१य् २४न स्थिर०न ।	0xec80	sd s0,24(s1)
आहारःॱअ६४ स्थिर१म् स्थिर०त् ६४न ।	0x6024	ld s1,64(s0)
निधानम्ॱअ६४ स्थिर०य् ६४न स्थिर१न ।	0xe024	sd s1,64(s0)
आहारःॱअ६४ अर्थ०म् क्षणिक२त् २५५न ।	0x0ff3b503	ld a0,255(t2)
निधानम्ॱअ६४ क्षणिक२य् २५५न अर्थ०न ।	0x0ea3bfa3	sd a0,255(t2)
आहारःॱअ६४ अर्थ७म् क्षणिक०त् २५६न ।	0x1002b883	ld a7,256(t0)
निधानम्ॱअ६४ क्षणिक०य् २५६न अर्थ७न ।	0x1112b023	sd a7,256(t0)
आहारःॱअ६४ स्थिर११म् स्तूपसूचकःत् १०२४न ।	0x40013d83	ld s11,1024(sp)
निधानम्ॱअ६४ स्तूपसूचकःय् १०२४न स्थिर११न ।	0x41b13023	sd s11,1024(sp)
आहारःॱअ६४ क्षणिक३म् पुनःस्थानम्त् २०४७न ।	0x7ff0be03	ld t3,2047(ra)
निधानम्ॱअ६४ पुनःस्थानम्य् २०४७न क्षणिक३न ।	0x7fc0bfa3	sd t3,2047(ra)
आहारःॱअ६४ क्षणिक६म् शून्यःत् ऋण१न ।	0xfff03f83	ld t6,-1(zero)
निधानम्ॱअ६४ शून्यःय् ऋण१न क्षणिक६न ।	0xfff03fa3	sd t6,-1(zero)
आहारःॱअ६४ क्षणिक६म् क्षणिक६त् ऋण८न ।	0xff8fbf83	ld t6,-8(t6)
निधानम्ॱअ६४ क्षणिक६य् ऋण८न क्षणिक६न ।	0xffffbc23	sd t6,-8(t6)
अचिह्नाहारःॱन८ शून्यःम् शून्यःत् ०न ।	0x00004003	lbu zero,0(zero)
अचिह्नाहारःॱन८ पुनःस्थानम्म् पुनःस्थानम्त् १न ।	0x0010c083	lbu ra,1(ra)
अचिह्नाहारःॱन८ स्तूपसूचकःम् स्तूपसूचकःत् २न ।	0x00214103	lbu sp,2(sp)
अचिह्नाहारःॱन८ क्षणिक०म् क्षणिक०त् ४न ।	0x0042c283	lbu t0,4(t0)
अचिह्नाहारःॱन८ क्षणिक२म् क्षणिक२त् ८न ।	0x0083c383	lbu t2,8(t2)
अचिह्नाहारःॱन८ स्थिर०म् स्थिर०त् १६न ।	0x01044403	lbu s0,16(s0)
अचिह्नाहारःॱन८ स्थिर१म् स्थिर१त् २४न ।	0x0184c483	lbu s1,24(s1)
अचिह्नाहारःॱन८ अर्थ०म् अर्थ०त् ६४न ।	0x04054503	lbu a0,64(a0)
अचिह्नाहारःॱन८ अर्थ७म् अर्थ७त् २५५न ।	0x0ff8c883	lbu a7,255(a7)
अचिह्नाहारःॱन८ स्थिर११म् स्थिर११त् २५६न ।	0x100dcd83	lbu s11,256(s11)
अचिह्नाहारःॱन८ क्षणिक३म् क्षणिक३त् १०२४न ।	0x400e4e03	lbu t3,1024(t3)
अचिह्नाहारःॱन८ क्षणिक६म् क्षणिक६त् २०४७न ।	0x7fffcf83	lbu t6,2047(t6)
अचिह्नाहारःॱन१६ शून्यःम् शून्यःत् ०न ।	0x00005003	lhu zero,0(zero)
अचिह्नाहारःॱन१६ पुनःस्थानम्म् पुनःस्थानम्त् १न ।	0x0010d083	lhu ra,1(ra)
अचिह्नाहारःॱन१६ स्तूपसूचकःम् स्तूपसूचकःत् २न ।	0x00215103	lhu sp,2(sp)
अचिह्नाहारःॱन१६ क्षणिक०म् क्षणिक०त् ४न ।	0x0042d283	lhu t0,4(t0)
अचिह्नाहारःॱन१६ क्षणिक२म् क्षणिक२त् ८न ।	0x0083d383	lhu t2,8(t2)
अचिह्नाहारःॱन१६ स्थिर०म् स्थिर०त् १६न ।	0x01045403	lhu s0,16(s0)
अचिह्नाहारःॱन१६ स्थिर१म् स्थिर१त् २४न ।	0x0184d483	lhu s1,24(s1)
अचिह्नाहारःॱन१६ अर्थ०म् अर्थ०त् ६४न ।	0x04055503	lhu a0,64(a0)
अचिह्नाहारःॱन१६ अर्थ७म् अर्थ७त् २५५न ।	0x0ff8d883	lhu a7,255(a7)
अचिह्नाहारःॱन१६ स्थिर११म् स्थिर११त् २५६न ।	0x100ddd83	lhu s11,256(s11)
अचिह्नाहारःॱन१६ क्षणिक३म् क्षणिक३त् १०२४न ।	0x400e5e03	lhu t3,1024(t3)
अचिह्नाहारःॱन१६ क्षणिक६म् क्षणिक६त् २०४७न ।	0x7fffdf83	lhu t6,2047(t6)
अचिह्नाहारःॱन३२ शून्यःम् शून्यःत् ०न ।	0x00006003	lwu zero,0(zero)
अचिह्नाहारःॱन३२ पुनःस्थानम्म् पुनःस्थानम्त् १न ।	0x0010e083	lwu ra,1(ra)
अचिह्नाहारःॱन३२ स्तूपसूचकःम् स्तूपसूचकःत् २न ।	0x00216103	lwu sp,2(sp)
अचिह्नाहारःॱन३२ क्षणिक०म् क्षणिक०त् ४न ।	0x0042e283	lwu t0,4(t0)
अचिह्नाहारःॱन३२ क्षणिक२म् क्षणिक२त् ८न ।	0x0083e383	lwu t2,8(t2)
अचिह्नाहारःॱन३२ स्थिर०म् स्थिर०त् १६न ।	0x01046403	lwu s0,16(s0)
अचिह्नाहारःॱन३२ स्थिर१म् स्थिर१त् २४न ।	0x0184e483	lwu s1,24(s1)
अचिह्नाहारःॱन३२ अर्थ०म् अर्थ०त् ६४न ।	0x04056503	lwu a0,64(a0)
अचिह्नाहारःॱन३२ अर्थ७म् अर्थ७त् २५५न ।	0x0ff8e883	lwu a7,255(a7)
अचिह्नाहारःॱन३२ स्थिर११म् स्थिर११त् २५६न ।	0x100ded83	lwu s11,256(s11)
अचिह्नाहारःॱन३२ क्षणिक३म् क्षणिक३त् १०२४न ।	0x400e6e03	lwu t3,1024(t3)
अचिह्नाहारःॱन३२ क्षणिक६म् क्षणिक६त् २०४७न ।	0x7fffef83	lwu t6,2047(t6)
वामसरणम् शून्यःम् शून्यःन ०न ।	0x00001013	slli zero,zero,0
वामसरणम् शून्यःम् स्थिर०न १न ।	0x00141013	slli zero,s0,1
वामसरणम् शून्यःम् क्षणिक३न २न ।	0x002e1013	slli zero,t3,2
वामसरणम् पुनःस्थानम्म् क्षणिक०न ३न ।	0x00329093	slli ra,t0,3
वामसरणम् पुनःस्थानम्म् अर्थ७न ४न ।	0x00489093	slli ra,a7,4
वामसरणम् स्तूपसूचकःम् पुनःस्थानम्न ७न ।	0x00709113	slli sp,ra,7
वामसरणम् स्तूपसूचकःम् स्थिर१न ८न ।	0x00849113	slli sp,s1,8
वामसरणम् स्तूपसूचकःम् क्षणिक६न १५न ।	0x00ff9113	slli sp,t6,15
वामसरणम् क्षणिक०म् क्षणिक२न १६न ।	0x01039293	slli t0,t2,16
वामसरणम् क्षणिक०म् स्थिर११न ३१न ।	0x01fd9293	slli t0,s11,31
वामसरणम् क्षणिक२म् स्तूपसूचकःन ३२न ।	0x02011393	slli t2,sp,32
वामसरणम् क्षणिक२म् अर्थ०न ३३न ।	0x02151393	slli t2,a0,33
वामसरणम् स्थिर०म् शून्यःन ४७न ।	0x02f01413	slli s0,zero,47
वामसरणम् स्थिर०म् स्थिर०न ६२न ।	0x147a	slli s0,s0,62
वामसरणम् स्थिर०म् क्षणिक३न ६३न ।	0x03fe1413	slli s0,t3,63
वामसरणम् स्थिर१म् क्षणिक०न ०न ।	0x00029493	slli s1,t0,0
वामसरणम् स्थिर१म् अर्थ७न १न ।	0x00189493	slli s1,a7,1
वामसरणम् अर्थ०म् पुनःस्थानम्न २न ।	0x00209513	slli a0,ra,2
वामसरणम् अर्थ०म् स्थिर१न ३न ।	0x00349513	slli a0,s1,3
वामसरणम् अर्थ०म् क्षणिक६न ४न ।	0x004f9513	slli a0,t6,4
वामसरणम् अर्थ७म् क्षणिक२न ७न ।	0x00739893	slli a7,t2,7
वामसरणम् अर्थ७म् स्थिर११न ८न ।	0x008d9893	slli a7,s11,8
वामसरणम् स्थिर११म् स्तूपसूचकःन १५न ।	0x00f11d93	slli s11,sp,15
वामसरणम् स्थिर११म् अर्थ०न १६न ।	0x01051d93	slli s11,a0,16
वामसरणम् क्षणिक३म् शून्यःन ३१न ।	0x01f01e13	slli t3,zero,31
वामसरणम् क्षणिक३म् स्थिर०न ३२न ।	0x02041e13	slli t3,s0,32
वामसरणम् क्षणिक३म् क्षणिक३न ३३न ।	0x1e06	slli t3,t3,33
वामसरणम् क्षणिक६म् क्षणिक०न ४७न ।	0x02f29f93	slli t6,t0,47
वामसरणम् क्षणिक६म् अर्थ७न ६२न ।	0x03e89f93	slli t6,a7,62
दक्षिणसरणम् शून्यःम् शून्यःन ०न ।	0x00005013	srli zero,zero,0
दक्षिणसरणम् शून्यःम् स्थिर०न १न ।	0x00145013	srli zero,s0,1
दक्षिणसरणम् शून्यःम् क्षणिक३न २न ।	0x002e5013	srli zero,t3,2
दक्षिणसरणम् पुनःस्थानम्म् क्षणिक०न ३न ।	0x0032d093	srli ra,t0,3
दक्षिणसरणम् पुनःस्थानम्म् अर्थ७न ४न ।	0x0048d093	srli ra,a7,4
दक्षिणसरणम् स्तूपसूचकःम् पुनःस्थानम्न ७न ।	0x0070d113	srli sp,ra,7
दक्षिणसरणम् स्तूपसूचकःम् स्थिर१न ८न ।	0x0084d113	srli sp,s1,8
दक्षिणसरणम् स्तूपसूचकःम् क्षणिक६न १५न ।	0x00ffd113	srli sp,t6,15
दक्षिणसरणम् क्षणिक०म् क्षणिक२न १६न ।	0x0103d293	srli t0,t2,16
दक्षिणसरणम् क्षणिक०म् स्थिर११न ३१न ।	0x01fdd293	srli t0,s11,31
दक्षिणसरणम् क्षणिक२म् स्तूपसूचकःन ३२न ।	0x02015393	srli t2,sp,32
दक्षिणसरणम् क्षणिक२म् अर्थ०न ३३न ।	0x02155393	srli t2,a0,33
दक्षिणसरणम् स्थिर०म् शून्यःन ४७न ।	0x02f05413	srli s0,zero,47
दक्षिणसरणम् स्थिर०म् स्थिर०न ६२न ।	0x9079	srli s0,s0,62
दक्षिणसरणम् स्थिर०म् क्षणिक३न ६३न ।	0x03fe5413	srli s0,t3,63
दक्षिणसरणम् स्थिर१म् क्षणिक०न ०न ।	0x0002d493	srli s1,t0,0
दक्षिणसरणम् स्थिर१म् अर्थ७न १न ।	0x0018d493	srli s1,a7,1
दक्षिणसरणम् अर्थ०म् पुनःस्थानम्न २न ।	0x0020d513	srli a0,ra,2
दक्षिणसरणम् अर्थ०म् स्थिर१न ३न ।	0x0034d513	srli a0,s1,3
दक्षिणसरणम् अर्थ०म् क्षणिक६न ४न ।	0x004fd513	srli a0,t6,4
दक्षिणसरणम् अर्थ७म् क्षणिक२न ७न ।	0x0073d893	srli a7,t2,7
दक्षिणसरणम् अर्थ७म् स्थिर११न ८न ।	0x008dd893	srli a7,s11,8
दक्षिणसरणम् स्थिर११म् स्तूपसूचकःन १५न ।	0x00f15d93	srli s11,sp,15
दक्षिणसरणम् स्थिर११म् अर्थ०न १६न ।	0x01055d93	srli s11,a0,16
दक्षिणसरणम् क्षणिक३म् शून्यःन ३१न ।	0x01f05e13	srli t3,zero,31
दक्षिणसरणम् क्षणिक३म् स्थिर०न ३२न ।	0x02045e13	srli t3,s0,32
दक्षिणसरणम् क्षणिक३म् क्षणिक३न ३३न ।	0x021e5e13	srli t3,t3,33
दक्षिणसरणम् क्षणिक६म् क्षणिक०न ४७न ।	0x02f2df93	srli t6,t0,47
दक्षिणसरणम् क्षणिक६म् अर्थ७न ६२न ।	0x03e8df93	srli t6,a7,62
सचिह्नदक्षिणसरणम् शून्यःम् शून्यःन ०न ।	0x40005013	srai zero,zero,0
सचिह्नदक्षिणसरणम् शून्यःम् स्थिर०न १न ।	0x40145013	srai zero,s0,1
सचिह्नदक्षिणसरणम् शून्यःम् क्षणिक३न २न ।	0x402e5013	srai zero,t3,2
सचिह्नदक्षिणसरणम् पुनःस्थानम्म् क्षणिक०न ३न ।	0x4032d093	srai ra,t0,3
सचिह्नदक्षिणसरणम् पुनःस्थानम्म् अर्थ७न ४न ।	0x4048d093	srai ra,a7,4
सचिह्नदक्षिणसरणम् स्तूपसूचकःम् पुनःस्थानम्न ७न ।	0x4070d113	srai sp,ra,7
सचिह्नदक्षिणसरणम् स्तूपसूचकःम् स्थिर१न ८न ।	0x4084d113	srai sp,s1,8
सचिह्नदक्षिणसरणम् स्तूपसूचकःम् क्षणिक६न १५न ।	0x40ffd113	srai sp,t6,15
सचिह्नदक्षिणसरणम् क्षणिक०म् क्षणिक२न १६न ।	0x4103d293	srai t0,t2,16
सचिह्नदक्षिणसरणम् क्षणिक०म् स्थिर११न ३१न ।	0x41fdd293	srai t0,s11,31
सचिह्नदक्षिणसरणम् क्षणिक२म् स्तूपसूचकःन ३२न ।	0x42015393	srai t2,sp,32
सचिह्नदक्षिणसरणम् क्षणिक२म् अर्थ०न ३३न ।	0x42155393	srai t2,a0,33
सचिह्नदक्षिणसरणम् स्थिर०म् शून्यःन ४७न ।	0x42f05413	srai s0,zero,47
सचिह्नदक्षिणसरणम् स्थिर०म् स्थिर०न ६२न ।	0x9479	srai s0,s0,62
सचिह्नदक्षिणसरणम् स्थिर०म् क्षणिक३न ६३न ।	0x43fe5413	srai s0,t3,63
सचिह्नदक्षिणसरणम् स्थिर१म् क्षणिक०न ०न ।	0x4002d493	srai s1,t0,0
सचिह्नदक्षिणसरणम् स्थिर१म् अर्थ७न १न ।	0x4018d493	srai s1,a7,1
सचिह्नदक्षिणसरणम् अर्थ०म् पुनःस्थानम्न २न ।	0x4020d513	srai a0,ra,2
सचिह्नदक्षिणसरणम् अर्थ०म् स्थिर१न ३न ।	0x4034d513	srai a0,s1,3
सचिह्नदक्षिणसरणम् अर्थ०म् क्षणिक६न ४न ।	0x404fd513	srai a0,t6,4
सचिह्नदक्षिणसरणम् अर्थ७म् क्षणिक२न ७न ।	0x4073d893	srai a7,t2,7
सचिह्नदक्षिणसरणम् अर्थ७म् स्थिर११न ८न ।	0x408dd893	srai a7,s11,8
सचिह्नदक्षिणसरणम् स्थिर११म् स्तूपसूचकःन १५न ।	0x40f15d93	srai s11,sp,15
सचिह्नदक्षिणसरणम् स्थिर११म् अर्थ०न १६न ।	0x41055d93	srai s11,a0,16
सचिह्नदक्षिणसरणम् क्षणिक३म् शून्यःन ३१न ।	0x41f05e13	srai t3,zero,31
सचिह्नदक्षिणसरणम् क्षणिक३म् स्थिर०न ३२न ।	0x42045e13	srai t3,s0,32
सचिह्नदक्षिणसरणम् क्षणिक३म् क्षणिक३न ३३न ।	0x421e5e13	srai t3,t3,33
सचिह्नदक्षिणसरणम् क्षणिक६म् क्षणिक०न ४७न ।	0x42f2df93	srai t6,t0,47
सचिह्नदक्षिणसरणम् क्षणिक६म् अर्थ७न ६२न ।	0x43e8df93	srai t6,a7,62
स्मृतिबन्धः आगमःत् आगमःय् ।	0x0880000f	fence i,i
स्मृतिबन्धः आगमःत् निर्गमःय् ।	0x0840000f	fence i,o
स्मृतिबन्धः आगमःत् आगमःऽनिर्गमःय् ।	0x08c0000f	fence i,io
स्मृतिबन्धः आगमःत् पठनम्य् ।	0x0820000f	fence i,r
स्मृतिबन्धः आगमःत् आगमःऽपठनम्य् ।	0x08a0000f	fence i,ir
स्मृतिबन्धः आगमःत् निर्गमःऽपठनम्य् ।	0x0860000f	fence i,or
स्मृतिबन्धः आगमःत् आगमःऽनिर्गमःऽपठनम्य् ।	0x08e0000f	fence i,ior
स्मृतिबन्धः आगमःत् लेखनम्य् ।	0x0810000f	fence i,w
स्मृतिबन्धः आगमःत् आगमःऽलेखनम्य् ।	0x0890000f	fence i,iw
स्मृतिबन्धः आगमःत् निर्गमःऽलेखनम्य् ।	0x0850000f	fence i,ow
स्मृतिबन्धः आगमःत् आगमःऽनिर्गमःऽलेखनम्य् ।	0x08d0000f	fence i,iow
स्मृतिबन्धः आगमःत् पठनम्ऽलेखनम्य् ।	0x0830000f	fence i,rw
स्मृतिबन्धः आगमःत् आगमःऽपठनम्ऽलेखनम्य् ।	0x08b0000f	fence i,irw
स्मृतिबन्धः आगमःत् निर्गमःऽपठनम्ऽलेखनम्य् ।	0x0870000f	fence i,orw
स्मृतिबन्धः आगमःत् आगमःऽनिर्गमःऽपठनम्ऽलेखनम्य् ।	0x08f0000f	fence i,iorw
स्मृतिबन्धः निर्गमःत् आगमःय् ।	0x0480000f	fence o,i
स्मृतिबन्धः निर्गमःत् निर्गमःय् ।	0x0440000f	fence o,o
स्मृतिबन्धः निर्गमःत् आगमःऽनिर्गमःय् ।	0x04c0000f	fence o,io
स्मृतिबन्धः निर्गमःत् पठनम्य् ।	0x0420000f	fence o,r
स्मृतिबन्धः निर्गमःत् आगमःऽपठनम्य् ।	0x04a0000f	fence o,ir
स्मृतिबन्धः निर्गमःत् निर्गमःऽपठनम्य् ।	0x0460000f	fence o,or
स्मृतिबन्धः निर्गमःत् आगमःऽनिर्गमःऽपठनम्य् ।	0x04e0000f	fence o,ior
स्मृतिबन्धः निर्गमःत् लेखनम्य् ।	0x0410000f	fence o,w
स्मृतिबन्धः निर्गमःत् आगमःऽलेखनम्य् ।	0x0490000f	fence o,iw
स्मृतिबन्धः निर्गमःत् निर्गमःऽलेखनम्य् ।	0x0450000f	fence o,ow
स्मृतिबन्धः निर्गमःत् आगमःऽनिर्गमःऽलेखनम्य् ।	0x04d0000f	fence o,iow
स्मृतिबन्धः निर्गमःत् पठनम्ऽलेखनम्य् ।	0x0430000f	fence o,rw
स्मृतिबन्धः निर्गमःत् आगमःऽपठनम्ऽलेखनम्य् ।	0x04b0000f	fence o,irw
स्मृतिबन्धः निर्गमःत् निर्गमःऽपठनम्ऽलेखनम्य् ।	0x0470000f	fence o,orw
स्मृतिबन्धः निर्गमःत् आगमःऽनिर्गमःऽपठनम्ऽलेखनम्य् ।	0x04f0000f	fence o,iorw
स्मृतिबन्धः आगमःऽनिर्गमःत् आगमःय् ।	0x0c80000f	fence io,i
स्मृतिबन्धः आगमःऽनिर्गमःत् निर्गमःय् ।	0x0c40000f	fence io,o
स्मृतिबन्धः आगमःऽनिर्गमःत् आगमःऽनिर्गमःय् ।	0x0cc0000f	fence io,io
स्मृतिबन्धः आगमःऽनिर्गमःत् पठनम्य् ।	0x0c20000f	fence io,r
स्मृतिबन्धः आगमःऽनिर्गमःत् आगमःऽपठनम्य् ।	0x0ca0000f	fence io,ir
स्मृतिबन्धः आगमःऽनिर्गमःत् निर्गमःऽपठनम्य् ।	0x0c60000f	fence io,or
स्मृतिबन्धः आगमःऽनिर्गमःत् आगमःऽनिर्गमःऽपठनम्य् ।	0x0ce0000f	fence io,ior
स्मृतिबन्धः आगमःऽनिर्गमःत् लेखनम्य् ।	0x0c10000f	fence io,w
स्मृतिबन्धः आगमःऽनिर्गमःत् आगमःऽलेखनम्य् ।	0x0c90000f	fence io,iw
स्मृतिबन्धः आगमःऽनिर्गमःत् निर्गमःऽलेखनम्य् ।	0x0c50000f	fence io,ow
स्मृतिबन्धः आगमःऽनिर्गमःत् आगमःऽनिर्गमःऽलेखनम्य् ।	0x0cd0000f	fence io,iow
स्मृतिबन्धः आगमःऽनिर्गमःत् पठनम्ऽलेखनम्य् ।	0x0c30000f	fence io,rw
स्मृतिबन्धः आगमःऽनिर्गमःत् आगमःऽपठनम्ऽलेखनम्य् ।	0x0cb0000f	fence io,irw
स्मृतिबन्धः आगमःऽनिर्गमःत् निर्गमःऽपठनम्ऽलेखनम्य् ।	0x0c70000f	fence io,orw
स्मृतिबन्धः आगमःऽनिर्गमःत् आगमःऽनिर्गमःऽपठनम्ऽलेखनम्य् ।	0x0cf0000f	fence io,iorw
स्मृतिबन्धः पठनम्त् आगमःय् ।	0x0280000f	fence r,i
स्मृतिबन्धः पठनम्त् निर्गमःय् ।	0x0240000f	fence r,o
स्मृतिबन्धः पठनम्त् आगमःऽनिर्गमःय् ।	0x02c0000f	fence r,io
स्मृतिबन्धः पठनम्त् पठनम्य् ।	0x0220000f	fence r,r
स्मृतिबन्धः पठनम्त् आगमःऽपठनम्य् ।	0x02a0000f	fence r,ir
स्मृतिबन्धः पठनम्त् निर्गमःऽपठनम्य् ।	0x0260000f	fence r,or
स्मृतिबन्धः पठनम्त् आगमःऽनिर्गमःऽपठनम्य् ।	0x02e0000f	fence r,ior
स्मृतिबन्धः पठनम्त् लेखनम्य् ।	0x0210000f	fence r,w
स्मृतिबन्धः पठनम्त् आगमःऽलेखनम्य् ।	0x0290000f	fence r,iw
स्मृतिबन्धः पठनम्त् निर्गमःऽलेखनम्य् ।	0x0250000f	fence r,ow
स्मृतिबन्धः पठनम्त् आगमःऽनिर्गमःऽलेखनम्य् ।	0x02d0000f	fence r,iow
स्मृतिबन्धः पठनम्त् पठनम्ऽलेखनम्य् ।	0x0230000f	fence r,rw
स्मृतिबन्धः पठनम्त् आगमःऽपठनम्ऽलेखनम्य् ।	0x02b0000f	fence r,irw
स्मृतिबन्धः पठनम्त् निर्गमःऽपठनम्ऽलेखनम्य् ।	0x0270000f	fence r,orw
स्मृतिबन्धः पठनम्त् आगमःऽनिर्गमःऽपठनम्ऽलेखनम्य् ।	0x02f0000f	fence r,iorw
स्मृतिबन्धः आगमःऽपठनम्त् आगमःय् ।	0x0a80000f	fence ir,i
स्मृतिबन्धः आगमःऽपठनम्त् निर्गमःय् ।	0x0a40000f	fence ir,o
स्मृतिबन्धः आगमःऽपठनम्त् आगमःऽनिर्गमःय् ।	0x0ac0000f	fence ir,io
स्मृतिबन्धः आगमःऽपठनम्त् पठनम्य् ।	0x0a20000f	fence ir,r
स्मृतिबन्धः आगमःऽपठनम्त् आगमःऽपठनम्य् ।	0x0aa0000f	fence ir,ir
स्मृतिबन्धः आगमःऽपठनम्त् निर्गमःऽपठनम्य् ।	0x0a60000f	fence ir,or
स्मृतिबन्धः आगमःऽपठनम्त् आगमःऽनिर्गमःऽपठनम्य् ।	0x0ae0000f	fence ir,ior
स्मृतिबन्धः आगमःऽपठनम्त् लेखनम्य् ।	0x0a10000f	fence ir,w
स्मृतिबन्धः आगमःऽपठनम्त् आगमःऽलेखनम्य् ।	0x0a90000f	fence ir,iw
स्मृतिबन्धः आगमःऽपठनम्त् निर्गमःऽलेखनम्य् ।	0x0a50000f	fence ir,ow
स्मृतिबन्धः आगमःऽपठनम्त् आगमःऽनिर्गमःऽलेखनम्य् ।	0x0ad0000f	fence ir,iow
स्मृतिबन्धः आगमःऽपठनम्त् पठनम्ऽलेखनम्य् ।	0x0a30000f	fence ir,rw
स्मृतिबन्धः आगमःऽपठनम्त् आगमःऽपठनम्ऽलेखनम्य् ।	0x0ab0000f	fence ir,irw
स्मृतिबन्धः आगमःऽपठनम्त् निर्गमःऽपठनम्ऽलेखनम्य् ।	0x0a70000f	fence ir,orw
स्मृतिबन्धः आगमःऽपठनम्त् आगमःऽनिर्गमःऽपठनम्ऽलेखनम्य् ।	0x0af0000f	fence ir,iorw
स्मृतिबन्धः निर्गमःऽपठनम्त् आगमःय् ।	0x0680000f	fence or,i
स्मृतिबन्धः निर्गमःऽपठनम्त् निर्गमःय् ।	0x0640000f	fence or,o
स्मृतिबन्धः निर्गमःऽपठनम्त् आगमःऽनिर्गमःय् ।	0x06c0000f	fence or,io
स्मृतिबन्धः निर्गमःऽपठनम्त् पठनम्य् ।	0x0620000f	fence or,r
स्मृतिबन्धः निर्गमःऽपठनम्त् आगमःऽपठनम्य् ।	0x06a0000f	fence or,ir
स्मृतिबन्धः निर्गमःऽपठनम्त् निर्गमःऽपठनम्य् ।	0x0660000f	fence or,or
स्मृतिबन्धः निर्गमःऽपठनम्त् आगमःऽनिर्गमःऽपठनम्य् ।	0x06e0000f	fence or,ior
स्मृतिबन्धः निर्गमःऽपठनम्त् लेखनम्य् ।	0x0610000f	fence or,w
स्मृतिबन्धः निर्गमःऽपठनम्त् आगमःऽलेखनम्य् ।	0x0690000f	fence or,iw
स्मृतिबन्धः निर्गमःऽपठनम्त् निर्गमःऽलेखनम्य् ।	0x0650000f	fence or,ow
स्मृतिबन्धः निर्गमःऽपठनम्त् आगमःऽनिर्गमःऽलेखनम्य् ।	0x06d0000f	fence or,iow
स्मृतिबन्धः निर्गमःऽपठनम्त् पठनम्ऽलेखनम्य् ।	0x0630000f	fence or,rw
स्मृतिबन्धः निर्गमःऽपठनम्त् आगमःऽपठनम्ऽलेखनम्य् ।	0x06b0000f	fence or,irw
स्मृतिबन्धः निर्गमःऽपठनम्त् निर्गमःऽपठनम्ऽलेखनम्य् ।	0x0670000f	fence or,orw
स्मृतिबन्धः निर्गमःऽपठनम्त् आगमःऽनिर्गमःऽपठनम्ऽलेखनम्य् ।	0x06f0000f	fence or,iorw
स्मृतिबन्धः आगमःऽनिर्गमःऽपठनम्त् आगमःय् ।	0x0e80000f	fence ior,i
स्मृतिबन्धः आगमःऽनिर्गमःऽपठनम्त् निर्गमःय् ।	0x0e40000f	fence ior,o
स्मृतिबन्धः आगमःऽनिर्गमःऽपठनम्त् आगमःऽनिर्गमःय् ।	0x0ec0000f	fence ior,io
स्मृतिबन्धः आगमःऽनिर्गमःऽपठनम्त् पठनम्य् ।	0x0e20000f	fence ior,r
स्मृतिबन्धः आगमःऽनिर्गमःऽपठनम्त् आगमःऽपठनम्य् ।	0x0ea0000f	fence ior,ir
स्मृतिबन्धः आगमःऽनिर्गमःऽपठनम्त् निर्गमःऽपठनम्य् ।	0x0e60000f	fence ior,or
स्मृतिबन्धः आगमःऽनिर्गमःऽपठनम्त् आगमःऽनिर्गमःऽपठनम्य् ।	0x0ee0000f	fence ior,ior
स्मृतिबन्धः आगमःऽनिर्गमःऽपठनम्त् लेखनम्य् ।	0x0e10000f	fence ior,w
स्मृतिबन्धः आगमःऽनिर्गमःऽपठनम्त् आगमःऽलेखनम्य् ।	0x0e90000f	fence ior,iw
स्मृतिबन्धः आगमःऽनिर्गमःऽपठनम्त् निर्गमःऽलेखनम्य् ।	0x0e50000f	fence ior,ow
स्मृतिबन्धः आगमःऽनिर्गमःऽपठनम्त् आगमःऽनिर्गमःऽलेखनम्य् ।	0x0ed0000f	fence ior,iow
स्मृतिबन्धः आगमःऽनिर्गमःऽपठनम्त् पठनम्ऽलेखनम्य् ।	0x0e30000f	fence ior,rw
स्मृतिबन्धः आगमःऽनिर्गमःऽपठनम्त् आगमःऽपठनम्ऽलेखनम्य् ।	0x0eb0000f	fence ior,irw
स्मृतिबन्धः आगमःऽनिर्गमःऽपठनम्त् निर्गमःऽपठनम्ऽलेखनम्य् ।	0x0e70000f	fence ior,orw
स्मृतिबन्धः आगमःऽनिर्गमःऽपठनम्त् आगमःऽनिर्गमःऽपठनम्ऽलेखनम्य् ।	0x0ef0000f	fence ior,iorw
स्मृतिबन्धः लेखनम्त् आगमःय् ।	0x0180000f	fence w,i
स्मृतिबन्धः लेखनम्त् निर्गमःय् ।	0x0140000f	fence w,o
स्मृतिबन्धः लेखनम्त् आगमःऽनिर्गमःय् ।	0x01c0000f	fence w,io
स्मृतिबन्धः लेखनम्त् पठनम्य् ।	0x0120000f	fence w,r
स्मृतिबन्धः लेखनम्त् आगमःऽपठनम्य् ।	0x01a0000f	fence w,ir
स्मृतिबन्धः लेखनम्त् निर्गमःऽपठनम्य् ।	0x0160000f	fence w,or
स्मृतिबन्धः लेखनम्त् आगमःऽनिर्गमःऽपठनम्य् ।	0x01e0000f	fence w,ior
स्मृतिबन्धः लेखनम्त् लेखनम्य् ।	0x0110000f	fence w,w
स्मृतिबन्धः लेखनम्त् आगमःऽलेखनम्य् ।	0x0190000f	fence w,iw
स्मृतिबन्धः लेखनम्त् निर्गमःऽलेखनम्य् ।	0x0150000f	fence w,ow
स्मृतिबन्धः लेखनम्त् आगमःऽनिर्गमःऽलेखनम्य् ।	0x01d0000f	fence w,iow
स्मृतिबन्धः लेखनम्त् पठनम्ऽलेखनम्य् ।	0x0130000f	fence w,rw
स्मृतिबन्धः लेखनम्त् आगमःऽपठनम्ऽलेखनम्य् ।	0x01b0000f	fence w,irw
स्मृतिबन्धः लेखनम्त् निर्गमःऽपठनम्ऽलेखनम्य् ।	0x0170000f	fence w,orw
स्मृतिबन्धः लेखनम्त् आगमःऽनिर्गमःऽपठनम्ऽलेखनम्य् ।	0x01f0000f	fence w,iorw
स्मृतिबन्धः आगमःऽलेखनम्त् आगमःय् ।	0x0980000f	fence iw,i
स्मृतिबन्धः आगमःऽलेखनम्त् निर्गमःय् ।	0x0940000f	fence iw,o
स्मृतिबन्धः आगमःऽलेखनम्त् आगमःऽनिर्गमःय् ।	0x09c0000f	fence iw,io
स्मृतिबन्धः आगमःऽलेखनम्त् पठनम्य् ।	0x0920000f	fence iw,r
स्मृतिबन्धः आगमःऽलेखनम्त् आगमःऽपठनम्य् ।	0x09a0000f	fence iw,ir
स्मृतिबन्धः आगमःऽलेखनम्त् निर्गमःऽपठनम्य् ।	0x0960000f	fence iw,or
स्मृतिबन्धः आगमःऽलेखनम्त् आगमःऽनिर्गमःऽपठनम्य् ।	0x09e0000f	fence iw,ior
स्मृतिबन्धः आगमःऽलेखनम्त् लेखनम्य् ।	0x0910000f	fence iw,w
स्मृतिबन्धः आगमःऽलेखनम्त् आगमःऽलेखनम्य् ।	0x0990000f	fence iw,iw
स्मृतिबन्धः आगमःऽलेखनम्त् निर्गमःऽलेखनम्य् ।	0x0950000f	fence iw,ow
स्मृतिबन्धः आगमःऽलेखनम्त् आगमःऽनिर्गमःऽलेखनम्य् ।	0x09d0000f	fence iw,iow
स्मृतिबन्धः आगमःऽलेखनम्त् पठनम्ऽलेखनम्य् ।	0x0930000f	fence iw,rw
स्मृतिबन्धः आगमःऽलेखनम्त् आगमःऽपठनम्ऽलेखनम्य् ।	0x09b0000f	fence iw,irw
स्मृतिबन्धः आगमःऽलेखनम्त् निर्गमःऽपठनम्ऽलेखनम्य् ।	0x0970000f	fence iw,orw
स्मृतिबन्धः आगमःऽलेखनम्त् आगमःऽनिर्गमःऽपठनम्ऽलेखनम्य् ।	0x09f0000f	fence iw,iorw
स्मृतिबन्धः निर्गमःऽलेखनम्त् आगमःय् ।	0x0580000f	fence ow,i
स्मृतिबन्धः निर्गमःऽलेखनम्त् निर्गमःय् ।	0x0540000f	fence ow,o
स्मृतिबन्धः निर्गमःऽलेखनम्त् आगमःऽनिर्गमःय् ।	0x05c0000f	fence ow,io
स्मृतिबन्धः निर्गमःऽलेखनम्त् पठनम्य् ।	0x0520000f	fence ow,r
स्मृतिबन्धः निर्गमःऽलेखनम्त् आगमःऽपठनम्य् ।	0x05a0000f	fence ow,ir
स्मृतिबन्धः निर्गमःऽलेखनम्त् निर्गमःऽपठनम्य् ।	0x0560000f	fence ow,or
स्मृतिबन्धः निर्गमःऽलेखनम्त् आगमःऽनिर्गमःऽपठनम्य् ।	0x05e0000f	fence ow,ior
स्मृतिबन्धः निर्गमःऽलेखनम्त् लेखनम्य् ।	0x0510000f	fence ow,w
स्मृतिबन्धः निर्गमःऽलेखनम्त् आगमःऽलेखनम्य् ।	0x0590000f	fence ow,iw
स्मृतिबन्धः निर्गमःऽलेखनम्त् निर्गमःऽलेखनम्य् ।	0x0550000f	fence ow,ow
स्मृतिबन्धः निर्गमःऽलेखनम्त् आगमःऽनिर्गमःऽलेखनम्य् ।	0x05d0000f	fence ow,iow
स्मृतिबन्धः निर्गमःऽलेखनम्त् पठनम्ऽलेखनम्य् ।	0x0530000f	fence ow,rw
स्मृतिबन्धः निर्गमःऽलेखनम्त् आगमःऽपठनम्ऽलेखनम्य् ।	0x05b0000f	fence ow,irw
स्मृतिबन्धः निर्गमःऽलेखनम्त् निर्गमःऽपठनम्ऽलेखनम्य् ।	0x0570000f	fence ow,orw
स्मृतिबन्धः निर्गमःऽलेखनम्त् आगमःऽनिर्गमःऽपठनम्ऽलेखनम्य् ।	0x05f0000f	fence ow,iorw
स्मृतिबन्धः आगमःऽनिर्गमःऽलेखनम्त् आगमःय् ।	0x0d80000f	fence iow,i
स्मृतिबन्धः आगमःऽनिर्गमःऽलेखनम्त् निर्गमःय् ।	0x0d40000f	fence iow,o
स्मृतिबन्धः आगमःऽनिर्गमःऽलेखनम्त् आगमःऽनिर्गमःय् ।	0x0dc0000f	fence iow,io
स्मृतिबन्धः आगमःऽनिर्गमःऽलेखनम्त् पठनम्य् ।	0x0d20000f	fence iow,r
स्मृतिबन्धः आगमःऽनिर्गमःऽलेखनम्त् आगमःऽपठनम्य् ।	0x0da0000f	fence iow,ir
स्मृतिबन्धः आगमःऽनिर्गमःऽलेखनम्त् निर्गमःऽपठनम्य् ।	0x0d60000f	fence iow,or
स्मृतिबन्धः आगमःऽनिर्गमःऽलेखनम्त् आगमःऽनिर्गमःऽपठनम्य् ।	0x0de0000f	fence iow,ior
स्मृतिबन्धः आगमःऽनिर्गमःऽलेखनम्त् लेखनम्य् ।	0x0d10000f	fence iow,w
स्मृतिबन्धः आगमःऽनिर्गमःऽलेखनम्त् आगमःऽलेखनम्य् ।	0x0d90000f	fence iow,iw
स्मृतिबन्धः आगमःऽनिर्गमःऽलेखनम्त् निर्गमःऽलेखनम्य् ।	0x0d50000f	fence iow,ow
स्मृतिबन्धः आगमःऽनिर्गमःऽलेखनम्त् आगमःऽनिर्गमःऽलेखनम्य् ।	0x0dd0000f	fence iow,iow
स्मृतिबन्धः आगमःऽनिर्गमःऽलेखनम्त् पठनम्ऽलेखनम्य् ।	0x0d30000f	fence iow,rw
स्मृतिबन्धः आगमःऽनिर्गमःऽलेखनम्त् आगमःऽपठनम्ऽलेखनम्य् ।	0x0db0000f	fence iow,irw
स्मृतिबन्धः आगमःऽनिर्गमःऽलेखनम्त् निर्गमःऽपठनम्ऽलेखनम्य् ।	0x0d70000f	fence iow,orw
स्मृतिबन्धः आगमःऽनिर्गमःऽलेखनम्त् आगमःऽनिर्गमःऽपठनम्ऽलेखनम्य् ।	0x0df0000f	fence iow,iorw
स्मृतिबन्धः पठनम्ऽलेखनम्त् आगमःय् ।	0x0380000f	fence rw,i
स्मृतिबन्धः पठनम्ऽलेखनम्त् निर्गमःय् ।	0x0340000f	fence rw,o
स्मृतिबन्धः पठनम्ऽलेखनम्त् आगमःऽनिर्गमःय् ।	0x03c0000f	fence rw,io
स्मृतिबन्धः पठनम्ऽलेखनम्त् पठनम्य् ।	0x0320000f	fence rw,r
स्मृतिबन्धः पठनम्ऽलेखनम्त् आगमःऽपठनम्य् ।	0x03a0000f	fence rw,ir
स्मृतिबन्धः पठनम्ऽलेखनम्त् निर्गमःऽपठनम्य् ।	0x0360000f	fence rw,or
स्मृतिबन्धः पठनम्ऽलेखनम्त् आगमःऽनिर्गमःऽपठनम्य् ।	0x03e0000f	fence rw,ior
स्मृतिबन्धः पठनम्ऽलेखनम्त् लेखनम्य् ।	0x0310000f	fence rw,w
स्मृतिबन्धः पठनम्ऽलेखनम्त् आगमःऽलेखनम्य् ।	0x0390000f	fence rw,iw
स्मृतिबन्धः पठनम्ऽलेखनम्त् निर्गमःऽलेखनम्य् ।	0x0350000f	fence rw,ow
स्मृतिबन्धः पठनम्ऽलेखनम्त् आगमःऽनिर्गमःऽलेखनम्य् ।	0x03d0000f	fence rw,iow
स्मृतिबन्धः पठनम्ऽलेखनम्त् पठनम्ऽलेखनम्य् ।	0x0330000f	fence rw,rw
स्मृतिबन्धः पठनम्ऽलेखनम्त् आगमःऽपठनम्ऽलेखनम्य् ।	0x03b0000f	fence rw,irw
स्मृतिबन्धः पठनम्ऽलेखनम्त् निर्गमःऽपठनम्ऽलेखनम्य् ।	0x0370000f	fence rw,orw
स्मृतिबन्धः पठनम्ऽलेखनम्त् आगमःऽनिर्गमःऽपठनम्ऽलेखनम्य् ।	0x03f0000f	fence rw,iorw
स्मृतिबन्धः आगमःऽपठनम्ऽलेखनम्त् आगमःय् ।	0x0b80000f	fence irw,i
स्मृतिबन्धः आगमःऽपठनम्ऽलेखनम्त् निर्गमःय् ।	0x0b40000f	fence irw,o
स्मृतिबन्धः आगमःऽपठनम्ऽलेखनम्त् आगमःऽनिर्गमःय् ।	0x0bc0000f	fence irw,io
स्मृतिबन्धः आगमःऽपठनम्ऽलेखनम्त् पठनम्य् ।	0x0b20000f	fence irw,r
स्मृतिबन्धः आगमःऽपठनम्ऽलेखनम्त् आगमःऽपठनम्य् ।	0x0ba0000f	fence irw,ir
स्मृतिबन्धः आगमःऽपठनम्ऽलेखनम्त् निर्गमःऽपठनम्य् ।	0x0b60000f	fence irw,or
स्मृतिबन्धः आगमःऽपठनम्ऽलेखनम्त् आगमःऽनिर्गमःऽपठनम्य् ।	0x0be0000f	fence irw,ior
स्मृतिबन्धः आगमःऽपठनम्ऽलेखनम्त् लेखनम्य् ।	0x0b10000f	fence irw,w
स्मृतिबन्धः आगमःऽपठनम्ऽलेखनम्त् आगमःऽलेखनम्य् ।	0x0b90000f	fence irw,iw
स्मृतिबन्धः आगमःऽपठनम्ऽलेखनम्त् निर्गमःऽलेखनम्य् ।	0x0b50000f	fence irw,ow
स्मृतिबन्धः आगमःऽपठनम्ऽलेखनम्त् आगमःऽनिर्गमःऽलेखनम्य् ।	0x0bd0000f	fence irw,iow
स्मृतिबन्धः आगमःऽपठनम्ऽलेखनम्त् पठनम्ऽलेखनम्य् ।	0x0b30000f	fence irw,rw
स्मृतिबन्धः आगमःऽपठनम्ऽलेखनम्त् आगमःऽपठनम्ऽलेखनम्य् ।	0x0bb0000f	fence irw,irw
स्मृतिबन्धः आगमःऽपठनम्ऽलेखनम्त् निर्गमःऽपठनम्ऽलेखनम्य् ।	0x0b70000f	fence irw,orw
स्मृतिबन्धः आगमःऽपठनम्ऽलेखनम्त् आगमःऽनिर्गमःऽपठनम्ऽलेखनम्य् ।	0x0bf0000f	fence irw,iorw
स्मृतिबन्धः निर्गमःऽपठनम्ऽलेखनम्त् आगमःय् ।	0x0780000f	fence orw,i
स्मृतिबन्धः निर्गमःऽपठनम्ऽलेखनम्त् निर्गमःय् ।	0x0740000f	fence orw,o
स्मृतिबन्धः निर्गमःऽपठनम्ऽलेखनम्त् आगमःऽनिर्गमःय् ।	0x07c0000f	fence orw,io
स्मृतिबन्धः निर्गमःऽपठनम्ऽलेखनम्त् पठनम्य् ।	0x0720000f	fence orw,r
स्मृतिबन्धः निर्गमःऽपठनम्ऽलेखनम्त् आगमःऽपठनम्य् ।	0x07a0000f	fence orw,ir
स्मृतिबन्धः निर्गमःऽपठनम्ऽलेखनम्त् निर्गमःऽपठनम्य् ।	0x0760000f	fence orw,or
स्मृतिबन्धः निर्गमःऽपठनम्ऽलेखनम्त् आगमःऽनिर्गमःऽपठनम्य् ।	0x07e0000f	fence orw,ior
स्मृतिबन्धः निर्गमःऽपठनम्ऽलेखनम्त् लेखनम्य् ।	0x0710000f	fence orw,w
स्मृतिबन्धः निर्गमःऽपठनम्ऽलेखनम्त् आगमःऽलेखनम्य् ।	0x0790000f	fence orw,iw
स्मृतिबन्धः निर्गमःऽपठनम्ऽलेखनम्त् निर्गमःऽलेखनम्य् ।	0x0750000f	fence orw,ow
स्मृतिबन्धः निर्गमःऽपठनम्ऽलेखनम्त् आगमःऽनिर्गमःऽलेखनम्य् ।	0x07d0000f	fence orw,iow
स्मृतिबन्धः निर्गमःऽपठनम्ऽलेखनम्त् पठनम्ऽलेखनम्य् ।	0x0730000f	fence orw,rw
स्मृतिबन्धः निर्गमःऽपठनम्ऽलेखनम्त् आगमःऽपठनम्ऽलेखनम्य् ।	0x07b0000f	fence orw,irw
स्मृतिबन्धः निर्गमःऽपठनम्ऽलेखनम्त् निर्गमःऽपठनम्ऽलेखनम्य् ।	0x0770000f	fence orw,orw
स्मृतिबन्धः निर्गमःऽपठनम्ऽलेखनम्त् आगमःऽनिर्गमःऽपठनम्ऽलेखनम्य् ।	0x07f0000f	fence orw,iorw
स्मृतिबन्धः आगमःऽनिर्गमःऽपठनम्ऽलेखनम्त् आगमःय् ।	0x0f80000f	fence iorw,i
स्मृतिबन्धः आगमःऽनिर्गमःऽपठनम्ऽलेखनम्त् निर्गमःय् ।	0x0f40000f	fence iorw,o
स्मृतिबन्धः आगमःऽनिर्गमःऽपठनम्ऽलेखनम्त् आगमःऽनिर्गमःय् ।	0x0fc0000f	fence iorw,io
स्मृतिबन्धः आगमःऽनिर्गमःऽपठनम्ऽलेखनम्त् पठनम्य् ।	0x0f20000f	fence iorw,r
स्मृतिबन्धः आगमःऽनिर्गमःऽपठनम्ऽलेखनम्त् आगमःऽपठनम्य् ।	0x0fa0000f	fence iorw,ir
स्मृतिबन्धः आगमःऽनिर्गमःऽपठनम्ऽलेखनम्त् निर्गमःऽपठनम्य् ।	0x0f60000f	fence iorw,or
स्मृतिबन्धः आगमःऽनिर्गमःऽपठनम्ऽलेखनम्त् आगमःऽनिर्गमःऽपठनम्य् ।	0x0fe0000f	fence iorw,ior
स्मृतिबन्धः आगमःऽनिर्गमःऽपठनम्ऽलेखनम्त् लेखनम्य् ।	0x0f10000f	fence iorw,w
स्मृतिबन्धः आगमःऽनिर्गमःऽपठनम्ऽलेखनम्त् आगमःऽलेखनम्य् ।	0x0f90000f	fence iorw,iw
स्मृतिबन्धः आगमःऽनिर्गमःऽपठनम्ऽलेखनम्त् निर्गमःऽलेखनम्य् ।	0x0f50000f	fence iorw,ow
स्मृतिबन्धः आगमःऽनिर्गमःऽपठनम्ऽलेखनम्त् आगमःऽनिर्गमःऽलेखनम्य् ।	0x0fd0000f	fence iorw,iow
स्मृतिबन्धः आगमःऽनिर्गमःऽपठनम्ऽलेखनम्त् पठनम्ऽलेखनम्य् ।	0x0f30000f	fence iorw,rw
स्मृतिबन्धः आगमःऽनिर्गमःऽपठनम्ऽलेखनम्त् आगमःऽपठनम्ऽलेखनम्य् ।	0x0fb0000f	fence iorw,irw
स्मृतिबन्धः आगमःऽनिर्गमःऽपठनम्ऽलेखनम्त् निर्गमःऽपठनम्ऽलेखनम्य् ।	0x0f70000f	fence iorw,orw
स्मृतिबन्धः आगमःऽनिर्गमःऽपठनम्ऽलेखनम्त् आगमःऽनिर्गमःऽपठनम्ऽलेखनम्य् ।	0x0ff0000f	fence iorw,iorw
योगःॱअ३२ शून्यःम् शून्यःन शून्यःन ।	0x0000003b	addw zero,zero,zero
योगःॱअ३२ शून्यःम् पुनःस्थानम्न क्षणिक६न ।	0x01f0803b	addw zero,ra,t6
योगःॱअ३२ शून्यःम् क्षणिक०न क्षणिक३न ।	0x01c2803b	addw zero,t0,t3
योगःॱअ३२ शून्यःम् स्थिर०न स्थिर११न ।	0x01b4003b	addw zero,s0,s11
योगःॱअ३२ शून्यःम् अर्थ०न अर्थ७न ।	0x0115003b	addw zero,a0,a7
योगःॱअ३२ शून्यःम् स्थिर११न अर्थ०न ।	0x00ad803b	addw zero,s11,a0
योगःॱअ३२ शून्यःम् क्षणिक६न स्थिर१न ।	0x009f803b	addw zero,t6,s1
योगःॱअ३२ पुनःस्थानम्म् पुनःस्थानम्न स्थिर०न ।	0x008080bb	addw ra,ra,s0
योगःॱअ३२ पुनःस्थानम्म् क्षणिक०न क्षणिक२न ।	0x007280bb	addw ra,t0,t2
योगःॱअ३२ पुनःस्थानम्म् स्थिर०न क्षणिक०न ।	0x005400bb	addw ra,s0,t0
योगःॱअ३२ पुनःस्थानम्म् अर्थ०न स्तूपसूचकःन ।	0x002500bb	addw ra,a0,sp
योगःॱअ३२ पुनःस्थानम्म् स्थिर११न पुनःस्थानम्न ।	0x001d80bb	addw ra,s11,ra
योगःॱअ३२ पुनःस्थानम्म् क्षणिक६न शून्यःन ।	0x000f80bb	addw ra,t6,zero
योगःॱअ३२ स्तूपसूचकःम् शून्यःन क्षणिक६न ।	0x01f0013b	addw sp,zero,t6
योगःॱअ३२ स्तूपसूचकःम् स्तूपसूचकःन क्षणिक३न ।	0x01c1013b	addw sp,sp,t3
योगःॱअ३२ स्तूपसूचकःम् क्षणिक२न स्थिर११न ।	0x01b3813b	addw sp,t2,s11
योगःॱअ३२ स्तूपसूचकःम् स्थिर१न अर्थ७न ।	0x0114813b	addw sp,s1,a7
योगःॱअ३२ स्तूपसूचकःम् अर्थ७न अर्थ०न ।	0x00a8813b	addw sp,a7,a0
योगःॱअ३२ स्तूपसूचकःम् क्षणिक३न स्थिर१न ।	0x009e013b	addw sp,t3,s1
योगःॱअ३२ क्षणिक०म् शून्यःन स्थिर०न ।	0x008002bb	addw t0,zero,s0
योगःॱअ३२ क्षणिक०म् स्तूपसूचकःन क्षणिक२न ।	0x007102bb	addw t0,sp,t2
योगःॱअ३२ क्षणिक०म् क्षणिक२न क्षणिक०न ।	0x005382bb	addw t0,t2,t0
योगःॱअ३२ क्षणिक०म् स्थिर१न स्तूपसूचकःन ।	0x002482bb	addw t0,s1,sp
योगःॱअ३२ क्षणिक०म् अर्थ७न पुनःस्थानम्न ।	0x001882bb	addw t0,a7,ra
योगःॱअ३२ क्षणिक०म् क्षणिक३न शून्यःन ।	0x000e02bb	addw t0,t3,zero
योगःॱअ३२ क्षणिक०म् क्षणिक६न क्षणिक६न ।	0x01ff82bb	addw t0,t6,t6
योगःॱअ३२ क्षणिक२म् पुनःस्थानम्न क्षणिक३न ।	0x01c083bb	addw t2,ra,t3
योगःॱअ३२ क्षणिक२म् क्षणिक०न स्थिर११न ।	0x01b283bb	addw t2,t0,s11
योगःॱअ३२ क्षणिक२म् स्थिर०न अर्थ७न ।	0x011403bb	addw t2,s0,a7
योगःॱअ३२ क्षणिक२म् अर्थ०न अर्थ०न ।	0x00a503bb	addw t2,a0,a0
योगःॱअ३२ क्षणिक२म् स्थिर११न स्थिर१न ।	0x009d83bb	addw t2,s11,s1
योगःॱअ३२ क्षणिक२म् क्षणिक६न स्थिर०न ।	0x008f83bb	addw t2,t6,s0
योगःॱअ३२ स्थिर०म् पुनःस्थानम्न क्षणिक२न ।	0x0070843b	addw s0,ra,t2
योगःॱअ३२ स्थिर०म् क्षणिक०न क्षणिक०न ।	0x0052843b	addw s0,t0,t0
योगःॱअ३२ स्थिर०म् स्थिर०न स्तूपसूचकःन ।	0x0024043b	addw s0,s0,sp
योगःॱअ३२ स्थिर०म् अर्थ०न पुनःस्थानम्न ।	0x0015043b	addw s0,a0,ra
योगःॱअ३२ स्थिर०म् स्थिर११न शून्यःन ।	0x000d843b	addw s0,s11,zero
योगःॱअ३२ स्थिर०म् क्षणिक३न क्षणिक६न ।	0x01fe043b	addw s0,t3,t6
योगःॱअ३२ स्थिर१म् शून्यःन क्षणिक३न ।	0x01c004bb	addw s1,zero,t3
योगःॱअ३२ स्थिर१म् स्तूपसूचकःन स्थिर११न ।	0x01b104bb	addw s1,sp,s11
योगःॱअ३२ स्थिर१म् क्षणिक२न अर्थ७न ।	0x011384bb	addw s1,t2,a7
योगःॱअ३२ स्थिर१म् स्थिर१न अर्थ०न ।	0x9ca9	addw s1,s1,a0
योगःॱअ३२ स्थिर१म् अर्थ७न स्थिर१न ।	0x009884bb	addw s1,a7,s1
योगःॱअ३२ स्थिर१म् क्षणिक३न स्थिर०न ।	0x008e04bb	addw s1,t3,s0
योगःॱअ३२ अर्थ०म् शून्यःन क्षणिक२न ।	0x0070053b	addw a0,zero,t2
योगःॱअ३२ अर्थ०म् स्तूपसूचकःन क्षणिक०न ।	0x0051053b	addw a0,sp,t0
योगःॱअ३२ अर्थ०म् क्षणिक२न स्तूपसूचकःन ।	0x0023853b	addw a0,t2,sp
योगःॱअ३२ अर्थ०म् स्थिर१न पुनःस्थानम्न ।	0x0014853b	addw a0,s1,ra
योगःॱअ३२ अर्थ०म् अर्थ७न शून्यःन ।	0x0008853b	addw a0,a7,zero
योगःॱअ३२ अर्थ०म् स्थिर११न क्षणिक६न ।	0x01fd853b	addw a0,s11,t6
योगःॱअ३२ अर्थ०म् क्षणिक६न क्षणिक३न ।	0x01cf853b	addw a0,t6,t3
योगःॱअ३२ अर्थ७म् पुनःस्थानम्न स्थिर११न ।	0x01b088bb	addw a7,ra,s11
योगःॱअ३२ अर्थ७म् क्षणिक०न अर्थ७न ।	0x011288bb	addw a7,t0,a7
योगःॱअ३२ अर्थ७म् स्थिर०न अर्थ०न ।	0x00a408bb	addw a7,s0,a0
योगःॱअ३२ अर्थ७म् अर्थ०न स्थिर१न ।	0x009508bb	addw a7,a0,s1
योगःॱअ३२ अर्थ७म् स्थिर११न स्थिर०न ।	0x008d88bb	addw a7,s11,s0
योगःॱअ३२ अर्थ७म् क्षणिक६न क्षणिक२न ।	0x007f88bb	addw a7,t6,t2
योगःॱअ३२ स्थिर११म् पुनःस्थानम्न क्षणिक०न ।	0x00508dbb	addw s11,ra,t0
योगःॱअ३२ स्थिर११म् क्षणिक०न स्तूपसूचकःन ।	0x00228dbb	addw s11,t0,sp
योगःॱअ३२ स्थिर११म् स्थिर०न पुनःस्थानम्न ।	0x00140dbb	addw s11,s0,ra
योगःॱअ३२ स्थिर११म् अर्थ०न शून्यःन ।	0x00050dbb	addw s11,a0,zero
योगःॱअ३२ स्थिर११म् अर्थ७न क्षणिक६न ।	0x01f88dbb	addw s11,a7,t6
योगःॱअ३२ स्थिर११म् क्षणिक३न क्षणिक३न ।	0x01ce0dbb	addw s11,t3,t3
योगःॱअ३२ क्षणिक३म् शून्यःन स्थिर११न ।	0x01b00e3b	addw t3,zero,s11
योगःॱअ३२ क्षणिक३म् स्तूपसूचकःन अर्थ७न ।	0x01110e3b	addw t3,sp,a7
योगःॱअ३२ क्षणिक३म् क्षणिक२न अर्थ०न ।	0x00a38e3b	addw t3,t2,a0
योगःॱअ३२ क्षणिक३म् स्थिर१न स्थिर१न ।	0x00948e3b	addw t3,s1,s1
योगःॱअ३२ क्षणिक३म् अर्थ७न स्थिर०न ।	0x00888e3b	addw t3,a7,s0
योगःॱअ३२ क्षणिक३म् क्षणिक३न क्षणिक२न ।	0x007e0e3b	addw t3,t3,t2
योगःॱअ३२ क्षणिक६म् शून्यःन क्षणिक०न ।	0x00500fbb	addw t6,zero,t0
योगःॱअ३२ क्षणिक६म् स्तूपसूचकःन स्तूपसूचकःन ।	0x00210fbb	addw t6,sp,sp
योगःॱअ३२ क्षणिक६म् क्षणिक२न पुनःस्थानम्न ।	0x00138fbb	addw t6,t2,ra
योगःॱअ३२ क्षणिक६म् स्थिर१न शून्यःन ।	0x00048fbb	addw t6,s1,zero
योगःॱअ३२ क्षणिक६म् अर्थ०न क्षणिक६न ।	0x01f50fbb	addw t6,a0,t6
योगःॱअ३२ क्षणिक६म् स्थिर११न क्षणिक३न ।	0x01cd8fbb	addw t6,s11,t3
योगःॱअ३२ क्षणिक६म् क्षणिक६न स्थिर११न ।	0x01bf8fbb	addw t6,t6,s11
वियोगःॱअ३२ शून्यःम् शून्यःन शून्यःन ।	0x4000003b	subw zero,zero,zero
वियोगःॱअ३२ शून्यःम् पुनःस्थानम्न क्षणिक६न ।	0x41f0803b	subw zero,ra,t6
वियोगःॱअ३२ शून्यःम् क्षणिक०न क्षणिक३न ।	0x41c2803b	subw zero,t0,t3
वियोगःॱअ३२ शून्यःम् स्थिर०न स्थिर११न ।	0x41b4003b	subw zero,s0,s11
वियोगःॱअ३२ शून्यःम् अर्थ०न अर्थ७न ।	0x4115003b	subw zero,a0,a7
वियोगःॱअ३२ शून्यःम् स्थिर११न अर्थ०न ।	0x40ad803b	subw zero,s11,a0
वियोगःॱअ३२ शून्यःम् क्षणिक६न स्थिर१न ।	0x409f803b	subw zero,t6,s1
वियोगःॱअ३२ पुनःस्थानम्म् पुनःस्थानम्न स्थिर०न ।	0x408080bb	subw ra,ra,s0
वियोगःॱअ३२ पुनःस्थानम्म् क्षणिक०न क्षणिक२न ।	0x407280bb	subw ra,t0,t2
वियोगःॱअ३२ पुनःस्थानम्म् स्थिर०न क्षणिक०न ।	0x405400bb	subw ra,s0,t0
वियोगःॱअ३२ पुनःस्थानम्म् अर्थ०न स्तूपसूचकःन ।	0x402500bb	subw ra,a0,sp
वियोगःॱअ३२ पुनःस्थानम्म् स्थिर११न पुनःस्थानम्न ।	0x401d80bb	subw ra,s11,ra
वियोगःॱअ३२ पुनःस्थानम्म् क्षणिक६न शून्यःन ।	0x400f80bb	subw ra,t6,zero
वियोगःॱअ३२ स्तूपसूचकःम् शून्यःन क्षणिक६न ।	0x41f0013b	subw sp,zero,t6
वियोगःॱअ३२ स्तूपसूचकःम् स्तूपसूचकःन क्षणिक३न ।	0x41c1013b	subw sp,sp,t3
वियोगःॱअ३२ स्तूपसूचकःम् क्षणिक२न स्थिर११न ।	0x41b3813b	subw sp,t2,s11
वियोगःॱअ३२ स्तूपसूचकःम् स्थिर१न अर्थ७न ।	0x4114813b	subw sp,s1,a7
वियोगःॱअ३२ स्तूपसूचकःम् अर्थ७न अर्थ०न ।	0x40a8813b	subw sp,a7,a0
वियोगःॱअ३२ स्तूपसूचकःम् क्षणिक३न स्थिर१न ।	0x409e013b	subw sp,t3,s1
वियोगःॱअ३२ क्षणिक०म् शून्यःन स्थिर०न ।	0x408002bb	subw t0,zero,s0
वियोगःॱअ३२ क्षणिक०म् स्तूपसूचकःन क्षणिक२न ।	0x407102bb	subw t0,sp,t2
वियोगःॱअ३२ क्षणिक०म् क्षणिक२न क्षणिक०न ।	0x405382bb	subw t0,t2,t0
वियोगःॱअ३२ क्षणिक०म् स्थिर१न स्तूपसूचकःन ।	0x402482bb	subw t0,s1,sp
वियोगःॱअ३२ क्षणिक०म् अर्थ७न पुनःस्थानम्न ।	0x401882bb	subw t0,a7,ra
वियोगःॱअ३२ क्षणिक०म् क्षणिक३न शून्यःन ।	0x400e02bb	subw t0,t3,zero
वियोगःॱअ३२ क्षणिक०म् क्षणिक६न क्षणिक६न ।	0x41ff82bb	subw t0,t6,t6
वियोगःॱअ३२ क्षणिक२म् पुनःस्थानम्न क्षणिक३न ।	0x41c083bb	subw t2,ra,t3
वियोगःॱअ३२ क्षणिक२म् क्षणिक०न स्थिर११न ।	0x41b283bb	subw t2,t0,s11
वियोगःॱअ३२ क्षणिक२म् स्थिर०न अर्थ७न ।	0x411403bb	subw t2,s0,a7
वियोगःॱअ३२ क्षणिक२म् अर्थ०न अर्थ०न ।	0x40a503bb	subw t2,a0,a0
वियोगःॱअ३२ क्षणिक२म् स्थिर११न स्थिर१न ।	0x409d83bb	subw t2,s11,s1
वियोगःॱअ३२ क्षणिक२म् क्षणिक६न स्थिर०न ।	0x408f83bb	subw t2,t6,s0
वियोगःॱअ३२ स्थिर०म् पुनःस्थानम्न क्षणिक२न ।	0x4070843b	subw s0,ra,t2
वियोगःॱअ३२ स्थिर०म् क्षणिक०न क्षणिक०न ।	0x4052843b	subw s0,t0,t0
वियोगःॱअ३२ स्थिर०म् स्थिर०न स्तूपसूचकःन ।	0x4024043b	subw s0,s0,sp
वियोगःॱअ३२ स्थिर०म् अर्थ०न पुनःस्थानम्न ।	0x4015043b	subw s0,a0,ra
वियोगःॱअ३२ स्थिर०म् स्थिर११न शून्यःन ।	0x400d843b	subw s0,s11,zero
वियोगःॱअ३२ स्थिर०म् क्षणिक३न क्षणिक६न ।	0x41fe043b	subw s0,t3,t6
वियोगःॱअ३२ स्थिर१म् शून्यःन क्षणिक३न ।	0x41c004bb	subw s1,zero,t3
वियोगःॱअ३२ स्थिर१म् स्तूपसूचकःन स्थिर११न ।	0x41b104bb	subw s1,sp,s11
वियोगःॱअ३२ स्थिर१म् क्षणिक२न अर्थ७न ।	0x411384bb	subw s1,t2,a7
वियोगःॱअ३२ स्थिर१म् स्थिर१न अर्थ०न ।	0x9c89	subw s1,s1,a0
वियोगःॱअ३२ स्थिर१म् अर्थ७न स्थिर१न ।	0x409884bb	subw s1,a7,s1
वियोगःॱअ३२ स्थिर१म् क्षणिक३न स्थिर०न ।	0x408e04bb	subw s1,t3,s0
वियोगःॱअ३२ अर्थ०म् शून्यःन क्षणिक२न ।	0x4070053b	subw a0,zero,t2
वियोगःॱअ३२ अर्थ०म् स्तूपसूचकःन क्षणिक०न ।	0x4051053b	subw a0,sp,t0
वियोगःॱअ३२ अर्थ०म् क्षणिक२न स्तूपसूचकःन ।	0x4023853b	subw a0,t2,sp
वियोगःॱअ३२ अर्थ०म् स्थिर१न पुनःस्थानम्न ।	0x4014853b	subw a0,s1,ra
वियोगःॱअ३२ अर्थ०म् अर्थ७न शून्यःन ।	0x4008853b	subw a0,a7,zero
वियोगःॱअ३२ अर्थ०म् स्थिर११न क्षणिक६न ।	0x41fd853b	subw a0,s11,t6
वियोगःॱअ३२ अर्थ०म् क्षणिक६न क्षणिक३न ।	0x41cf853b	subw a0,t6,t3
वियोगःॱअ३२ अर्थ७म् पुनःस्थानम्न स्थिर११न ।	0x41b088bb	subw a7,ra,s11
वियोगःॱअ३२ अर्थ७म् क्षणिक०न अर्थ७न ।	0x411288bb	subw a7,t0,a7
वियोगःॱअ३२ अर्थ७म् स्थिर०न अर्थ०न ।	0x40a408bb	subw a7,s0,a0
वियोगःॱअ३२ अर्थ७म् अर्थ०न स्थिर१न ।	0x409508bb	subw a7,a0,s1
वियोगःॱअ३२ अर्थ७म् स्थिर११न स्थिर०न ।	0x408d88bb	subw a7,s11,s0
वियोगःॱअ३२ अर्थ७म् क्षणिक६न क्षणिक२न ।	0x407f88bb	subw a7,t6,t2
वियोगःॱअ३२ स्थिर११म् पुनःस्थानम्न क्षणिक०न ।	0x40508dbb	subw s11,ra,t0
वियोगःॱअ३२ स्थिर११म् क्षणिक०न स्तूपसूचकःन ।	0x40228dbb	subw s11,t0,sp
वियोगःॱअ३२ स्थिर११म् स्थिर०न पुनःस्थानम्न ।	0x40140dbb	subw s11,s0,ra
वियोगःॱअ३२ स्थिर११म् अर्थ०न शून्यःन ।	0x40050dbb	subw s11,a0,zero
वियोगःॱअ३२ स्थिर११म् अर्थ७न क्षणिक६न ।	0x41f88dbb	subw s11,a7,t6
वियोगःॱअ३२ स्थिर११म् क्षणिक३न क्षणिक३न ।	0x41ce0dbb	subw s11,t3,t3
वियोगःॱअ३२ क्षणिक३म् शून्यःन स्थिर११न ।	0x41b00e3b	subw t3,zero,s11
वियोगःॱअ३२ क्षणिक३म् स्तूपसूचकःन अर्थ७न ।	0x41110e3b	subw t3,sp,a7
वियोगःॱअ३२ क्षणिक३म् क्षणिक२न अर्थ०न ।	0x40a38e3b	subw t3,t2,a0
वियोगःॱअ३२ क्षणिक३म् स्थिर१न स्थिर१न ।	0x40948e3b	subw t3,s1,s1
वियोगःॱअ३२ क्षणिक३म् अर्थ७न स्थिर०न ।	0x40888e3b	subw t3,a7,s0
वियोगःॱअ३२ क्षणिक३म् क्षणिक३न क्षणिक२न ।	0x407e0e3b	subw t3,t3,t2
वियोगःॱअ३२ क्षणिक६म् शून्यःन क्षणिक०न ।	0x40500fbb	subw t6,zero,t0
वियोगःॱअ३२ क्षणिक६म् स्तूपसूचकःन स्तूपसूचकःन ।	0x40210fbb	subw t6,sp,sp
वियोगःॱअ३२ क्षणिक६म् क्षणिक२न पुनःस्थानम्न ।	0x40138fbb	subw t6,t2,ra
वियोगःॱअ३२ क्षणिक६म् स्थिर१न शून्यःन ।	0x40048fbb	subw t6,s1,zero
वियोगःॱअ३२ क्षणिक६म् अर्थ०न क्षणिक६न ।	0x41f50fbb	subw t6,a0,t6
वियोगःॱअ३२ क्षणिक६म् स्थिर११न क्षणिक३न ।	0x41cd8fbb	subw t6,s11,t3
वियोगःॱअ३२ क्षणिक६म् क्षणिक६न स्थिर११न ।	0x41bf8fbb	subw t6,t6,s11
वामसरणम्ॱअ३२ शून्यःम् शून्यःन शून्यःन ।	0x0000103b	sllw zero,zero,zero
वामसरणम्ॱअ३२ शून्यःम् पुनःस्थानम्न क्षणिक६न ।	0x01f0903b	sllw zero,ra,t6
वामसरणम्ॱअ३२ शून्यःम् क्षणिक०न क्षणिक३न ।	0x01c2903b	sllw zero,t0,t3
वामसरणम्ॱअ३२ शून्यःम् स्थिर०न स्थिर११न ।	0x01b4103b	sllw zero,s0,s11
वामसरणम्ॱअ३२ शून्यःम् अर्थ०न अर्थ७न ।	0x0115103b	sllw zero,a0,a7
वामसरणम्ॱअ३२ शून्यःम् स्थिर११न अर्थ०न ।	0x00ad903b	sllw zero,s11,a0
वामसरणम्ॱअ३२ शून्यःम् क्षणिक६न स्थिर१न ।	0x009f903b	sllw zero,t6,s1
वामसरणम्ॱअ३२ पुनःस्थानम्म् पुनःस्थानम्न स्थिर०न ।	0x008090bb	sllw ra,ra,s0
वामसरणम्ॱअ३२ पुनःस्थानम्म् क्षणिक०न क्षणिक२न ।	0x007290bb	sllw ra,t0,t2
वामसरणम्ॱअ३२ पुनःस्थानम्म् स्थिर०न क्षणिक०न ।	0x005410bb	sllw ra,s0,t0
वामसरणम्ॱअ३२ पुनःस्थानम्म् अर्थ०न स्तूपसूचकःन ।	0x002510bb	sllw ra,a0,sp
वामसरणम्ॱअ३२ पुनःस्थानम्म् स्थिर११न पुनःस्थानम्न ।	0x001d90bb	sllw ra,s11,ra
वामसरणम्ॱअ३२ पुनःस्थानम्म् क्षणिक६न शून्यःन ।	0x000f90bb	sllw ra,t6,zero
वामसरणम्ॱअ३२ स्तूपसूचकःम् शून्यःन क्षणिक६न ।	0x01f0113b	sllw sp,zero,t6
वामसरणम्ॱअ३२ स्तूपसूचकःम् स्तूपसूचकःन क्षणिक३न ।	0x01c1113b	sllw sp,sp,t3
वामसरणम्ॱअ३२ स्तूपसूचकःम् क्षणिक२न स्थिर११न ।	0x01b3913b	sllw sp,t2,s11
वामसरणम्ॱअ३२ स्तूपसूचकःम् स्थिर१न अर्थ७न ।	0x0114913b	sllw sp,s1,a7
वामसरणम्ॱअ३२ स्तूपसूचकःम् अर्थ७न अर्थ०न ।	0x00a8913b	sllw sp,a7,a0
वामसरणम्ॱअ३२ स्तूपसूचकःम् क्षणिक३न स्थिर१न ।	0x009e113b	sllw sp,t3,s1
वामसरणम्ॱअ३२ क्षणिक०म् शून्यःन स्थिर०न ।	0x008012bb	sllw t0,zero,s0
वामसरणम्ॱअ३२ क्षणिक०म् स्तूपसूचकःन क्षणिक२न ।	0x007112bb	sllw t0,sp,t2
वामसरणम्ॱअ३२ क्षणिक०म् क्षणिक२न क्षणिक०न ।	0x005392bb	sllw t0,t2,t0
वामसरणम्ॱअ३२ क्षणिक०म् स्थिर१न स्तूपसूचकःन ।	0x002492bb	sllw t0,s1,sp
वामसरणम्ॱअ३२ क्षणिक०म् अर्थ७न पुनःस्थानम्न ।	0x001892bb	sllw t0,a7,ra
वामसरणम्ॱअ३२ क्षणिक०म् क्षणिक३न शून्यःन ।	0x000e12bb	sllw t0,t3,zero
वामसरणम्ॱअ३२ क्षणिक०म् क्षणिक६न क्षणिक६न ।	0x01ff92bb	sllw t0,t6,t6
वामसरणम्ॱअ३२ क्षणिक२म् पुनःस्थानम्न क्षणिक३न ।	0x01c093bb	sllw t2,ra,t3
वामसरणम्ॱअ३२ क्षणिक२म् क्षणिक०न स्थिर११न ।	0x01b293bb	sllw t2,t0,s11
वामसरणम्ॱअ३२ क्षणिक२म् स्थिर०न अर्थ७न ।	0x011413bb	sllw t2,s0,a7
वामसरणम्ॱअ३२ क्षणिक२म् अर्थ०न अर्थ०न ।	0x00a513bb	sllw t2,a0,a0
वामसरणम्ॱअ३२ क्षणिक२म् स्थिर११न स्थिर१न ।	0x009d93bb	sllw t2,s11,s1
वामसरणम्ॱअ३२ क्षणिक२म् क्षणिक६न स्थिर०न ।	0x008f93bb	sllw t2,t6,s0
वामसरणम्ॱअ३२ स्थिर०म् पुनःस्थानम्न क्षणिक२न ।	0x0070943b	sllw s0,ra,t2
वामसरणम्ॱअ३२ स्थिर०म् क्षणिक०न क्षणिक०न ।	0x0052943b	sllw s0,t0,t0
वामसरणम्ॱअ३२ स्थिर०म् स्थिर०न स्तूपसूचकःन ।	0x0024143b	sllw s0,s0,sp
वामसरणम्ॱअ३२ स्थिर०म् अर्थ०न पुनःस्थानम्न ।	0x0015143b	sllw s0,a0,ra
वामसरणम्ॱअ३२ स्थिर०म् स्थिर११न शून्यःन ।	0x000d943b	sllw s0,s11,zero
वामसरणम्ॱअ३२ स्थिर०म् क्षणिक३न क्षणिक६न ।	0x01fe143b	sllw s0,t3,t6
वामसरणम्ॱअ३२ स्थिर१म् शून्यःन क्षणिक३न ।	0x01c014bb	sllw s1,zero,t3
वामसरणम्ॱअ३२ स्थिर१म् स्तूपसूचकःन स्थिर११न ।	0x01b114bb	sllw s1,sp,s11
वामसरणम्ॱअ३२ स्थिर१म् क्षणिक२न अर्थ७न ।	0x011394bb	sllw s1,t2,a7
वामसरणम्ॱअ३२ स्थिर१म् स्थिर१न अर्थ०न ।	0x00a494bb	sllw s1,s1,a0
वामसरणम्ॱअ३२ स्थिर१म् अर्थ७न स्थिर१न ।	0x009894bb	sllw s1,a7,s1
वामसरणम्ॱअ३२ स्थिर१म् क्षणिक३न स्थिर०न ।	0x008e14bb	sllw s1,t3,s0
वामसरणम्ॱअ३२ अर्थ०म् शून्यःन क्षणिक२न ।	0x0070153b	sllw a0,zero,t2
वामसरणम्ॱअ३२ अर्थ०म् स्तूपसूचकःन क्षणिक०न ।	0x0051153b	sllw a0,sp,t0
वामसरणम्ॱअ३२ अर्थ०म् क्षणिक२न स्तूपसूचकःन ।	0x0023953b	sllw a0,t2,sp
वामसरणम्ॱअ३२ अर्थ०म् स्थिर१न पुनःस्थानम्न ।	0x0014953b	sllw a0,s1,ra
वामसरणम्ॱअ३२ अर्थ०म् अर्थ७न शून्यःन ।	0x0008953b	sllw a0,a7,zero
वामसरणम्ॱअ३२ अर्थ०म् स्थिर११न क्षणिक६न ।	0x01fd953b	sllw a0,s11,t6
वामसरणम्ॱअ३२ अर्थ०म् क्षणिक६न क्षणिक३न ।	0x01cf953b	sllw a0,t6,t3
वामसरणम्ॱअ३२ अर्थ७म् पुनःस्थानम्न स्थिर११न ।	0x01b098bb	sllw a7,ra,s11
वामसरणम्ॱअ३२ अर्थ७म् क्षणिक०न अर्थ७न ।	0x011298bb	sllw a7,t0,a7
वामसरणम्ॱअ३२ अर्थ७म् स्थिर०न अर्थ०न ।	0x00a418bb	sllw a7,s0,a0
वामसरणम्ॱअ३२ अर्थ७म् अर्थ०न स्थिर१न ।	0x009518bb	sllw a7,a0,s1
वामसरणम्ॱअ३२ अर्थ७म् स्थिर११न स्थिर०न ।	0x008d98bb	sllw a7,s11,s0
वामसरणम्ॱअ३२ अर्थ७म् क्षणिक६न क्षणिक२न ।	0x007f98bb	sllw a7,t6,t2
वामसरणम्ॱअ३२ स्थिर११म् पुनःस्थानम्न क्षणिक०न ।	0x00509dbb	sllw s11,ra,t0
वामसरणम्ॱअ३२ स्थिर११म् क्षणिक०न स्तूपसूचकःन ।	0x00229dbb	sllw s11,t0,sp
वामसरणम्ॱअ३२ स्थिर११म् स्थिर०न पुनःस्थानम्न ।	0x00141dbb	sllw s11,s0,ra
वामसरणम्ॱअ३२ स्थिर११म् अर्थ०न शून्यःन ।	0x00051dbb	sllw s11,a0,zero
वामसरणम्ॱअ३२ स्थिर११म् अर्थ७न क्षणिक६न ।	0x01f89dbb	sllw s11,a7,t6
वामसरणम्ॱअ३२ स्थिर११म् क्षणिक३न क्षणिक३न ।	0x01ce1dbb	sllw s11,t3,t3
वामसरणम्ॱअ३२ क्षणिक३म् शून्यःन स्थिर११न ।	0x01b01e3b	sllw t3,zero,s11
वामसरणम्ॱअ३२ क्षणिक३म् स्तूपसूचकःन अर्थ७न ।	0x01111e3b	sllw t3,sp,a7
वामसरणम्ॱअ३२ क्षणिक३म् क्षणिक२न अर्थ०न ।	0x00a39e3b	sllw t3,t2,a0
वामसरणम्ॱअ३२ क्षणिक३म् स्थिर१न स्थिर१न ।	0x00949e3b	sllw t3,s1,s1
वामसरणम्ॱअ३२ क्षणिक३म् अर्थ७न स्थिर०न ।	0x00889e3b	sllw t3,a7,s0
वामसरणम्ॱअ३२ क्षणिक३म् क्षणिक३न क्षणिक२न ।	0x007e1e3b	sllw t3,t3,t2
वामसरणम्ॱअ३२ क्षणिक६म् शून्यःन क्षणिक०न ।	0x00501fbb	sllw t6,zero,t0
वामसरणम्ॱअ३२ क्षणिक६म् स्तूपसूचकःन स्तूपसूचकःन ।	0x00211fbb	sllw t6,sp,sp
वामसरणम्ॱअ३२ क्षणिक६म् क्षणिक२न पुनःस्थानम्न ।	0x00139fbb	sllw t6,t2,ra
वामसरणम्ॱअ३२ क्षणिक६म् स्थिर१न शून्यःन ।	0x00049fbb	sllw t6,s1,zero
वामसरणम्ॱअ३२ क्षणिक६म् अर्थ०न क्षणिक६न ।	0x01f51fbb	sllw t6,a0,t6
वामसरणम्ॱअ३२ क्षणिक६म् स्थिर११न क्षणिक३न ।	0x01cd9fbb	sllw t6,s11,t3
वामसरणम्ॱअ३२ क्षणिक६म् क्षणिक६न स्थिर११न ।	0x01bf9fbb	sllw t6,t6,s11
दक्षिणसरणम्ॱअ३२ शून्यःम् शून्यःन शून्यःन ।	0x0000503b	srlw zero,zero,zero
दक्षिणसरणम्ॱअ३२ शून्यःम् पुनःस्थानम्न क्षणिक६न ।	0x01f0d03b	srlw zero,ra,t6
दक्षिणसरणम्ॱअ३२ शून्यःम् क्षणिक०न क्षणिक३न ।	0x01c2d03b	srlw zero,t0,t3
दक्षिणसरणम्ॱअ३२ शून्यःम् स्थिर०न स्थिर११न ।	0x01b4503b	srlw zero,s0,s11
दक्षिणसरणम्ॱअ३२ शून्यःम् अर्थ०न अर्थ७न ।	0x0115503b	srlw zero,a0,a7
दक्षिणसरणम्ॱअ३२ शून्यःम् स्थिर११न अर्थ०न ।	0x00add03b	srlw zero,s11,a0
दक्षिणसरणम्ॱअ३२ शून्यःम् क्षणिक६न स्थिर१न ।	0x009fd03b	srlw zero,t6,s1
दक्षिणसरणम्ॱअ३२ पुनःस्थानम्म् पुनःस्थानम्न स्थिर०न ।	0x0080d0bb	srlw ra,ra,s0
दक्षिणसरणम्ॱअ३२ पुनःस्थानम्म् क्षणिक०न क्षणिक२न ।	0x0072d0bb	srlw ra,t0,t2
दक्षिणसरणम्ॱअ३२ पुनःस्थानम्म् स्थिर०न क्षणिक०न ।	0x005450bb	srlw ra,s0,t0
दक्षिणसरणम्ॱअ३२ पुनःस्थानम्म् अर्थ०न स्तूपसूचकःन ।	0x002550bb	srlw ra,a0,sp
दक्षिणसरणम्ॱअ३२ पुनःस्थानम्म् स्थिर११न पुनःस्थानम्न ।	0x001dd0bb	srlw ra,s11,ra
दक्षिणसरणम्ॱअ३२ पुनःस्थानम्म् क्षणिक६न शून्यःन ।	0x000fd0bb	srlw ra,t6,zero
दक्षिणसरणम्ॱअ३२ स्तूपसूचकःम् शून्यःन क्षणिक६न ।	0x01f0513b	srlw sp,zero,t6
दक्षिणसरणम्ॱअ३२ स्तूपसूचकःम् स्तूपसूचकःन क्षणिक३न ।	0x01c1513b	srlw sp,sp,t3
दक्षिणसरणम्ॱअ३२ स्तूपसूचकःम् क्षणिक२न स्थिर११न ।	0x01b3d13b	srlw sp,t2,s11
दक्षिणसरणम्ॱअ३२ स्तूपसूचकःम् स्थिर१न अर्थ७न ।	0x0114d13b	srlw sp,s1,a7
दक्षिणसरणम्ॱअ३२ स्तूपसूचकःम् अर्थ७न अर्थ०न ।	0x00a8d13b	srlw sp,a7,a0
दक्षिणसरणम्ॱअ३२ स्तूपसूचकःम् क्षणिक३न स्थिर१न ।	0x009e513b	srlw sp,t3,s1
दक्षिणसरणम्ॱअ३२ क्षणिक०म् शून्यःन स्थिर०न ।	0x008052bb	srlw t0,zero,s0
दक्षिणसरणम्ॱअ३२ क्षणिक०म् स्तूपसूचकःन क्षणिक२न ।	0x007152bb	srlw t0,sp,t2
दक्षिणसरणम्ॱअ३२ क्षणिक०म् क्षणिक२न क्षणिक०न ।	0x0053d2bb	srlw t0,t2,t0
दक्षिणसरणम्ॱअ३२ क्षणिक०म् स्थिर१न स्तूपसूचकःन ।	0x0024d2bb	srlw t0,s1,sp
दक्षिणसरणम्ॱअ३२ क्षणिक०म् अर्थ७न पुनःस्थानम्न ।	0x0018d2bb	srlw t0,a7,ra
दक्षिणसरणम्ॱअ३२ क्षणिक०म् क्षणिक३न शून्यःन ।	0x000e52bb	srlw t0,t3,zero
दक्षिणसरणम्ॱअ३२ क्षणिक०म् क्षणिक६न क्षणिक६न ।	0x01ffd2bb	srlw t0,t6,t6
दक्षिणसरणम्ॱअ३२ क्षणिक२म् पुनःस्थानम्न क्षणिक३न ।	0x01c0d3bb	srlw t2,ra,t3
दक्षिणसरणम्ॱअ३२ क्षणिक२म् क्षणिक०न स्थिर११न ।	0x01b2d3bb	srlw t2,t0,s11
दक्षिणसरणम्ॱअ३२ क्षणिक२म् स्थिर०न अर्थ७न ।	0x011453bb	srlw t2,s0,a7
दक्षिणसरणम्ॱअ३२ क्षणिक२म् अर्थ०न अर्थ०न ।	0x00a553bb	srlw t2,a0,a0
दक्षिणसरणम्ॱअ३२ क्षणिक२म् स्थिर११न स्थिर१न ।	0x009dd3bb	srlw t2,s11,s1
दक्षिणसरणम्ॱअ३२ क्षणिक२म् क्षणिक६न स्थिर०न ।	0x008fd3bb	srlw t2,t6,s0
दक्षिणसरणम्ॱअ३२ स्थिर०म् पुनःस्थानम्न क्षणिक२न ।	0x0070d43b	srlw s0,ra,t2
दक्षिणसरणम्ॱअ३२ स्थिर०म् क्षणिक०न क्षणिक०न ।	0x0052d43b	srlw s0,t0,t0
दक्षिणसरणम्ॱअ३२ स्थिर०म् स्थिर०न स्तूपसूचकःन ।	0x0024543b	srlw s0,s0,sp
दक्षिणसरणम्ॱअ३२ स्थिर०म् अर्थ०न पुनःस्थानम्न ।	0x0015543b	srlw s0,a0,ra
दक्षिणसरणम्ॱअ३२ स्थिर०म् स्थिर११न शून्यःन ।	0x000dd43b	srlw s0,s11,zero
दक्षिणसरणम्ॱअ३२ स्थिर०म् क्षणिक३न क्षणिक६न ।	0x01fe543b	srlw s0,t3,t6
दक्षिणसरणम्ॱअ३२ स्थिर१म् शून्यःन क्षणिक३न ।	0x01c054bb	srlw s1,zero,t3
दक्षिणसरणम्ॱअ३२ स्थिर१म् स्तूपसूचकःन स्थिर११न ।	0x01b154bb	srlw s1,sp,s11
दक्षिणसरणम्ॱअ३२ स्थिर१म् क्षणिक२न अर्थ७न ।	0x0113d4bb	srlw s1,t2,a7
दक्षिणसरणम्ॱअ३२ स्थिर१म् स्थिर१न अर्थ०न ।	0x00a4d4bb	srlw s1,s1,a0
दक्षिणसरणम्ॱअ३२ स्थिर१म् अर्थ७न स्थिर१न ।	0x0098d4bb	srlw s1,a7,s1
दक्षिणसरणम्ॱअ३२ स्थिर१म् क्षणिक३न स्थिर०न ।	0x008e54bb	srlw s1,t3,s0
दक्षिणसरणम्ॱअ३२ अर्थ०म् शून्यःन क्षणिक२न ।	0x0070553b	srlw a0,zero,t2
दक्षिणसरणम्ॱअ३२ अर्थ०म् स्तूपसूचकःन क्षणिक०न ।	0x0051553b	srlw a0,sp,t0
दक्षिणसरणम्ॱअ३२ अर्थ०म् क्षणिक२न स्तूपसूचकःन ।	0x0023d53b	srlw a0,t2,sp
दक्षिणसरणम्ॱअ३२ अर्थ०म् स्थिर१न पुनःस्थानम्न ।	0x0014d53b	srlw a0,s1,ra
दक्षिणसरणम्ॱअ३२ अर्थ०म् अर्थ७न शून्यःन ।	0x0008d53b	srlw a0,a7,zero
दक्षिणसरणम्ॱअ३२ अर्थ०म् स्थिर११न क्षणिक६न ।	0x01fdd53b	srlw a0,s11,t6
दक्षिणसरणम्ॱअ३२ अर्थ०म् क्षणिक६न क्षणिक३न ।	0x01cfd53b	srlw a0,t6,t3
दक्षिणसरणम्ॱअ३२ अर्थ७म् पुनःस्थानम्न स्थिर११न ।	0x01b0d8bb	srlw a7,ra,s11
दक्षिणसरणम्ॱअ३२ अर्थ७म् क्षणिक०न अर्थ७न ।	0x0112d8bb	srlw a7,t0,a7
दक्षिणसरणम्ॱअ३२ अर्थ७म् स्थिर०न अर्थ०न ।	0x00a458bb	srlw a7,s0,a0
दक्षिणसरणम्ॱअ३२ अर्थ७म् अर्थ०न स्थिर१न ।	0x009558bb	srlw a7,a0,s1
दक्षिणसरणम्ॱअ३२ अर्थ७म् स्थिर११न स्थिर०न ।	0x008dd8bb	srlw a7,s11,s0
दक्षिणसरणम्ॱअ३२ अर्थ७म् क्षणिक६न क्षणिक२न ।	0x007fd8bb	srlw a7,t6,t2
दक्षिणसरणम्ॱअ३२ स्थिर११म् पुनःस्थानम्न क्षणिक०न ।	0x0050ddbb	srlw s11,ra,t0
दक्षिणसरणम्ॱअ३२ स्थिर११म् क्षणिक०न स्तूपसूचकःन ।	0x0022ddbb	srlw s11,t0,sp
दक्षिणसरणम्ॱअ३२ स्थिर११म् स्थिर०न पुनःस्थानम्न ।	0x00145dbb	srlw s11,s0,ra
दक्षिणसरणम्ॱअ३२ स्थिर११म् अर्थ०न शून्यःन ।	0x00055dbb	srlw s11,a0,zero
दक्षिणसरणम्ॱअ३२ स्थिर११म् अर्थ७न क्षणिक६न ।	0x01f8ddbb	srlw s11,a7,t6
दक्षिणसरणम्ॱअ३२ स्थिर११म् क्षणिक३न क्षणिक३न ।	0x01ce5dbb	srlw s11,t3,t3
दक्षिणसरणम्ॱअ३२ क्षणिक३म् शून्यःन स्थिर११न ।	0x01b05e3b	srlw t3,zero,s11
दक्षिणसरणम्ॱअ३२ क्षणिक३म् स्तूपसूचकःन अर्थ७न ।	0x01115e3b	srlw t3,sp,a7
दक्षिणसरणम्ॱअ३२ क्षणिक३म् क्षणिक२न अर्थ०न ।	0x00a3de3b	srlw t3,t2,a0
दक्षिणसरणम्ॱअ३२ क्षणिक३म् स्थिर१न स्थिर१न ।	0x0094de3b	srlw t3,s1,s1
दक्षिणसरणम्ॱअ३२ क्षणिक३म् अर्थ७न स्थिर०न ।	0x0088de3b	srlw t3,a7,s0
दक्षिणसरणम्ॱअ३२ क्षणिक३म् क्षणिक३न क्षणिक२न ।	0x007e5e3b	srlw t3,t3,t2
दक्षिणसरणम्ॱअ३२ क्षणिक६म् शून्यःन क्षणिक०न ।	0x00505fbb	srlw t6,zero,t0
दक्षिणसरणम्ॱअ३२ क्षणिक६म् स्तूपसूचकःन स्तूपसूचकःन ।	0x00215fbb	srlw t6,sp,sp
दक्षिणसरणम्ॱअ३२ क्षणिक६म् क्षणिक२न पुनःस्थानम्न ।	0x0013dfbb	srlw t6,t2,ra
दक्षिणसरणम्ॱअ३२ क्षणिक६म् स्थिर१न शून्यःन ।	0x0004dfbb	srlw t6,s1,zero
दक्षिणसरणम्ॱअ३२ क्षणिक६म् अर्थ०न क्षणिक६न ।	0x01f55fbb	srlw t6,a0,t6
दक्षिणसरणम्ॱअ३२ क्षणिक६म् स्थिर११न क्षणिक३न ।	0x01cddfbb	srlw t6,s11,t3
दक्षिणसरणम्ॱअ३२ क्षणिक६म् क्षणिक६न स्थिर११न ।	0x01bfdfbb	srlw t6,t6,s11
सचिह्नदक्षिणसरणम्ॱअ३२ शून्यःम् शून्यःन शून्यःन ।	0x4000503b	sraw zero,zero,zero
सचिह्नदक्षिणसरणम्ॱअ३२ शून्यःम् पुनःस्थानम्न क्षणिक६न ।	0x41f0d03b	sraw zero,ra,t6
सचिह्नदक्षिणसरणम्ॱअ३२ शून्यःम् क्षणिक०न क्षणिक३न ।	0x41c2d03b	sraw zero,t0,t3
सचिह्नदक्षिणसरणम्ॱअ३२ शून्यःम् स्थिर०न स्थिर११न ।	0x41b4503b	sraw zero,s0,s11
सचिह्नदक्षिणसरणम्ॱअ३२ शून्यःम् अर्थ०न अर्थ७न ।	0x4115503b	sraw zero,a0,a7
सचिह्नदक्षिणसरणम्ॱअ३२ शून्यःम् स्थिर११न अर्थ०न ।	0x40add03b	sraw zero,s11,a0
सचिह्नदक्षिणसरणम्ॱअ३२ शून्यःम् क्षणिक६न स्थिर१न ।	0x409fd03b	sraw zero,t6,s1
सचिह्नदक्षिणसरणम्ॱअ३२ पुनःस्थानम्म् पुनःस्थानम्न स्थिर०न ।	0x4080d0bb	sraw ra,ra,s0
सचिह्नदक्षिणसरणम्ॱअ३२ पुनःस्थानम्म् क्षणिक०न क्षणिक२न ।	0x4072d0bb	sraw ra,t0,t2
सचिह्नदक्षिणसरणम्ॱअ३२ पुनःस्थानम्म् स्थिर०न क्षणिक०न ।	0x405450bb	sraw ra,s0,t0
सचिह्नदक्षिणसरणम्ॱअ३२ पुनःस्थानम्म् अर्थ०न स्तूपसूचकःन ।	0x402550bb	sraw ra,a0,sp
सचिह्नदक्षिणसरणम्ॱअ३२ पुनःस्थानम्म् स्थिर११न पुनःस्थानम्न ।	0x401dd0bb	sraw ra,s11,ra
सचिह्नदक्षिणसरणम्ॱअ३२ पुनःस्थानम्म् क्षणिक६न शून्यःन ।	0x400fd0bb	sraw ra,t6,zero
सचिह्नदक्षिणसरणम्ॱअ३२ स्तूपसूचकःम् शून्यःन क्षणिक६न ।	0x41f0513b	sraw sp,zero,t6
सचिह्नदक्षिणसरणम्ॱअ३२ स्तूपसूचकःम् स्तूपसूचकःन क्षणिक३न ।	0x41c1513b	sraw sp,sp,t3
सचिह्नदक्षिणसरणम्ॱअ३२ स्तूपसूचकःम् क्षणिक२न स्थिर११न ।	0x41b3d13b	sraw sp,t2,s11
सचिह्नदक्षिणसरणम्ॱअ३२ स्तूपसूचकःम् स्थिर१न अर्थ७न ।	0x4114d13b	sraw sp,s1,a7
सचिह्नदक्षिणसरणम्ॱअ३२ स्तूपसूचकःम् अर्थ७न अर्थ०न ।	0x40a8d13b	sraw sp,a7,a0
सचिह्नदक्षिणसरणम्ॱअ३२ स्तूपसूचकःम् क्षणिक३न स्थिर१न ।	0x409e513b	sraw sp,t3,s1
सचिह्नदक्षिणसरणम्ॱअ३२ क्षणिक०म् शून्यःन स्थिर०न ।	0x408052bb	sraw t0,zero,s0
सचिह्नदक्षिणसरणम्ॱअ३२ क्षणिक०म् स्तूपसूचकःन क्षणिक२न ।	0x407152bb	sraw t0,sp,t2
सचिह्नदक्षिणसरणम्ॱअ३२ क्षणिक०म् क्षणिक२न क्षणिक०न ।	0x4053d2bb	sraw t0,t2,t0
सचिह्नदक्षिणसरणम्ॱअ३२ क्षणिक०म् स्थिर१न स्तूपसूचकःन ।	0x4024d2bb	sraw t0,s1,sp
सचिह्नदक्षिणसरणम्ॱअ३२ क्षणिक०म् अर्थ७न पुनःस्थानम्न ।	0x4018d2bb	sraw t0,a7,ra
सचिह्नदक्षिणसरणम्ॱअ३२ क्षणिक०म् क्षणिक३न शून्यःन ।	0x400e52bb	sraw t0,t3,zero
सचिह्नदक्षिणसरणम्ॱअ३२ क्षणिक०म् क्षणिक६न क्षणिक६न ।	0x41ffd2bb	sraw t0,t6,t6
सचिह्नदक्षिणसरणम्ॱअ३२ क्षणिक२म् पुनःस्थानम्न क्षणिक३न ।	0x41c0d3bb	sraw t2,ra,t3
सचिह्नदक्षिणसरणम्ॱअ३२ क्षणिक२म् क्षणिक०न स्थिर११न ।	0x41b2d3bb	sraw t2,t0,s11
सचिह्नदक्षिणसरणम्ॱअ३२ क्षणिक२म् स्थिर०न अर्थ७न ।	0x411453bb	sraw t2,s0,a7
सचिह्नदक्षिणसरणम्ॱअ३२ क्षणिक२म् अर्थ०न अर्थ०न ।	0x40a553bb	sraw t2,a0,a0
सचिह्नदक्षिणसरणम्ॱअ३२ क्षणिक२म् स्थिर११न स्थिर१न ।	0x409dd3bb	sraw t2,s11,s1
सचिह्नदक्षिणसरणम्ॱअ३२ क्षणिक२म् क्षणिक६न स्थिर०न ।	0x408fd3bb	sraw t2,t6,s0
सचिह्नदक्षिणसरणम्ॱअ३२ स्थिर०म् पुनःस्थानम्न क्षणिक२न ।	0x4070d43b	sraw s0,ra,t2
सचिह्नदक्षिणसरणम्ॱअ३२ स्थिर०म् क्षणिक०न क्षणिक०न ।	0x4052d43b	sraw s0,t0,t0
सचिह्नदक्षिणसरणम्ॱअ३२ स्थिर०म् स्थिर०न स्तूपसूचकःन ।	0x4024543b	sraw s0,s0,sp
सचिह्नदक्षिणसरणम्ॱअ३२ स्थिर०म् अर्थ०न पुनःस्थानम्न ।	0x4015543b	sraw s0,a0,ra
सचिह्नदक्षिणसरणम्ॱअ३२ स्थिर०म् स्थिर११न शून्यःन ।	0x400dd43b	sraw s0,s11,zero
सचिह्नदक्षिणसरणम्ॱअ३२ स्थिर०म् क्षणिक३न क्षणिक६न ।	0x41fe543b	sraw s0,t3,t6
सचिह्नदक्षिणसरणम्ॱअ३२ स्थिर१म् शून्यःन क्षणिक३न ।	0x41c054bb	sraw s1,zero,t3
सचिह्नदक्षिणसरणम्ॱअ३२ स्थिर१म् स्तूपसूचकःन स्थिर११न ।	0x41b154bb	sraw s1,sp,s11
सचिह्नदक्षिणसरणम्ॱअ३२ स्थिर१म् क्षणिक२न अर्थ७न ।	0x4113d4bb	sraw s1,t2,a7
सचिह्नदक्षिणसरणम्ॱअ३२ स्थिर१म् स्थिर१न अर्थ०न ।	0x40a4d4bb	sraw s1,s1,a0
सचिह्नदक्षिणसरणम्ॱअ३२ स्थिर१म् अर्थ७न स्थिर१न ।	0x4098d4bb	sraw s1,a7,s1
सचिह्नदक्षिणसरणम्ॱअ३२ स्थिर१म् क्षणिक३न स्थिर०न ।	0x408e54bb	sraw s1,t3,s0
सचिह्नदक्षिणसरणम्ॱअ३२ अर्थ०म् शून्यःन क्षणिक२न ।	0x4070553b	sraw a0,zero,t2
सचिह्नदक्षिणसरणम्ॱअ३२ अर्थ०म् स्तूपसूचकःन क्षणिक०न ।	0x4051553b	sraw a0,sp,t0
सचिह्नदक्षिणसरणम्ॱअ३२ अर्थ०म् क्षणिक२न स्तूपसूचकःन ।	0x4023d53b	sraw a0,t2,sp
सचिह्नदक्षिणसरणम्ॱअ३२ अर्थ०म् स्थिर१न पुनःस्थानम्न ।	0x4014d53b	sraw a0,s1,ra
सचिह्नदक्षिणसरणम्ॱअ३२ अर्थ०म् अर्थ७न शून्यःन ।	0x4008d53b	sraw a0,a7,zero
सचिह्नदक्षिणसरणम्ॱअ३२ अर्थ०म् स्थिर११न क्षणिक६न ।	0x41fdd53b	sraw a0,s11,t6
सचिह्नदक्षिणसरणम्ॱअ३२ अर्थ०म् क्षणिक६न क्षणिक३न ।	0x41cfd53b	sraw a0,t6,t3
सचिह्नदक्षिणसरणम्ॱअ३२ अर्थ७म् पुनःस्थानम्न स्थिर११न ।	0x41b0d8bb	sraw a7,ra,s11
सचिह्नदक्षिणसरणम्ॱअ३२ अर्थ७म् क्षणिक०न अर्थ७न ।	0x4112d8bb	sraw a7,t0,a7
सचिह्नदक्षिणसरणम्ॱअ३२ अर्थ७म् स्थिर०न अर्थ०न ।	0x40a458bb	sraw a7,s0,a0
सचिह्नदक्षिणसरणम्ॱअ३२ अर्थ७म् अर्थ०न स्थिर१न ।	0x409558bb	sraw a7,a0,s1
सचिह्नदक्षिणसरणम्ॱअ३२ अर्थ७म् स्थिर११न स्थिर०न ।	0x408dd8bb	sraw a7,s11,s0
सचिह्नदक्षिणसरणम्ॱअ३२ अर्थ७म् क्षणिक६न क्षणिक२न ।	0x407fd8bb	sraw a7,t6,t2
सचिह्नदक्षिणसरणम्ॱअ३२ स्थिर११म् पुनःस्थानम्न क्षणिक०न ।	0x4050ddbb	sraw s11,ra,t0
सचिह्नदक्षिणसरणम्ॱअ३२ स्थिर११म् क्षणिक०न स्तूपसूचकःन ।	0x4022ddbb	sraw s11,t0,sp
सचिह्नदक्षिणसरणम्ॱअ३२ स्थिर११म् स्थिर०न पुनःस्थानम्न ।	0x40145dbb	sraw s11,s0,ra
सचिह्नदक्षिणसरणम्ॱअ३२ स्थिर११म् अर्थ०न शून्यःन ।	0x40055dbb	sraw s11,a0,zero
सचिह्नदक्षिणसरणम्ॱअ३२ स्थिर११म् अर्थ७न क्षणिक६न ।	0x41f8ddbb	sraw s11,a7,t6
सचिह्नदक्षिणसरणम्ॱअ३२ स्थिर११म् क्षणिक३न क्षणिक३न ।	0x41ce5dbb	sraw s11,t3,t3
सचिह्नदक्षिणसरणम्ॱअ३२ क्षणिक३म् शून्यःन स्थिर११न ।	0x41b05e3b	sraw t3,zero,s11
सचिह्नदक्षिणसरणम्ॱअ३२ क्षणिक३म् स्तूपसूचकःन अर्थ७न ।	0x41115e3b	sraw t3,sp,a7
सचिह्नदक्षिणसरणम्ॱअ३२ क्षणिक३म् क्षणिक२न अर्थ०न ।	0x40a3de3b	sraw t3,t2,a0
सचिह्नदक्षिणसरणम्ॱअ३२ क्षणिक३म् स्थिर१न स्थिर१न ।	0x4094de3b	sraw t3,s1,s1
सचिह्नदक्षिणसरणम्ॱअ३२ क्षणिक३म् अर्थ७न स्थिर०न ।	0x4088de3b	sraw t3,a7,s0
सचिह्नदक्षिणसरणम्ॱअ३२ क्षणिक३म् क्षणिक३न क्षणिक२न ।	0x407e5e3b	sraw t3,t3,t2
सचिह्नदक्षिणसरणम्ॱअ३२ क्षणिक६म् शून्यःन क्षणिक०न ।	0x40505fbb	sraw t6,zero,t0
सचिह्नदक्षिणसरणम्ॱअ३२ क्षणिक६म् स्तूपसूचकःन स्तूपसूचकःन ।	0x40215fbb	sraw t6,sp,sp
सचिह्नदक्षिणसरणम्ॱअ३२ क्षणिक६म् क्षणिक२न पुनःस्थानम्न ।	0x4013dfbb	sraw t6,t2,ra
सचिह्नदक्षिणसरणम्ॱअ३२ क्षणिक६म् स्थिर१न शून्यःन ।	0x4004dfbb	sraw t6,s1,zero
सचिह्नदक्षिणसरणम्ॱअ३२ क्षणिक६म् अर्थ०न क्षणिक६न ।	0x41f55fbb	sraw t6,a0,t6
सचिह्नदक्षिणसरणम्ॱअ३२ क्षणिक६म् स्थिर११न क्षणिक३न ।	0x41cddfbb	sraw t6,s11,t3
सचिह्नदक्षिणसरणम्ॱअ३२ क्षणिक६म् क्षणिक६न स्थिर११न ।	0x41bfdfbb	sraw t6,t6,s11
गुणनम्ॱअ३२ शून्यःम् शून्यःन शून्यःन ।	0x0200003b	mulw zero,zero,zero
गुणनम्ॱअ३२ शून्यःम् पुनःस्थानम्न क्षणिक६न ।	0x03f0803b	mulw zero,ra,t6
गुणनम्ॱअ३२ शून्यःम् क्षणिक०न क्षणिक३न ।	0x03c2803b	mulw zero,t0,t3
गुणनम्ॱअ३२ शून्यःम् स्थिर०न स्थिर११न ।	0x03b4003b	mulw zero,s0,s11
गुणनम्ॱअ३२ शून्यःम् अर्थ०न अर्थ७न ।	0x0315003b	mulw zero,a0,a7
गुणनम्ॱअ३२ शून्यःम् स्थिर११न अर्थ०न ।	0x02ad803b	mulw zero,s11,a0
गुणनम्ॱअ३२ शून्यःम् क्षणिक६न स्थिर१न ।	0x029f803b	mulw zero,t6,s1
गुणनम्ॱअ३२ पुनःस्थानम्म् पुनःस्थानम्न स्थिर०न ।	0x028080bb	mulw ra,ra,s0
गुणनम्ॱअ३२ पुनःस्थानम्म् क्षणिक०न क्षणिक२न ।	0x027280bb	mulw ra,t0,t2
गुणनम्ॱअ३२ पुनःस्थानम्म् स्थिर०न क्षणिक०न ।	0x025400bb	mulw ra,s0,t0
गुणनम्ॱअ३२ पुनःस्थानम्म् अर्थ०न स्तूपसूचकःन ।	0x022500bb	mulw ra,a0,sp
गुणनम्ॱअ३२ पुनःस्थानम्म् स्थिर११न पुनःस्थानम्न ।	0x021d80bb	mulw ra,s11,ra
गुणनम्ॱअ३२ पुनःस्थानम्म् क्षणिक६न शून्यःन ।	0x020f80bb	mulw ra,t6,zero
गुणनम्ॱअ३२ स्तूपसूचकःम् शून्यःन क्षणिक६न ।	0x03f0013b	mulw sp,zero,t6
गुणनम्ॱअ३२ स्तूपसूचकःम् स्तूपसूचकःन क्षणिक३न ।	0x03c1013b	mulw sp,sp,t3
गुणनम्ॱअ३२ स्तूपसूचकःम् क्षणिक२न स्थिर११न ।	0x03b3813b	mulw sp,t2,s11
गुणनम्ॱअ३२ स्तूपसूचकःम् स्थिर१न अर्थ७न ।	0x0314813b	mulw sp,s1,a7
गुणनम्ॱअ३२ स्तूपसूचकःम् अर्थ७न अर्थ०न ।	0x02a8813b	mulw sp,a7,a0
गुणनम्ॱअ३२ स्तूपसूचकःम् क्षणिक३न स्थिर१न ।	0x029e013b	mulw sp,t3,s1
गुणनम्ॱअ३२ क्षणिक०म् शून्यःन स्थिर०न ।	0x028002bb	mulw t0,zero,s0
गुणनम्ॱअ३२ क्षणिक०म् स्तूपसूचकःन क्षणिक२न ।	0x027102bb	mulw t0,sp,t2
गुणनम्ॱअ३२ क्षणिक०म् क्षणिक२न क्षणिक०न ।	0x025382bb	mulw t0,t2,t0
गुणनम्ॱअ३२ क्षणिक०म् स्थिर१न स्तूपसूचकःन ।	0x022482bb	mulw t0,s1,sp
गुणनम्ॱअ३२ क्षणिक०म् अर्थ७न पुनःस्थानम्न ।	0x021882bb	mulw t0,a7,ra
गुणनम्ॱअ३२ क्षणिक०म् क्षणिक३न शून्यःन ।	0x020e02bb	mulw t0,t3,zero
गुणनम्ॱअ३२ क्षणिक०म् क्षणिक६न क्षणिक६न ।	0x03ff82bb	mulw t0,t6,t6
गुणनम्ॱअ३२ क्षणिक२म् पुनःस्थानम्न क्षणिक३न ।	0x03c083bb	mulw t2,ra,t3
गुणनम्ॱअ३२ क्षणिक२म् क्षणिक०न स्थिर११न ।	0x03b283bb	mulw t2,t0,s11
गुणनम्ॱअ३२ क्षणिक२म् स्थिर०न अर्थ७न ।	0x031403bb	mulw t2,s0,a7
गुणनम्ॱअ३२ क्षणिक२म् अर्थ०न अर्थ०न ।	0x02a503bb	mulw t2,a0,a0
गुणनम्ॱअ३२ क्षणिक२म् स्थिर११न स्थिर१न ।	0x029d83bb	mulw t2,s11,s1
गुणनम्ॱअ३२ क्षणिक२म् क्षणिक६न स्थिर०न ।	0x028f83bb	mulw t2,t6,s0
गुणनम्ॱअ३२ स्थिर०म् पुनःस्थानम्न क्षणिक२न ।	0x0270843b	mulw s0,ra,t2
गुणनम्ॱअ३२ स्थिर०म् क्षणिक०न क्षणिक०न ।	0x0252843b	mulw s0,t0,t0
गुणनम्ॱअ३२ स्थिर०म् स्थिर०न स्तूपसूचकःन ।	0x0224043b	mulw s0,s0,sp
गुणनम्ॱअ३२ स्थिर०म् अर्थ०न पुनःस्थानम्न ।	0x0215043b	mulw s0,a0,ra
गुणनम्ॱअ३२ स्थिर०म् स्थिर११न शून्यःन ।	0x020d843b	mulw s0,s11,zero
गुणनम्ॱअ३२ स्थिर०म् क्षणिक३न क्षणिक६न ।	0x03fe043b	mulw s0,t3,t6
गुणनम्ॱअ३२ स्थिर१म् शून्यःन क्षणिक३न ।	0x03c004bb	mulw s1,zero,t3
गुणनम्ॱअ३२ स्थिर१म् स्तूपसूचकःन स्थिर११न ।	0x03b104bb	mulw s1,sp,s11
गुणनम्ॱअ३२ स्थिर१म् क्षणिक२न अर्थ७न ।	0x031384bb	mulw s1,t2,a7
गुणनम्ॱअ३२ स्थिर१म् स्थिर१न अर्थ०न ।	0x02a484bb	mulw s1,s1,a0
गुणनम्ॱअ३२ स्थिर१म् अर्थ७न स्थिर१न ।	0x029884bb	mulw s1,a7,s1
गुणनम्ॱअ३२ स्थिर१म् क्षणिक३न स्थिर०न ।	0x028e04bb	mulw s1,t3,s0
गुणनम्ॱअ३२ अर्थ०म् शून्यःन क्षणिक२न ।	0x0270053b	mulw a0,zero,t2
गुणनम्ॱअ३२ अर्थ०म् स्तूपसूचकःन क्षणिक०न ।	0x0251053b	mulw a0,sp,t0
गुणनम्ॱअ३२ अर्थ०म् क्षणिक२न स्तूपसूचकःन ।	0x0223853b	mulw a0,t2,sp
गुणनम्ॱअ३२ अर्थ०म् स्थिर१न पुनःस्थानम्न ।	0x0214853b	mulw a0,s1,ra
गुणनम्ॱअ३२ अर्थ०म् अर्थ७न शून्यःन ।	0x0208853b	mulw a0,a7,zero
गुणनम्ॱअ३२ अर्थ०म् स्थिर११न क्षणिक६न ।	0x03fd853b	mulw a0,s11,t6
गुणनम्ॱअ३२ अर्थ०म् क्षणिक६न क्षणिक३न ।	0x03cf853b	mulw a0,t6,t3
गुणनम्ॱअ३२ अर्थ७म् पुनःस्थानम्न स्थिर११न ।	0x03b088bb	mulw a7,ra,s11
गुणनम्ॱअ३२ अर्थ७म् क्षणिक०न अर्थ७न ।	0x031288bb	mulw a7,t0,a7
गुणनम्ॱअ३२ अर्थ७म् स्थिर०न अर्थ०न ।	0x02a408bb	mulw a7,s0,a0
गुणनम्ॱअ३२ अर्थ७म् अर्थ०न स्थिर१न ।	0x029508bb	mulw a7,a0,s1
गुणनम्ॱअ३२ अर्थ७म् स्थिर११न स्थिर०न ।	0x028d88bb	mulw a7,s11,s0
गुणनम्ॱअ३२ अर्थ७म् क्षणिक६न क्षणिक२न ।	0x027f88bb	mulw a7,t6,t2
गुणनम्ॱअ३२ स्थिर११म् पुनःस्थानम्न क्षणिक०न ।	0x02508dbb	mulw s11,ra,t0
गुणनम्ॱअ३२ स्थिर११म् क्षणिक०न स्तूपसूचकःन ।	0x02228dbb	mulw s11,t0,sp
गुणनम्ॱअ३२ स्थिर११म् स्थिर०न पुनःस्थानम्न ।	0x02140dbb	mulw s11,s0,ra
गुणनम्ॱअ३२ स्थिर११म् अर्थ०न शून्यःन ।	0x02050dbb	mulw s11,a0,zero
गुणनम्ॱअ३२ स्थिर११म् अर्थ७न क्षणिक६न ।	0x03f88dbb	mulw s11,a7,t6
गुणनम्ॱअ३२ स्थिर११म् क्षणिक३न क्षणिक३न ।	0x03ce0dbb	mulw s11,t3,t3
गुणनम्ॱअ३२ क्षणिक३म् शून्यःन स्थिर११न ।	0x03b00e3b	mulw t3,zero,s11
गुणनम्ॱअ३२ क्षणिक३म् स्तूपसूचकःन अर्थ७न ।	0x03110e3b	mulw t3,sp,a7
गुणनम्ॱअ३२ क्षणिक३म् क्षणिक२न अर्थ०न ।	0x02a38e3b	mulw t3,t2,a0
गुणनम्ॱअ३२ क्षणिक३म् स्थिर१न स्थिर१न ।	0x02948e3b	mulw t3,s1,s1
गुणनम्ॱअ३२ क्षणिक३म् अर्थ७न स्थिर०न ।	0x02888e3b	mulw t3,a7,s0
गुणनम्ॱअ३२ क्षणिक३म् क्षणिक३न क्षणिक२न ।	0x027e0e3b	mulw t3,t3,t2
गुणनम्ॱअ३२ क्षणिक६म् शून्यःन क्षणिक०न ।	0x02500fbb	mulw t6,zero,t0
गुणनम्ॱअ३२ क्षणिक६म् स्तूपसूचकःन स्तूपसूचकःन ।	0x02210fbb	mulw t6,sp,sp
गुणनम्ॱअ३२ क्षणिक६म् क्षणिक२न पुनःस्थानम्न ।	0x02138fbb	mulw t6,t2,ra
गुणनम्ॱअ३२ क्षणिक६म् स्थिर१न शून्यःन ।	0x02048fbb	mulw t6,s1,zero
गुणनम्ॱअ३२ क्षणिक६म् अर्थ०न क्षणिक६न ।	0x03f50fbb	mulw t6,a0,t6
गुणनम्ॱअ३२ क्षणिक६म् स्थिर११न क्षणिक३न ।	0x03cd8fbb	mulw t6,s11,t3
गुणनम्ॱअ३२ क्षणिक६म् क्षणिक६न स्थिर११न ।	0x03bf8fbb	mulw t6,t6,s11
भागःॱअ३२ शून्यःम् शून्यःन शून्यःन ।	0x0200403b	divw zero,zero,zero
भागःॱअ३२ शून्यःम् पुनःस्थानम्न क्षणिक६न ।	0x03f0c03b	divw zero,ra,t6
भागःॱअ३२ शून्यःम् क्षणिक०न क्षणिक३न ।	0x03c2c03b	divw zero,t0,t3
भागःॱअ३२ शून्यःम् स्थिर०न स्थिर११न ।	0x03b4403b	divw zero,s0,s11
भागःॱअ३२ शून्यःम् अर्थ०न अर्थ७न ।	0x0315403b	divw zero,a0,a7
भागःॱअ३२ शून्यःम् स्थिर११न अर्थ०न ।	0x02adc03b	divw zero,s11,a0
भागःॱअ३२ शून्यःम् क्षणिक६न स्थिर१न ।	0x029fc03b	divw zero,t6,s1
भागःॱअ३२ पुनःस्थानम्म् पुनःस्थानम्न स्थिर०न ।	0x0280c0bb	divw ra,ra,s0
भागःॱअ३२ पुनःस्थानम्म् क्षणिक०न क्षणिक२न ।	0x0272c0bb	divw ra,t0,t2
भागःॱअ३२ पुनःस्थानम्म् स्थिर०न क्षणिक०न ।	0x025440bb	divw ra,s0,t0
भागःॱअ३२ पुनःस्थानम्म् अर्थ०न स्तूपसूचकःन ।	0x022540bb	divw ra,a0,sp
भागःॱअ३२ पुनःस्थानम्म् स्थिर११न पुनःस्थानम्न ।	0x021dc0bb	divw ra,s11,ra
भागःॱअ३२ पुनःस्थानम्म् क्षणिक६न शून्यःन ।	0x020fc0bb	divw ra,t6,zero
भागःॱअ३२ स्तूपसूचकःम् शून्यःन क्षणिक६न ।	0x03f0413b	divw sp,zero,t6
भागःॱअ३२ स्तूपसूचकःम् स्तूपसूचकःन क्षणिक३न ।	0x03c1413b	divw sp,sp,t3
भागःॱअ३२ स्तूपसूचकःम् क्षणिक२न स्थिर११न ।	0x03b3c13b	divw sp,t2,s11
भागःॱअ३२ स्तूपसूचकःम् स्थिर१न अर्थ७न ।	0x0314c13b	divw sp,s1,a7
भागःॱअ३२ स्तूपसूचकःम् अर्थ७न अर्थ०न ।	0x02a8c13b	divw sp,a7,a0
भागःॱअ३२ स्तूपसूचकःम् क्षणिक३न स्थिर१न ।	0x029e413b	divw sp,t3,s1
भागःॱअ३२ क्षणिक०म् शून्यःन स्थिर०न ।	0x028042bb	divw t0,zero,s0
भागःॱअ३२ क्षणिक०म् स्तूपसूचकःन क्षणिक२न ।	0x027142bb	divw t0,sp,t2
भागःॱअ३२ क्षणिक०म् क्षणिक२न क्षणिक०न ।	0x0253c2bb	divw t0,t2,t0
भागःॱअ३२ क्षणिक०म् स्थिर१न स्तूपसूचकःन ।	0x0224c2bb	divw t0,s1,sp
भागःॱअ३२ क्षणिक०म् अर्थ७न पुनःस्थानम्न ।	0x0218c2bb	divw t0,a7,ra
भागःॱअ३२ क्षणिक०म् क्षणिक३न शून्यःन ।	0x020e42bb	divw t0,t3,zero
भागःॱअ३२ क्षणिक०म् क्षणिक६न क्षणिक६न ।	0x03ffc2bb	divw t0,t6,t6
भागःॱअ३२ क्षणिक२म् पुनःस्थानम्न क्षणिक३न ।	0x03c0c3bb	divw t2,ra,t3
भागःॱअ३२ क्षणिक२म् क्षणिक०न स्थिर११न ।	0x03b2c3bb	divw t2,t0,s11
भागःॱअ३२ क्षणिक२म् स्थिर०न अर्थ७न ।	0x031443bb	divw t2,s0,a7
भागःॱअ३२ क्षणिक२म् अर्थ०न अर्थ०न ।	0x02a543bb	divw t2,a0,a0
भागःॱअ३२ क्षणिक२म् स्थिर११न स्थिर१न ।	0x029dc3bb	divw t2,s11,s1
भागःॱअ३२ क्षणिक२म् क्षणिक६न स्थिर०न ।	0x028fc3bb	divw t2,t6,s0
भागःॱअ३२ स्थिर०म् पुनःस्थानम्न क्षणिक२न ।	0x0270c43b	divw s0,ra,t2
भागःॱअ३२ स्थिर०म् क्षणिक०न क्षणिक०न ।	0x0252c43b	divw s0,t0,t0
भागःॱअ३२ स्थिर०म् स्थिर०न स्तूपसूचकःन ।	0x0224443b	divw s0,s0,sp
भागःॱअ३२ स्थिर०म् अर्थ०न पुनःस्थानम्न ।	0x0215443b	divw s0,a0,ra
भागःॱअ३२ स्थिर०म् स्थिर११न शून्यःन ।	0x020dc43b	divw s0,s11,zero
भागःॱअ३२ स्थिर०म् क्षणिक३न क्षणिक६न ।	0x03fe443b	divw s0,t3,t6
भागःॱअ३२ स्थिर१म् शून्यःन क्षणिक३न ।	0x03c044bb	divw s1,zero,t3
भागःॱअ३२ स्थिर१म् स्तूपसूचकःन स्थिर११न ।	0x03b144bb	divw s1,sp,s11
भागःॱअ३२ स्थिर१म् क्षणिक२न अर्थ७न ।	0x0313c4bb	divw s1,t2,a7
भागःॱअ३२ स्थिर१म् स्थिर१न अर्थ०न ।	0x02a4c4bb	divw s1,s1,a0
भागःॱअ३२ स्थिर१म् अर्थ७न स्थिर१न ।	0x0298c4bb	divw s1,a7,s1
भागःॱअ३२ स्थिर१म् क्षणिक३न स्थिर०न ।	0x028e44bb	divw s1,t3,s0
भागःॱअ३२ अर्थ०म् शून्यःन क्षणिक२न ।	0x0270453b	divw a0,zero,t2
भागःॱअ३२ अर्थ०म् स्तूपसूचकःन क्षणिक०न ।	0x0251453b	divw a0,sp,t0
भागःॱअ३२ अर्थ०म् क्षणिक२न स्तूपसूचकःन ।	0x0223c53b	divw a0,t2,sp
भागःॱअ३२ अर्थ०म् स्थिर१न पुनःस्थानम्न ।	0x0214c53b	divw a0,s1,ra
भागःॱअ३२ अर्थ०म् अर्थ७न शून्यःन ।	0x0208c53b	divw a0,a7,zero
भागःॱअ३२ अर्थ०म् स्थिर११न क्षणिक६न ।	0x03fdc53b	divw a0,s11,t6
भागःॱअ३२ अर्थ०म् क्षणिक६न क्षणिक३न ।	0x03cfc53b	divw a0,t6,t3
भागःॱअ३२ अर्थ७म् पुनःस्थानम्न स्थिर११न ।	0x03b0c8bb	divw a7,ra,s11
भागःॱअ३२ अर्थ७म् क्षणिक०न अर्थ७न ।	0x0312c8bb	divw a7,t0,a7
भागःॱअ३२ अर्थ७म् स्थिर०न अर्थ०न ।	0x02a448bb	divw a7,s0,a0
भागःॱअ३२ अर्थ७म् अर्थ०न स्थिर१न ।	0x029548bb	divw a7,a0,s1
भागःॱअ३२ अर्थ७म् स्थिर११न स्थिर०न ।	0x028dc8bb	divw a7,s11,s0
भागःॱअ३२ अर्थ७म् क्षणिक६न क्षणिक२न ।	0x027fc8bb	divw a7,t6,t2
भागःॱअ३२ स्थिर११म् पुनःस्थानम्न क्षणिक०न ।	0x0250cdbb	divw s11,ra,t0
भागःॱअ३२ स्थिर११म् क्षणिक०न स्तूपसूचकःन ।	0x0222cdbb	divw s11,t0,sp
भागःॱअ३२ स्थिर११म् स्थिर०न पुनःस्थानम्न ।	0x02144dbb	divw s11,s0,ra
भागःॱअ३२ स्थिर११म् अर्थ०न शून्यःन ।	0x02054dbb	divw s11,a0,zero
भागःॱअ३२ स्थिर११म् अर्थ७न क्षणिक६न ।	0x03f8cdbb	divw s11,a7,t6
भागःॱअ३२ स्थिर११म् क्षणिक३न क्षणिक३न ।	0x03ce4dbb	divw s11,t3,t3
भागःॱअ३२ क्षणिक३म् शून्यःन स्थिर११न ।	0x03b04e3b	divw t3,zero,s11
भागःॱअ३२ क्षणिक३म् स्तूपसूचकःन अर्थ७न ।	0x03114e3b	divw t3,sp,a7
भागःॱअ३२ क्षणिक३म् क्षणिक२न अर्थ०न ।	0x02a3ce3b	divw t3,t2,a0
भागःॱअ३२ क्षणिक३म् स्थिर१न स्थिर१न ।	0x0294ce3b	divw t3,s1,s1
भागःॱअ३२ क्षणिक३म् अर्थ७न स्थिर०न ।	0x0288ce3b	divw t3,a7,s0
भागःॱअ३२ क्षणिक३म् क्षणिक३न क्षणिक२न ।	0x027e4e3b	divw t3,t3,t2
भागःॱअ३२ क्षणिक६म् शून्यःन क्षणिक०न ।	0x02504fbb	divw t6,zero,t0
भागःॱअ३२ क्षणिक६म् स्तूपसूचकःन स्तूपसूचकःन ।	0x02214fbb	divw t6,sp,sp
भागःॱअ३२ क्षणिक६म् क्षणिक२न पुनःस्थानम्न ।	0x0213cfbb	divw t6,t2,ra
भागःॱअ३२ क्षणिक६म् स्थिर१न शून्यःन ।	0x0204cfbb	divw t6,s1,zero
भागःॱअ३२ क्षणिक६म् अर्थ०न क्षणिक६न ।	0x03f54fbb	divw t6,a0,t6
भागःॱअ३२ क्षणिक६म् स्थिर११न क्षणिक३न ।	0x03cdcfbb	divw t6,s11,t3
भागःॱअ३२ क्षणिक६म् क्षणिक६न स्थिर११न ।	0x03bfcfbb	divw t6,t6,s11
शेषःॱअ३२ शून्यःम् शून्यःन शून्यःन ।	0x0200603b	remw zero,zero,zero
शेषःॱअ३२ शून्यःम् पुनःस्थानम्न क्षणिक६न ।	0x03f0e03b	remw zero,ra,t6
शेषःॱअ३२ शून्यःम् क्षणिक०न क्षणिक३न ।	0x03c2e03b	remw zero,t0,t3
शेषःॱअ३२ शून्यःम् स्थिर०न स्थिर११न ।	0x03b4603b	remw zero,s0,s11
शेषःॱअ३२ शून्यःम् अर्थ०न अर्थ७न ।	0x0315603b	remw zero,a0,a7
शेषःॱअ३२ शून्यःम् स्थिर११न अर्थ०न ।	0x02ade03b	remw zero,s11,a0
शेषःॱअ३२ शून्यःम् क्षणिक६न स्थिर१न ।	0x029fe03b	remw zero,t6,s1
शेषःॱअ३२ पुनःस्थानम्म् पुनःस्थानम्न स्थिर०न ।	0x0280e0bb	remw ra,ra,s0
शेषःॱअ३२ पुनःस्थानम्म् क्षणिक०न क्षणिक२न ।	0x0272e0bb	remw ra,t0,t2
शेषःॱअ३२ पुनःस्थानम्म् स्थिर०न क्षणिक०न ।	0x025460bb	remw ra,s0,t0
शेषःॱअ३२ पुनःस्थानम्म् अर्थ०न स्तूपसूचकःन ।	0x022560bb	remw ra,a0,sp
शेषःॱअ३२ पुनःस्थानम्म् स्थिर११न पुनःस्थानम्न ।	0x021de0bb	remw ra,s11,ra
शेषःॱअ३२ पुनःस्थानम्म् क्षणिक६न शून्यःन ।	0x020fe0bb	remw ra,t6,zero
शेषःॱअ३२ स्तूपसूचकःम् शून्यःन क्षणिक६न ।	0x03f0613b	remw sp,zero,t6
शेषःॱअ३२ स्तूपसूचकःम् स्तूपसूचकःन क्षणिक३न ।	0x03c1613b	remw sp,sp,t3
शेषःॱअ३२ स्तूपसूचकःम् क्षणिक२न स्थिर११न ।	0x03b3e13b	remw sp,t2,s11
शेषःॱअ३२ स्तूपसूचकःम् स्थिर१न अर्थ७न ।	0x0314e13b	remw sp,s1,a7
शेषःॱअ३२ स्तूपसूचकःम् अर्थ७न अर्थ०न ।	0x02a8e13b	remw sp,a7,a0
शेषःॱअ३२ स्तूपसूचकःम् क्षणिक३न स्थिर१न ।	0x029e613b	remw sp,t3,s1
शेषःॱअ३२ क्षणिक०म् शून्यःन स्थिर०न ।	0x028062bb	remw t0,zero,s0
शेषःॱअ३२ क्षणिक०म् स्तूपसूचकःन क्षणिक२न ।	0x027162bb	remw t0,sp,t2
शेषःॱअ३२ क्षणिक०म् क्षणिक२न क्षणिक०न ।	0x0253e2bb	remw t0,t2,t0
शेषःॱअ३२ क्षणिक०म् स्थिर१न स्तूपसूचकःन ।	0x0224e2bb	remw t0,s1,sp
शेषःॱअ३२ क्षणिक०म् अर्थ७न पुनःस्थानम्न ।	0x0218e2bb	remw t0,a7,ra
शेषःॱअ३२ क्षणिक०म् क्षणिक३न शून्यःन ।	0x020e62bb	remw t0,t3,zero
शेषःॱअ३२ क्षणिक०म् क्षणिक६न क्षणिक६न ।	0x03ffe2bb	remw t0,t6,t6
शेषःॱअ३२ क्षणिक२म् पुनःस्थानम्न क्षणिक३न ।	0x03c0e3bb	remw t2,ra,t3
शेषःॱअ३२ क्षणिक२म् क्षणिक०न स्थिर११न ।	0x03b2e3bb	remw t2,t0,s11
शेषःॱअ३२ क्षणिक२म् स्थिर०न अर्थ७न ।	0x031463bb	remw t2,s0,a7
शेषःॱअ३२ क्षणिक२म् अर्थ०न अर्थ०न ।	0x02a563bb	remw t2,a0,a0
शेषःॱअ३२ क्षणिक२म् स्थिर११न स्थिर१न ।	0x029de3bb	remw t2,s11,s1
शेषःॱअ३२ क्षणिक२म् क्षणिक६न स्थिर०न ।	0x028fe3bb	remw t2,t6,s0
शेषःॱअ३२ स्थिर०म् पुनःस्थानम्न क्षणिक२न ।	0x0270e43b	remw s0,ra,t2
शेषःॱअ३२ स्थिर०म् क्षणिक०न क्षणिक०न ।	0x0252e43b	remw s0,t0,t0
शेषःॱअ३२ स्थिर०म् स्थिर०न स्तूपसूचकःन ।	0x0224643b	remw s0,s0,sp
शेषःॱअ३२ स्थिर०म् अर्थ०न पुनःस्थानम्न ।	0x0215643b	remw s0,a0,ra
शेषःॱअ३२ स्थिर०म् स्थिर११न शून्यःन ।	0x020de43b	remw s0,s11,zero
शेषःॱअ३२ स्थिर०म् क्षणिक३न क्षणिक६न ।	0x03fe643b	remw s0,t3,t6
शेषःॱअ३२ स्थिर१म् शून्यःन क्षणिक३न ।	0x03c064bb	remw s1,zero,t3
शेषःॱअ३२ स्थिर१म् स्तूपसूचकःन स्थिर११न ।	0x03b164bb	remw s1,sp,s11
शेषःॱअ३२ स्थिर१म् क्षणिक२न अर्थ७न ।	0x0313e4bb	remw s1,t2,a7
शेषःॱअ३२ स्थिर१म् स्थिर१न अर्थ०न ।	0x02a4e4bb	remw s1,s1,a0
शेषःॱअ३२ स्थिर१म् अर्थ७न स्थिर१न ।	0x0298e4bb	remw s1,a7,s1
शेषःॱअ३२ स्थिर१म् क्षणिक३न स्थिर०न ।	0x028e64bb	remw s1,t3,s0
शेषःॱअ३२ अर्थ०म् शून्यःन क्षणिक२न ।	0x0270653b	remw a0,zero,t2
शेषःॱअ३२ अर्थ०म् स्तूपसूचकःन क्षणिक०न ।	0x0251653b	remw a0,sp,t0
शेषःॱअ३२ अर्थ०म् क्षणिक२न स्तूपसूचकःन ।	0x0223e53b	remw a0,t2,sp
शेषःॱअ३२ अर्थ०म् स्थिर१न पुनःस्थानम्न ।	0x0214e53b	remw a0,s1,ra
शेषःॱअ३२ अर्थ०म् अर्थ७न शून्यःन ।	0x0208e53b	remw a0,a7,zero
शेषःॱअ३२ अर्थ०म् स्थिर११न क्षणिक६न ।	0x03fde53b	remw a0,s11,t6
शेषःॱअ३२ अर्थ०म् क्षणिक६न क्षणिक३न ।	0x03cfe53b	remw a0,t6,t3
शेषःॱअ३२ अर्थ७म् पुनःस्थानम्न स्थिर११न ।	0x03b0e8bb	remw a7,ra,s11
शेषःॱअ३२ अर्थ७म् क्षणिक०न अर्थ७न ।	0x0312e8bb	remw a7,t0,a7
शेषःॱअ३२ अर्थ७म् स्थिर०न अर्थ०न ।	0x02a468bb	remw a7,s0,a0
शेषःॱअ३२ अर्थ७म् अर्थ०न स्थिर१न ।	0x029568bb	remw a7,a0,s1
शेषःॱअ३२ अर्थ७म् स्थिर११न स्थिर०न ।	0x028de8bb	remw a7,s11,s0
शेषःॱअ३२ अर्थ७म् क्षणिक६न क्षणिक२न ।	0x027fe8bb	remw a7,t6,t2
शेषःॱअ३२ स्थिर११म् पुनःस्थानम्न क्षणिक०न ।	0x0250edbb	remw s11,ra,t0
शेषःॱअ३२ स्थिर११म् क्षणिक०न स्तूपसूचकःन ।	0x0222edbb	remw s11,t0,sp
शेषःॱअ३२ स्थिर११म् स्थिर०न पुनःस्थानम्न ।	0x02146dbb	remw s11,s0,ra
शेषःॱअ३२ स्थिर११म् अर्थ०न शून्यःन ।	0x02056dbb	remw s11,a0,zero
शेषःॱअ३२ स्थिर११म् अर्थ७न क्षणिक६न ।	0x03f8edbb	remw s11,a7,t6
शेषःॱअ३२ स्थिर११म् क्षणिक३न क्षणिक३न ।	0x03ce6dbb	remw s11,t3,t3
शेषःॱअ३२ क्षणिक३म् शून्यःन स्थिर११न ।	0x03b06e3b	remw t3,zero,s11
शेषःॱअ३२ क्षणिक३म् स्तूपसूचकःन अर्थ७न ।	0x03116e3b	remw t3,sp,a7
शेषःॱअ३२ क्षणिक३म् क्षणिक२न अर्थ०न ।	0x02a3ee3b	remw t3,t2,a0
शेषःॱअ३२ क्षणिक३म् स्थिर१न स्थिर१न ।	0x0294ee3b	remw t3,s1,s1
शेषःॱअ३२ क्षणिक३म् अर्थ७न स्थिर०न ।	0x0288ee3b	remw t3,a7,s0
शेषःॱअ३२ क्षणिक३म् क्षणिक३न क्षणिक२न ।	0x027e6e3b	remw t3,t3,t2
शेषःॱअ३२ क्षणिक६म् शून्यःन क्षणिक०न ।	0x02506fbb	remw t6,zero,t0
शेषःॱअ३२ क्षणिक६म् स्तूपसूचकःन स्तूपसूचकःन ।	0x02216fbb	remw t6,sp,sp
शेषःॱअ३२ क्षणिक६म् क्षणिक२न पुनःस्थानम्न ।	0x0213efbb	remw t6,t2,ra
शेषःॱअ३२ क्षणिक६म् स्थिर१न शून्यःन ।	0x0204efbb	remw t6,s1,zero
शेषःॱअ३२ क्षणिक६म् अर्थ०न क्षणिक६न ।	0x03f56fbb	remw t6,a0,t6
शेषःॱअ३२ क्षणिक६म् स्थिर११न क्षणिक३न ।	0x03cdefbb	remw t6,s11,t3
शेषःॱअ३२ क्षणिक६म् क्षणिक६न स्थिर११न ।	0x03bfefbb	remw t6,t6,s11
अचिह्नभागःॱन३२ शून्यःम् शून्यःन शून्यःन ।	0x0200503b	divuw zero,zero,zero
अचिह्नभागःॱन३२ शून्यःम् पुनःस्थानम्न क्षणिक६न ।	0x03f0d03b	divuw zero,ra,t6
अचिह्नभागःॱन३२ शून्यःम् क्षणिक०न क्षणिक३न ।	0x03c2d03b	divuw zero,t0,t3
अचिह्नभागःॱन३२ शून्यःम् स्थिर०न स्थिर११न ।	0x03b4503b	divuw zero,s0,s11
अचिह्नभागःॱन३२ शून्यःम् अर्थ०न अर्थ७न ।	0x0315503b	divuw zero,a0,a7
अचिह्नभागःॱन३२ शून्यःम् स्थिर११न अर्थ०न ।	0x02add03b	divuw zero,s11,a0
अचिह्नभागःॱन३२ शून्यःम् क्षणिक६न स्थिर१न ।	0x029fd03b	divuw zero,t6,s1
अचिह्नभागःॱन३२ पुनःस्थानम्म् पुनःस्थानम्न स्थिर०न ।	0x0280d0bb	divuw ra,ra,s0
अचिह्नभागःॱन३२ पुनःस्थानम्म् क्षणिक०न क्षणिक२न ।	0x0272d0bb	divuw ra,t0,t2
अचिह्नभागःॱन३२ पुनःस्थानम्म् स्थिर०न क्षणिक०न ।	0x025450bb	divuw ra,s0,t0
अचिह्नभागःॱन३२ पुनःस्थानम्म् अर्थ०न स्तूपसूचकःन ।	0x022550bb	divuw ra,a0,sp
अचिह्नभागःॱन३२ पुनःस्थानम्म् स्थिर११न पुनःस्थानम्न ।	0x021dd0bb	divuw ra,s11,ra
अचिह्नभागःॱन३२ पुनःस्थानम्म् क्षणिक६न शून्यःन ।	0x020fd0bb	divuw ra,t6,zero
अचिह्नभागःॱन३२ स्तूपसूचकःम् शून्यःन क्षणिक६न ।	0x03f0513b	divuw sp,zero,t6
अचिह्नभागःॱन३२ स्तूपसूचकःम् स्तूपसूचकःन क्षणिक३न ।	0x03c1513b	divuw sp,sp,t3
अचिह्नभागःॱन३२ स्तूपसूचकःम् क्षणिक२न स्थिर११न ।	0x03b3d13b	divuw sp,t2,s11
अचिह्नभागःॱन३२ स्तूपसूचकःम् स्थिर१न अर्थ७न ।	0x0314d13b	divuw sp,s1,a7
अचिह्नभागःॱन३२ स्तूपसूचकःम् अर्थ७न अर्थ०न ।	0x02a8d13b	divuw sp,a7,a0
अचिह्नभागःॱन३२ स्तूपसूचकःम् क्षणिक३न स्थिर१न ।	0x029e513b	divuw sp,t3,s1
अचिह्नभागःॱन३२ क्षणिक०म् शून्यःन स्थिर०न ।	0x028052bb	divuw t0,zero,s0
अचिह्नभागःॱन३२ क्षणिक०म् स्तूपसूचकःन क्षणिक२न ।	0x027152bb	divuw t0,sp,t2
अचिह्नभागःॱन३२ क्षणिक०म् क्षणिक२न क्षणिक०न ।	0x0253d2bb	divuw t0,t2,t0
अचिह्नभागःॱन३२ क्षणिक०म् स्थिर१न स्तूपसूचकःन ।	0x0224d2bb	divuw t0,s1,sp
अचिह्नभागःॱन३२ क्षणिक०म् अर्थ७न पुनःस्थानम्न ।	0x0218d2bb	divuw t0,a7,ra
अचिह्नभागःॱन३२ क्षणिक०म् क्षणिक३न शून्यःन ।	0x020e52bb	divuw t0,t3,zero
अचिह्नभागःॱन३२ क्षणिक०म् क्षणिक६न क्षणिक६न ।	0x03ffd2bb	divuw t0,t6,t6
अचिह्नभागःॱन३२ क्षणिक२म् पुनःस्थानम्न क्षणिक३न ।	0x03c0d3bb	divuw t2,ra,t3
अचिह्नभागःॱन३२ क्षणिक२म् क्षणिक०न स्थिर११न ।	0x03b2d3bb	divuw t2,t0,s11
अचिह्नभागःॱन३२ क्षणिक२म् स्थिर०न अर्थ७न ।	0x031453bb	divuw t2,s0,a7
अचिह्नभागःॱन३२ क्षणिक२म् अर्थ०न अर्थ०न ।	0x02a553bb	divuw t2,a0,a0
अचिह्नभागःॱन३२ क्षणिक२म् स्थिर११न स्थिर१न ।	0x029dd3bb	divuw t2,s11,s1
अचिह्नभागःॱन३२ क्षणिक२म् क्षणिक६न स्थिर०न ।	0x028fd3bb	divuw t2,t6,s0
अचिह्नभागःॱन३२ स्थिर०म् पुनःस्थानम्न क्षणिक२न ।	0x0270d43b	divuw s0,ra,t2
अचिह्नभागःॱन३२ स्थिर०म् क्षणिक०न क्षणिक०न ।	0x0252d43b	divuw s0,t0,t0
अचिह्नभागःॱन३२ स्थिर०म् स्थिर०न स्तूपसूचकःन ।	0x0224543b	divuw s0,s0,sp
अचिह्नभागःॱन३२ स्थिर०म् अर्थ०न पुनःस्थानम्न ।	0x0215543b	divuw s0,a0,ra
अचिह्नभागःॱन३२ स्थिर०म् स्थिर११न शून्यःन ।	0x020dd43b	divuw s0,s11,zero
अचिह्नभागःॱन३२ स्थिर०म् क्षणिक३न क्षणिक६न ।	0x03fe543b	divuw s0,t3,t6
अचिह्नभागःॱन३२ स्थिर१म् शून्यःन क्षणिक३न ।	0x03c054bb	divuw s1,zero,t3
अचिह्नभागःॱन३२ स्थिर१म् स्तूपसूचकःन स्थिर११न ।	0x03b154bb	divuw s1,sp,s11
अचिह्नभागःॱन३२ स्थिर१म् क्षणिक२न अर्थ७न ।	0x0313d4bb	divuw s1,t2,a7
अचिह्नभागःॱन३२ स्थिर१म् स्थिर१न अर्थ०न ।	0x02a4d4bb	divuw s1,s1,a0
अचिह्नभागःॱन३२ स्थिर१म् अर्थ७न स्थिर१न ।	0x0298d4bb	divuw s1,a7,s1
अचिह्नभागःॱन३२ स्थिर१म् क्षणिक३न स्थिर०न ।	0x028e54bb	divuw s1,t3,s0
अचिह्नभागःॱन३२ अर्थ०म् शून्यःन क्षणिक२न ।	0x0270553b	divuw a0,zero,t2
अचिह्नभागःॱन३२ अर्थ०म् स्तूपसूचकःन क्षणिक०न ।	0x0251553b	divuw a0,sp,t0
अचिह्नभागःॱन३२ अर्थ०म् क्षणिक२न स्तूपसूचकःन ।	0x0223d53b	divuw a0,t2,sp
अचिह्नभागःॱन३२ अर्थ०म् स्थिर१न पुनःस्थानम्न ।	0x0214d53b	divuw a0,s1,ra
अचिह्नभागःॱन३२ अर्थ०म् अर्थ७न शून्यःन ।	0x0208d53b	divuw a0,a7,zero
अचिह्नभागःॱन३२ अर्थ०म् स्थिर११न क्षणिक६न ।	0x03fdd53b	divuw a0,s11,t6
अचिह्नभागःॱन३२ अर्थ०म् क्षणिक६न क्षणिक३न ।	0x03cfd53b	divuw a0,t6,t3
अचिह्नभागःॱन३२ अर्थ७म् पुनःस्थानम्न स्थिर११न ।	0x03b0d8bb	divuw a7,ra,s11
अचिह्नभागःॱन३२ अर्थ७म् क्षणिक०न अर्थ७न ।	0x0312d8bb	divuw a7,t0,a7
अचिह्नभागःॱन३२ अर्थ७म् स्थिर०न अर्थ०न ।	0x02a458bb	divuw a7,s0,a0
अचिह्नभागःॱन३२ अर्थ७म् अर्थ०न स्थिर१न ।	0x029558bb	divuw a7,a0,s1
अचिह्नभागःॱन३२ अर्थ७म् स्थिर११न स्थिर०न ।	0x028dd8bb	divuw a7,s11,s0
अचिह्नभागःॱन३२ अर्थ७म् क्षणिक६न क्षणिक२न ।	0x027fd8bb	divuw a7,t6,t2
अचिह्नभागःॱन३२ स्थिर११म् पुनःस्थानम्न क्षणिक०न ।	0x0250ddbb	divuw s11,ra,t0
अचिह्नभागःॱन३२ स्थिर११म् क्षणिक०न स्तूपसूचकःन ।	0x0222ddbb	divuw s11,t0,sp
अचिह्नभागःॱन३२ स्थिर११म् स्थिर०न पुनःस्थानम्न ।	0x02145dbb	divuw s11,s0,ra
अचिह्नभागःॱन३२ स्थिर११म् अर्थ०न शून्यःन ।	0x02055dbb	divuw s11,a0,zero
अचिह्नभागःॱन३२ स्थिर११म् अर्थ७न क्षणिक६न ।	0x03f8ddbb	divuw s11,a7,t6
अचिह्नभागःॱन३२ स्थिर११म् क्षणिक३न क्षणिक३न ।	0x03ce5dbb	divuw s11,t3,t3
अचिह्नभागःॱन३२ क्षणिक३म् शून्यःन स्थिर११न ।	0x03b05e3b	divuw t3,zero,s11
अचिह्नभागःॱन३२ क्षणिक३म् स्तूपसूचकःन अर्थ७न ।	0x03115e3b	divuw t3,sp,a7
अचिह्नभागःॱन३२ क्षणिक३म् क्षणिक२न अर्थ०न ।	0x02a3de3b	divuw t3,t2,a0
अचिह्नभागःॱन३२ क्षणिक३म् स्थिर१न स्थिर१न ।	0x0294de3b	divuw t3,s1,s1
अचिह्नभागःॱन३२ क्षणिक३म् अर्थ७न स्थिर०न ।	0x0288de3b	divuw t3,a7,s0
अचिह्नभागःॱन३२ क्षणिक३म् क्षणिक३न क्षणिक२न ।	0x027e5e3b	divuw t3,t3,t2
अचिह्नभागःॱन३२ क्षणिक६म् शून्यःन क्षणिक०न ।	0x02505fbb	divuw t6,zero,t0
अचिह्नभागःॱन३२ क्षणिक६म् स्तूपसूचकःन स्तूपसूचकःन ।	0x02215fbb	divuw t6,sp,sp
अचिह्नभागःॱन३२ क्षणिक६म् क्षणिक२न पुनःस्थानम्न ।	0x0213dfbb	divuw t6,t2,ra
अचिह्नभागःॱन३२ क्षणिक६म् स्थिर१न शून्यःन ।	0x0204dfbb	divuw t6,s1,zero
अचिह्नभागःॱन३२ क्षणिक६म् अर्थ०न क्षणिक६न ।	0x03f55fbb	divuw t6,a0,t6
अचिह्नभागःॱन३२ क्षणिक६म् स्थिर११न क्षणिक३न ।	0x03cddfbb	divuw t6,s11,t3
अचिह्नभागःॱन३२ क्षणिक६म् क्षणिक६न स्थिर११न ।	0x03bfdfbb	divuw t6,t6,s11
अचिह्नशेषःॱन३२ शून्यःम् शून्यःन शून्यःन ।	0x0200703b	remuw zero,zero,zero
अचिह्नशेषःॱन३२ शून्यःम् पुनःस्थानम्न क्षणिक६न ।	0x03f0f03b	remuw zero,ra,t6
अचिह्नशेषःॱन३२ शून्यःम् क्षणिक०न क्षणिक३न ।	0x03c2f03b	remuw zero,t0,t3
अचिह्नशेषःॱन३२ शून्यःम् स्थिर०न स्थिर११न ।	0x03b4703b	remuw zero,s0,s11
अचिह्नशेषःॱन३२ शून्यःम् अर्थ०न अर्थ७न ।	0x0315703b	remuw zero,a0,a7
अचिह्नशेषःॱन३२ शून्यःम् स्थिर११न अर्थ०न ।	0x02adf03b	remuw zero,s11,a0
अचिह्नशेषःॱन३२ शून्यःम् क्षणिक६न स्थिर१न ।	0x029ff03b	remuw zero,t6,s1
अचिह्नशेषःॱन३२ पुनःस्थानम्म् पुनःस्थानम्न स्थिर०न ।	0x0280f0bb	remuw ra,ra,s0
अचिह्नशेषःॱन३२ पुनःस्थानम्म् क्षणिक०न क्षणिक२न ।	0x0272f0bb	remuw ra,t0,t2
अचिह्नशेषःॱन३२ पुनःस्थानम्म् स्थिर०न क्षणिक०न ।	0x025470bb	remuw ra,s0,t0
अचिह्नशेषःॱन३२ पुनःस्थानम्म् अर्थ०न स्तूपसूचकःन ।	0x022570bb	remuw ra,a0,sp
अचिह्नशेषःॱन३२ पुनःस्थानम्म् स्थिर११न पुनःस्थानम्न ।	0x021df0bb	remuw ra,s11,ra
अचिह्नशेषःॱन३२ पुनःस्थानम्म् क्षणिक६न शून्यःन ।	0x020ff0bb	remuw ra,t6,zero
अचिह्नशेषःॱन३२ स्तूपसूचकःम् शून्यःन क्षणिक६न ।	0x03f0713b	remuw sp,zero,t6
अचिह्नशेषःॱन३२ स्तूपसूचकःम् स्तूपसूचकःन क्षणिक३न ।	0x03c1713b	remuw sp,sp,t3
अचिह्नशेषःॱन३२ स्तूपसूचकःम् क्षणिक२न स्थिर११न ।	0x03b3f13b	remuw sp,t2,s11
अचिह्नशेषःॱन३२ स्तूपसूचकःम् स्थिर१न अर्थ७न ।	0x0314f13b	remuw sp,s1,a7
अचिह्नशेषःॱन३२ स्तूपसूचकःम् अर्थ७न अर्थ०न ।	0x02a8f13b	remuw sp,a7,a0
अचिह्नशेषःॱन३२ स्तूपसूचकःम् क्षणिक३न स्थिर१न ।	0x029e713b	remuw sp,t3,s1
अचिह्नशेषःॱन३२ क्षणिक०म् शून्यःन स्थिर०न ।	0x028072bb	remuw t0,zero,s0
अचिह्नशेषःॱन३२ क्षणिक०म् स्तूपसूचकःन क्षणिक२न ।	0x027172bb	remuw t0,sp,t2
अचिह्नशेषःॱन३२ क्षणिक०म् क्षणिक२न क्षणिक०न ।	0x0253f2bb	remuw t0,t2,t0
अचिह्नशेषःॱन३२ क्षणिक०म् स्थिर१न स्तूपसूचकःन ।	0x0224f2bb	remuw t0,s1,sp
अचिह्नशेषःॱन३२ क्षणिक०म् अर्थ७न पुनःस्थानम्न ।	0x0218f2bb	remuw t0,a7,ra
अचिह्नशेषःॱन३२ क्षणिक०म् क्षणिक३न शून्यःन ।	0x020e72bb	remuw t0,t3,zero
अचिह्नशेषःॱन३२ क्षणिक०म् क्षणिक६न क्षणिक६न ।	0x03fff2bb	remuw t0,t6,t6
अचिह्नशेषःॱन३२ क्षणिक२म् पुनःस्थानम्न क्षणिक३न ।	0x03c0f3bb	remuw t2,ra,t3
अचिह्नशेषःॱन३२ क्षणिक२म् क्षणिक०न स्थिर११न ।	0x03b2f3bb	remuw t2,t0,s11
अचिह्नशेषःॱन३२ क्षणिक२म् स्थिर०न अर्थ७न ।	0x031473bb	remuw t2,s0,a7
अचिह्नशेषःॱन३२ क्षणिक२म् अर्थ०न अर्थ०न ।	0x02a573bb	remuw t2,a0,a0
अचिह्नशेषःॱन३२ क्षणिक२म् स्थिर११न स्थिर१न ।	0x029df3bb	remuw t2,s11,s1
अचिह्नशेषःॱन३२ क्षणिक२म् क्षणिक६न स्थिर०न ।	0x028ff3bb	remuw t2,t6,s0
अचिह्नशेषःॱन३२ स्थिर०म् पुनःस्थानम्न क्षणिक२न ।	0x0270f43b	remuw s0,ra,t2
अचिह्नशेषःॱन३२ स्थिर०म् क्षणिक०न क्षणिक०न ।	0x0252f43b	remuw s0,t0,t0
अचिह्नशेषःॱन३२ स्थिर०म् स्थिर०न स्तूपसूचकःन ।	0x0224743b	remuw s0,s0,sp
अचिह्नशेषःॱन३२ स्थिर०म् अर्थ०न पुनःस्थानम्न ।	0x0215743b	remuw s0,a0,ra
अचिह्नशेषःॱन३२ स्थिर०म् स्थिर११न शून्यःन ।	0x020df43b	remuw s0,s11,zero
अचिह्नशेषःॱन३२ स्थिर०म् क्षणिक३न क्षणिक६न ।	0x03fe743b	remuw s0,t3,t6
अचिह्नशेषःॱन३२ स्थिर१म् शून्यःन क्षणिक३न ।	0x03c074bb	remuw s1,zero,t3
अचिह्नशेषःॱन३२ स्थिर१म् स्तूपसूचकःन स्थिर११न ।	0x03b174bb	remuw s1,sp,s11
अचिह्नशेषःॱन३२ स्थिर१म् क्षणिक२न अर्थ७न ।	0x0313f4bb	remuw s1,t2,a7
अचिह्नशेषःॱन३२ स्थिर१म् स्थिर१न अर्थ०न ।	0x02a4f4bb	remuw s1,s1,a0
अचिह्नशेषःॱन३२ स्थिर१म् अर्थ७न स्थिर१न ।	0x0298f4bb	remuw s1,a7,s1
अचिह्नशेषःॱन३२ स्थिर१म् क्षणिक३न स्थिर०न ।	0x028e74bb	remuw s1,t3,s0
अचिह्नशेषःॱन३२ अर्थ०म् शून्यःन क्षणिक२न ।	0x0270753b	remuw a0,zero,t2
अचिह्नशेषःॱन३२ अर्थ०म् स्तूपसूचकःन क्षणिक०न ।	0x0251753b	remuw a0,sp,t0
अचिह्नशेषःॱन३२ अर्थ०म् क्षणिक२न स्तूपसूचकःन ।	0x0223f53b	remuw a0,t2,sp
अचिह्नशेषःॱन३२ अर्थ०म् स्थिर१न पुनःस्थानम्न ।	0x0214f53b	remuw a0,s1,ra
अचिह्नशेषःॱन३२ अर्थ०म् अर्थ७न शून्यःन ।	0x0208f53b	remuw a0,a7,zero
अचिह्नशेषःॱन३२ अर्थ०म् स्थिर११न क्षणिक६न ।	0x03fdf53b	remuw a0,s11,t6
अचिह्नशेषःॱन३२ अर्थ०म् क्षणिक६न क्षणिक३न ।	0x03cff53b	remuw a0,t6,t3
अचिह्नशेषःॱन३२ अर्थ७म् पुनःस्थानम्न स्थिर११न ।	0x03b0f8bb	remuw a7,ra,s11
अचिह्नशेषःॱन३२ अर्थ७म् क्षणिक०न अर्थ७न ।	0x0312f8bb	remuw a7,t0,a7
अचिह्नशेषःॱन३२ अर्थ७म् स्थिर०न अर्थ०न ।	0x02a478bb	remuw a7,s0,a0
अचिह्नशेषःॱन३२ अर्थ७म् अर्थ०न स्थिर१न ।	0x029578bb	remuw a7,a0,s1
अचिह्नशेषःॱन३२ अर्थ७म् स्थिर११न स्थिर०न ।	0x028df8bb	remuw a7,s11,s0
अचिह्नशेषःॱन३२ अर्थ७म् क्षणिक६न क्षणिक२न ।	0x027ff8bb	remuw a7,t6,t2
अचिह्नशेषःॱन३२ स्थिर११म् पुनःस्थानम्न क्षणिक०न ।	0x0250fdbb	remuw s11,ra,t0
अचिह्नशेषःॱन३२ स्थिर११म् क्षणिक०न स्तूपसूचकःन ।	0x0222fdbb	remuw s11,t0,sp
अचिह्नशेषःॱन३२ स्थिर११म् स्थिर०न पुनःस्थानम्न ।	0x02147dbb	remuw s11,s0,ra
अचिह्नशेषःॱन३२ स्थिर११म् अर्थ०न शून्यःन ।	0x02057dbb	remuw s11,a0,zero
अचिह्नशेषःॱन३२ स्थिर११म् अर्थ७न क्षणिक६न ।	0x03f8fdbb	remuw s11,a7,t6
अचिह्नशेषःॱन३२ स्थिर११म् क्षणिक३न क्षणिक३न ।	0x03ce7dbb	remuw s11,t3,t3
अचिह्नशेषःॱन३२ क्षणिक३म् शून्यःन स्थिर११न ।	0x03b07e3b	remuw t3,zero,s11
अचिह्नशेषःॱन३२ क्षणिक३म् स्तूपसूचकःन अर्थ७न ।	0x03117e3b	remuw t3,sp,a7
अचिह्नशेषःॱन३२ क्षणिक३म् क्षणिक२न अर्थ०न ।	0x02a3fe3b	remuw t3,t2,a0
अचिह्नशेषःॱन३२ क्षणिक३म् स्थिर१न स्थिर१न ।	0x0294fe3b	remuw t3,s1,s1
अचिह्नशेषःॱन३२ क्षणिक३म् अर्थ७न स्थिर०न ।	0x0288fe3b	remuw t3,a7,s0
अचिह्नशेषःॱन३२ क्षणिक३म् क्षणिक३न क्षणिक२न ।	0x027e7e3b	remuw t3,t3,t2
अचिह्नशेषःॱन३२ क्षणिक६म् शून्यःन क्षणिक०न ।	0x02507fbb	remuw t6,zero,t0
अचिह्नशेषःॱन३२ क्षणिक६म् स्तूपसूचकःन स्तूपसूचकःन ।	0x02217fbb	remuw t6,sp,sp
अचिह्नशेषःॱन३२ क्षणिक६म् क्षणिक२न पुनःस्थानम्न ।	0x0213ffbb	remuw t6,t2,ra
अचिह्नशेषःॱन३२ क्षणिक६म् स्थिर१न शून्यःन ।	0x0204ffbb	remuw t6,s1,zero
अचिह्नशेषःॱन३२ क्षणिक६म् अर्थ०न क्षणिक६न ।	0x03f57fbb	remuw t6,a0,t6
अचिह्नशेषःॱन३२ क्षणिक६म् स्थिर११न क्षणिक३न ।	0x03cdffbb	remuw t6,s11,t3
अचिह्नशेषःॱन३२ क्षणिक६म् क्षणिक६न स्थिर११न ।	0x03bfffbb	remuw t6,t6,s11
अचिह्नभागः शून्यःम् शून्यःन शून्यःन ।	0x02005033	divu zero,zero,zero
अचिह्नभागः शून्यःम् स्तूपसूचकःन स्थिर०न ।	0x02815033	divu zero,sp,s0
अचिह्नभागः शून्यःम् क्षणिक२न क्षणिक३न ।	0x03c3d033	divu zero,t2,t3
अचिह्नभागः शून्यःम् अर्थ०न क्षणिक०न ।	0x02555033	divu zero,a0,t0
अचिह्नभागः शून्यःम् स्थिर११न अर्थ७न ।	0x031dd033	divu zero,s11,a7
अचिह्नभागः पुनःस्थानम्म् शून्यःन पुनःस्थानम्न ।	0x021050b3	divu ra,zero,ra
अचिह्नभागः पुनःस्थानम्म् स्तूपसूचकःन स्थिर१न ।	0x029150b3	divu ra,sp,s1
अचिह्नभागः पुनःस्थानम्म् क्षणिक२न क्षणिक६न ।	0x03f3d0b3	divu ra,t2,t6
अचिह्नभागः पुनःस्थानम्म् अर्थ०न क्षणिक२न ।	0x027550b3	divu ra,a0,t2
अचिह्नभागः पुनःस्थानम्म् स्थिर११न स्थिर११न ।	0x03bdd0b3	divu ra,s11,s11
अचिह्नभागः स्तूपसूचकःम् शून्यःन स्तूपसूचकःन ।	0x02205133	divu sp,zero,sp
अचिह्नभागः स्तूपसूचकःम् स्तूपसूचकःन अर्थ०न ।	0x02a15133	divu sp,sp,a0
अचिह्नभागः स्तूपसूचकःम् स्थिर०न शून्यःन ।	0x02045133	divu sp,s0,zero
अचिह्नभागः स्तूपसूचकःम् अर्थ०न स्थिर०न ।	0x02855133	divu sp,a0,s0
अचिह्नभागः स्तूपसूचकःम् स्थिर११न क्षणिक३न ।	0x03cdd133	divu sp,s11,t3
अचिह्नभागः क्षणिक०म् शून्यःन क्षणिक०न ।	0x025052b3	divu t0,zero,t0
अचिह्नभागः क्षणिक०म् स्तूपसूचकःन अर्थ७न ।	0x031152b3	divu t0,sp,a7
अचिह्नभागः क्षणिक०म् स्थिर०न पुनःस्थानम्न ।	0x021452b3	divu t0,s0,ra
अचिह्नभागः क्षणिक०म् अर्थ०न स्थिर१न ।	0x029552b3	divu t0,a0,s1
अचिह्नभागः क्षणिक०म् स्थिर११न क्षणिक६न ।	0x03fdd2b3	divu t0,s11,t6
अचिह्नभागः क्षणिक२म् शून्यःन क्षणिक२न ।	0x027053b3	divu t2,zero,t2
अचिह्नभागः क्षणिक२म् स्तूपसूचकःन स्थिर११न ।	0x03b153b3	divu t2,sp,s11
अचिह्नभागः क्षणिक२म् स्थिर०न स्तूपसूचकःन ।	0x022453b3	divu t2,s0,sp
अचिह्नभागः क्षणिक२म् अर्थ०न अर्थ०न ।	0x02a553b3	divu t2,a0,a0
अचिह्नभागः क्षणिक२म् क्षणिक३न शून्यःन ।	0x020e53b3	divu t2,t3,zero
अचिह्नभागः स्थिर०म् शून्यःन स्थिर०न ।	0x02805433	divu s0,zero,s0
अचिह्नभागः स्थिर०म् स्तूपसूचकःन क्षणिक३न ।	0x03c15433	divu s0,sp,t3
अचिह्नभागः स्थिर०म् स्थिर०न क्षणिक०न ।	0x02545433	divu s0,s0,t0
अचिह्नभागः स्थिर०म् अर्थ०न अर्थ७न ।	0x03155433	divu s0,a0,a7
अचिह्नभागः स्थिर०म् क्षणिक३न पुनःस्थानम्न ।	0x021e5433	divu s0,t3,ra
अचिह्नभागः स्थिर१म् शून्यःन स्थिर१न ।	0x029054b3	divu s1,zero,s1
अचिह्नभागः स्थिर१म् स्तूपसूचकःन क्षणिक६न ।	0x03f154b3	divu s1,sp,t6
अचिह्नभागः स्थिर१म् स्थिर०न क्षणिक२न ।	0x027454b3	divu s1,s0,t2
अचिह्नभागः स्थिर१म् अर्थ०न स्थिर११न ।	0x03b554b3	divu s1,a0,s11
अचिह्नभागः स्थिर१म् क्षणिक३न स्तूपसूचकःन ।	0x022e54b3	divu s1,t3,sp
अचिह्नभागः अर्थ०म् शून्यःन अर्थ०न ।	0x02a05533	divu a0,zero,a0
अचिह्नभागः अर्थ०म् क्षणिक०न शून्यःन ।	0x0202d533	divu a0,t0,zero
अचिह्नभागः अर्थ०म् स्थिर०न स्थिर०न ।	0x02845533	divu a0,s0,s0
अचिह्नभागः अर्थ०म् अर्थ०न क्षणिक३न ।	0x03c55533	divu a0,a0,t3
अचिह्नभागः अर्थ०म् क्षणिक३न क्षणिक०न ।	0x025e5533	divu a0,t3,t0
अचिह्नभागः अर्थ७म् शून्यःन अर्थ७न ।	0x031058b3	divu a7,zero,a7
अचिह्नभागः अर्थ७म् क्षणिक०न पुनःस्थानम्न ।	0x0212d8b3	divu a7,t0,ra
अचिह्नभागः अर्थ७म् स्थिर०न स्थिर१न ।	0x029458b3	divu a7,s0,s1
अचिह्नभागः अर्थ७म् अर्थ०न क्षणिक६न ।	0x03f558b3	divu a7,a0,t6
अचिह्नभागः अर्थ७म् क्षणिक३न क्षणिक२न ।	0x027e58b3	divu a7,t3,t2
अचिह्नभागः स्थिर११म् शून्यःन स्थिर११न ।	0x03b05db3	divu s11,zero,s11
अचिह्नभागः स्थिर११म् क्षणिक०न स्तूपसूचकःन ।	0x0222ddb3	divu s11,t0,sp
अचिह्नभागः स्थिर११म् स्थिर०न अर्थ०न ।	0x02a45db3	divu s11,s0,a0
अचिह्नभागः स्थिर११म् अर्थ७न शून्यःन ।	0x0208ddb3	divu s11,a7,zero
अचिह्नभागः स्थिर११म् क्षणिक३न स्थिर०न ।	0x028e5db3	divu s11,t3,s0
अचिह्नभागः क्षणिक३म् शून्यःन क्षणिक३न ।	0x03c05e33	divu t3,zero,t3
अचिह्नभागः क्षणिक३म् क्षणिक०न क्षणिक०न ।	0x0252de33	divu t3,t0,t0
अचिह्नभागः क्षणिक३म् स्थिर०न अर्थ७न ।	0x03145e33	divu t3,s0,a7
अचिह्नभागः क्षणिक३म् अर्थ७न पुनःस्थानम्न ।	0x0218de33	divu t3,a7,ra
अचिह्नभागः क्षणिक३म् क्षणिक३न स्थिर१न ।	0x029e5e33	divu t3,t3,s1
अचिह्नभागः क्षणिक६म् शून्यःन क्षणिक६न ।	0x03f05fb3	divu t6,zero,t6
अचिह्नभागः क्षणिक६म् क्षणिक०न क्षणिक२न ।	0x0272dfb3	divu t6,t0,t2
अचिह्नभागः क्षणिक६म् स्थिर०न स्थिर११न ।	0x03b45fb3	divu t6,s0,s11
अचिह्नभागः क्षणिक६म् अर्थ७न स्तूपसूचकःन ।	0x0228dfb3	divu t6,a7,sp
अचिह्नभागः क्षणिक६म् क्षणिक३न अर्थ०न ।	0x02ae5fb3	divu t6,t3,a0
अचिह्नशेषः शून्यःम् शून्यःन शून्यःन ।	0x02007033	remu zero,zero,zero
अचिह्नशेषः शून्यःम् स्तूपसूचकःन स्थिर०न ।	0x02817033	remu zero,sp,s0
अचिह्नशेषः शून्यःम् क्षणिक२न क्षणिक३न ।	0x03c3f033	remu zero,t2,t3
अचिह्नशेषः शून्यःम् अर्थ०न क्षणिक०न ।	0x02557033	remu zero,a0,t0
अचिह्नशेषः शून्यःम् स्थिर११न अर्थ७न ।	0x031df033	remu zero,s11,a7
अचिह्नशेषः पुनःस्थानम्म् शून्यःन पुनःस्थानम्न ।	0x021070b3	remu ra,zero,ra
अचिह्नशेषः पुनःस्थानम्म् स्तूपसूचकःन स्थिर१न ।	0x029170b3	remu ra,sp,s1
अचिह्नशेषः पुनःस्थानम्म् क्षणिक२न क्षणिक६न ।	0x03f3f0b3	remu ra,t2,t6
अचिह्नशेषः पुनःस्थानम्म् अर्थ०न क्षणिक२न ।	0x027570b3	remu ra,a0,t2
अचिह्नशेषः पुनःस्थानम्म् स्थिर११न स्थिर११न ।	0x03bdf0b3	remu ra,s11,s11
अचिह्नशेषः स्तूपसूचकःम् शून्यःन स्तूपसूचकःन ।	0x02207133	remu sp,zero,sp
अचिह्नशेषः स्तूपसूचकःम् स्तूपसूचकःन अर्थ०न ।	0x02a17133	remu sp,sp,a0
अचिह्नशेषः स्तूपसूचकःम् स्थिर०न शून्यःन ।	0x02047133	remu sp,s0,zero
अचिह्नशेषः स्तूपसूचकःम् अर्थ०न स्थिर०न ।	0x02857133	remu sp,a0,s0
अचिह्नशेषः स्तूपसूचकःम् स्थिर११न क्षणिक३न ।	0x03cdf133	remu sp,s11,t3
अचिह्नशेषः क्षणिक०म् शून्यःन क्षणिक०न ।	0x025072b3	remu t0,zero,t0
अचिह्नशेषः क्षणिक०म् स्तूपसूचकःन अर्थ७न ।	0x031172b3	remu t0,sp,a7
अचिह्नशेषः क्षणिक०म् स्थिर०न पुनःस्थानम्न ।	0x021472b3	remu t0,s0,ra
अचिह्नशेषः क्षणिक०म् अर्थ०न स्थिर१न ।	0x029572b3	remu t0,a0,s1
अचिह्नशेषः क्षणिक०म् स्थिर११न क्षणिक६न ।	0x03fdf2b3	remu t0,s11,t6
अचिह्नशेषः क्षणिक२म् शून्यःन क्षणिक२न ।	0x027073b3	remu t2,zero,t2
अचिह्नशेषः क्षणिक२म् स्तूपसूचकःन स्थिर११न ।	0x03b173b3	remu t2,sp,s11
अचिह्नशेषः क्षणिक२म् स्थिर०न स्तूपसूचकःन ।	0x022473b3	remu t2,s0,sp
अचिह्नशेषः क्षणिक२म् अर्थ०न अर्थ०न ।	0x02a573b3	remu t2,a0,a0
अचिह्नशेषः क्षणिक२म् क्षणिक३न शून्यःन ।	0x020e73b3	remu t2,t3,zero
अचिह्नशेषः स्थिर०म् शून्यःन स्थिर०न ।	0x02807433	remu s0,zero,s0
अचिह्नशेषः स्थिर०म् स्तूपसूचकःन क्षणिक३न ।	0x03c17433	remu s0,sp,t3
अचिह्नशेषः स्थिर०म् स्थिर०न क्षणिक०न ।	0x02547433	remu s0,s0,t0
अचिह्नशेषः स्थिर०म् अर्थ०न अर्थ७न ।	0x03157433	remu s0,a0,a7
अचिह्नशेषः स्थिर०म् क्षणिक३न पुनःस्थानम्न ।	0x021e7433	remu s0,t3,ra
अचिह्नशेषः स्थिर१म् शून्यःन स्थिर१न ।	0x029074b3	remu s1,zero,s1
अचिह्नशेषः स्थिर१म् स्तूपसूचकःन क्षणिक६न ।	0x03f174b3	remu s1,sp,t6
अचिह्नशेषः स्थिर१म् स्थिर०न क्षणिक२न ।	0x027474b3	remu s1,s0,t2
अचिह्नशेषः स्थिर१म् अर्थ०न स्थिर११न ।	0x03b574b3	remu s1,a0,s11
अचिह्नशेषः स्थिर१म् क्षणिक३न स्तूपसूचकःन ।	0x022e74b3	remu s1,t3,sp
अचिह्नशेषः अर्थ०म् शून्यःन अर्थ०न ।	0x02a07533	remu a0,zero,a0
अचिह्नशेषः अर्थ०म् क्षणिक०न शून्यःन ।	0x0202f533	remu a0,t0,zero
अचिह्नशेषः अर्थ०म् स्थिर०न स्थिर०न ।	0x02847533	remu a0,s0,s0
अचिह्नशेषः अर्थ०म् अर्थ०न क्षणिक३न ।	0x03c57533	remu a0,a0,t3
अचिह्नशेषः अर्थ०म् क्षणिक३न क्षणिक०न ।	0x025e7533	remu a0,t3,t0
अचिह्नशेषः अर्थ७म् शून्यःन अर्थ७न ।	0x031078b3	remu a7,zero,a7
अचिह्नशेषः अर्थ७म् क्षणिक०न पुनःस्थानम्न ।	0x0212f8b3	remu a7,t0,ra
अचिह्नशेषः अर्थ७म् स्थिर०न स्थिर१न ।	0x029478b3	remu a7,s0,s1
अचिह्नशेषः अर्थ७म् अर्थ०न क्षणिक६न ।	0x03f578b3	remu a7,a0,t6
अचिह्नशेषः अर्थ७म् क्षणिक३न क्षणिक२न ।	0x027e78b3	remu a7,t3,t2
अचिह्नशेषः स्थिर११म् शून्यःन स्थिर११न ।	0x03b07db3	remu s11,zero,s11
अचिह्नशेषः स्थिर११म् क्षणिक०न स्तूपसूचकःन ।	0x0222fdb3	remu s11,t0,sp
अचिह्नशेषः स्थिर११म् स्थिर०न अर्थ०न ।	0x02a47db3	remu s11,s0,a0
अचिह्नशेषः स्थिर११म् अर्थ७न शून्यःन ।	0x0208fdb3	remu s11,a7,zero
अचिह्नशेषः स्थिर११म् क्षणिक३न स्थिर०न ।	0x028e7db3	remu s11,t3,s0
अचिह्नशेषः क्षणिक३म् शून्यःन क्षणिक३न ।	0x03c07e33	remu t3,zero,t3
अचिह्नशेषः क्षणिक३म् क्षणिक०न क्षणिक०न ।	0x0252fe33	remu t3,t0,t0
अचिह्नशेषः क्षणिक३म् स्थिर०न अर्थ७न ।	0x03147e33	remu t3,s0,a7
अचिह्नशेषः क्षणिक३म् अर्थ७न पुनःस्थानम्न ।	0x0218fe33	remu t3,a7,ra
अचिह्नशेषः क्षणिक३म् क्षणिक३न स्थिर१न ।	0x029e7e33	remu t3,t3,s1
अचिह्नशेषः क्षणिक६म् शून्यःन क्षणिक६न ।	0x03f07fb3	remu t6,zero,t6
अचिह्नशेषः क्षणिक६म् क्षणिक०न क्षणिक२न ।	0x0272ffb3	remu t6,t0,t2
अचिह्नशेषः क्षणिक६म् स्थिर०न स्थिर११न ।	0x03b47fb3	remu t6,s0,s11
अचिह्नशेषः क्षणिक६म् अर्थ७न स्तूपसूचकःन ।	0x0228ffb3	remu t6,a7,sp
अचिह्नशेषः क्षणिक६म् क्षणिक३न अर्थ०न ।	0x02ae7fb3	remu t6,t3,a0
अचिह्नन्यूनम् शून्यःम् शून्यःन शून्यःन ।	0x00003033	sltu zero,zero,zero
अचिह्नन्यूनम् शून्यःम् स्तूपसूचकःन स्थिर०न ।	0x00813033	sltu zero,sp,s0
अचिह्नन्यूनम् शून्यःम् क्षणिक२न क्षणिक३न ।	0x01c3b033	sltu zero,t2,t3
अचिह्नन्यूनम् शून्यःम् अर्थ०न क्षणिक०न ।	0x00553033	sltu zero,a0,t0
अचिह्नन्यूनम् शून्यःम् स्थिर११न अर्थ७न ।	0x011db033	sltu zero,s11,a7
अचिह्नन्यूनम् पुनःस्थानम्म् शून्यःन पुनःस्थानम्न ।	0x001030b3	sltu ra,zero,ra
अचिह्नन्यूनम् पुनःस्थानम्म् स्तूपसूचकःन स्थिर१न ।	0x009130b3	sltu ra,sp,s1
अचिह्नन्यूनम् पुनःस्थानम्म् क्षणिक२न क्षणिक६न ।	0x01f3b0b3	sltu ra,t2,t6
अचिह्नन्यूनम् पुनःस्थानम्म् अर्थ०न क्षणिक२न ।	0x007530b3	sltu ra,a0,t2
अचिह्नन्यूनम् पुनःस्थानम्म् स्थिर११न स्थिर११न ।	0x01bdb0b3	sltu ra,s11,s11
अचिह्नन्यूनम् स्तूपसूचकःम् शून्यःन स्तूपसूचकःन ।	0x00203133	sltu sp,zero,sp
अचिह्नन्यूनम् स्तूपसूचकःम् स्तूपसूचकःन अर्थ०न ।	0x00a13133	sltu sp,sp,a0
अचिह्नन्यूनम् स्तूपसूचकःम् स्थिर०न शून्यःन ।	0x00043133	sltu sp,s0,zero
अचिह्नन्यूनम् स्तूपसूचकःम् अर्थ०न स्थिर०न ।	0x00853133	sltu sp,a0,s0
अचिह्नन्यूनम् स्तूपसूचकःम् स्थिर११न क्षणिक३न ।	0x01cdb133	sltu sp,s11,t3
अचिह्नन्यूनम् क्षणिक०म् शून्यःन क्षणिक०न ।	0x005032b3	sltu t0,zero,t0
अचिह्नन्यूनम् क्षणिक०म् स्तूपसूचकःन अर्थ७न ।	0x011132b3	sltu t0,sp,a7
अचिह्नन्यूनम् क्षणिक०म् स्थिर०न पुनःस्थानम्न ।	0x001432b3	sltu t0,s0,ra
अचिह्नन्यूनम् क्षणिक०म् अर्थ०न स्थिर१न ।	0x009532b3	sltu t0,a0,s1
अचिह्नन्यूनम् क्षणिक०म् स्थिर११न क्षणिक६न ।	0x01fdb2b3	sltu t0,s11,t6
अचिह्नन्यूनम् क्षणिक२म् शून्यःन क्षणिक२न ।	0x007033b3	sltu t2,zero,t2
अचिह्नन्यूनम् क्षणिक२म् स्तूपसूचकःन स्थिर११न ।	0x01b133b3	sltu t2,sp,s11
अचिह्नन्यूनम् क्षणिक२म् स्थिर०न स्तूपसूचकःन ।	0x002433b3	sltu t2,s0,sp
अचिह्नन्यूनम् क्षणिक२म् अर्थ०न अर्थ०न ।	0x00a533b3	sltu t2,a0,a0
अचिह्नन्यूनम् क्षणिक२म् क्षणिक३न शून्यःन ।	0x000e33b3	sltu t2,t3,zero
अचिह्नन्यूनम् स्थिर०म् शून्यःन स्थिर०न ।	0x00803433	sltu s0,zero,s0
अचिह्नन्यूनम् स्थिर०म् स्तूपसूचकःन क्षणिक३न ।	0x01c13433	sltu s0,sp,t3
अचिह्नन्यूनम् स्थिर०म् स्थिर०न क्षणिक०न ।	0x00543433	sltu s0,s0,t0
अचिह्नन्यूनम् स्थिर०म् अर्थ०न अर्थ७न ।	0x01153433	sltu s0,a0,a7
अचिह्नन्यूनम् स्थिर०म् क्षणिक३न पुनःस्थानम्न ।	0x001e3433	sltu s0,t3,ra
अचिह्नन्यूनम् स्थिर१म् शून्यःन स्थिर१न ।	0x009034b3	sltu s1,zero,s1
अचिह्नन्यूनम् स्थिर१म् स्तूपसूचकःन क्षणिक६न ।	0x01f134b3	sltu s1,sp,t6
अचिह्नन्यूनम् स्थिर१म् स्थिर०न क्षणिक२न ।	0x007434b3	sltu s1,s0,t2
अचिह्नन्यूनम् स्थिर१म् अर्थ०न स्थिर११न ।	0x01b534b3	sltu s1,a0,s11
अचिह्नन्यूनम् स्थिर१म् क्षणिक३न स्तूपसूचकःन ।	0x002e34b3	sltu s1,t3,sp
अचिह्नन्यूनम् अर्थ०म् शून्यःन अर्थ०न ।	0x00a03533	sltu a0,zero,a0
अचिह्नन्यूनम् अर्थ०म् क्षणिक०न शून्यःन ।	0x0002b533	sltu a0,t0,zero
अचिह्नन्यूनम् अर्थ०म् स्थिर०न स्थिर०न ।	0x00843533	sltu a0,s0,s0
अचिह्नन्यूनम् अर्थ०म् अर्थ०न क्षणिक३न ।	0x01c53533	sltu a0,a0,t3
अचिह्नन्यूनम् अर्थ०म् क्षणिक३न क्षणिक०न ।	0x005e3533	sltu a0,t3,t0
अचिह्नन्यूनम् अर्थ७म् शून्यःन अर्थ७न ।	0x011038b3	sltu a7,zero,a7
अचिह्नन्यूनम् अर्थ७म् क्षणिक०न पुनःस्थानम्न ।	0x0012b8b3	sltu a7,t0,ra
अचिह्नन्यूनम् अर्थ७म् स्थिर०न स्थिर१न ।	0x009438b3	sltu a7,s0,s1
अचिह्नन्यूनम् अर्थ७म् अर्थ०न क्षणिक६न ।	0x01f538b3	sltu a7,a0,t6
अचिह्नन्यूनम् अर्थ७म् क्षणिक३न क्षणिक२न ।	0x007e38b3	sltu a7,t3,t2
अचिह्नन्यूनम् स्थिर११म् शून्यःन स्थिर११न ।	0x01b03db3	sltu s11,zero,s11
अचिह्नन्यूनम् स्थिर११म् क्षणिक०न स्तूपसूचकःन ।	0x0022bdb3	sltu s11,t0,sp
अचिह्नन्यूनम् स्थिर११म् स्थिर०न अर्थ०न ।	0x00a43db3	sltu s11,s0,a0
अचिह्नन्यूनम् स्थिर११म् अर्थ७न शून्यःन ।	0x0008bdb3	sltu s11,a7,zero
अचिह्नन्यूनम् स्थिर११म् क्षणिक३न स्थिर०न ।	0x008e3db3	sltu s11,t3,s0
अचिह्नन्यूनम् क्षणिक३म् शून्यःन क्षणिक३न ।	0x01c03e33	sltu t3,zero,t3
अचिह्नन्यूनम् क्षणिक३म् क्षणिक०न क्षणिक०न ।	0x0052be33	sltu t3,t0,t0
अचिह्नन्यूनम् क्षणिक३म् स्थिर०न अर्थ७न ।	0x01143e33	sltu t3,s0,a7
अचिह्नन्यूनम् क्षणिक३म् अर्थ७न पुनःस्थानम्न ।	0x0018be33	sltu t3,a7,ra
अचिह्नन्यूनम् क्षणिक३म् क्षणिक३न स्थिर१न ।	0x009e3e33	sltu t3,t3,s1
अचिह्नन्यूनम् क्षणिक६म् शून्यःन क्षणिक६न ।	0x01f03fb3	sltu t6,zero,t6
अचिह्नन्यूनम् क्षणिक६म् क्षणिक०न क्षणिक२न ।	0x0072bfb3	sltu t6,t0,t2
अचिह्नन्यूनम् क्षणिक६म् स्थिर०न स्थिर११न ।	0x01b43fb3	sltu t6,s0,s11
अचिह्नन्यूनम् क्षणिक६म् अर्थ७न स्तूपसूचकःन ।	0x0028bfb3	sltu t6,a7,sp
अचिह्नन्यूनम् क्षणिक६म् क्षणिक३न अर्थ०न ।	0x00ae3fb3	sltu t6,t3,a0
उपरिगुणनम् शून्यःम् शून्यःन शून्यःन ।	0x02001033	mulh zero,zero,zero
उपरिगुणनम् शून्यःम् स्तूपसूचकःन स्थिर०न ।	0x02811033	mulh zero,sp,s0
उपरिगुणनम् शून्यःम् क्षणिक२न क्षणिक३न ।	0x03c39033	mulh zero,t2,t3
उपरिगुणनम् शून्यःम् अर्थ०न क्षणिक०न ।	0x02551033	mulh zero,a0,t0
उपरिगुणनम् शून्यःम् स्थिर११न अर्थ७न ।	0x031d9033	mulh zero,s11,a7
उपरिगुणनम् पुनःस्थानम्म् शून्यःन पुनःस्थानम्न ।	0x021010b3	mulh ra,zero,ra
उपरिगुणनम् पुनःस्थानम्म् स्तूपसूचकःन स्थिर१न ।	0x029110b3	mulh ra,sp,s1
उपरिगुणनम् पुनःस्थानम्म् क्षणिक२न क्षणिक६न ।	0x03f390b3	mulh ra,t2,t6
उपरिगुणनम् पुनःस्थानम्म् अर्थ०न क्षणिक२न ।	0x027510b3	mulh ra,a0,t2
उपरिगुणनम् पुनःस्थानम्म् स्थिर११न स्थिर११न ।	0x03bd90b3	mulh ra,s11,s11
उपरिगुणनम् स्तूपसूचकःम् शून्यःन स्तूपसूचकःन ।	0x02201133	mulh sp,zero,sp
उपरिगुणनम् स्तूपसूचकःम् स्तूपसूचकःन अर्थ०न ।	0x02a11133	mulh sp,sp,a0
उपरिगुणनम् स्तूपसूचकःम् स्थिर०न शून्यःन ।	0x02041133	mulh sp,s0,zero
उपरिगुणनम् स्तूपसूचकःम् अर्थ०न स्थिर०न ।	0x02851133	mulh sp,a0,s0
उपरिगुणनम् स्तूपसूचकःम् स्थिर११न क्षणिक३न ।	0x03cd9133	mulh sp,s11,t3
उपरिगुणनम् क्षणिक०म् शून्यःन क्षणिक०न ।	0x025012b3	mulh t0,zero,t0
उपरिगुणनम् क्षणिक०म् स्तूपसूचकःन अर्थ७न ।	0x031112b3	mulh t0,sp,a7
उपरिगुणनम् क्षणिक०म् स्थिर०न पुनःस्थानम्न ।	0x021412b3	mulh t0,s0,ra
उपरिगुणनम् क्षणिक०म् अर्थ०न स्थिर१न ।	0x029512b3	mulh t0,a0,s1
उपरिगुणनम् क्षणिक०म् स्थिर११न क्षणिक६न ।	0x03fd92b3	mulh t0,s11,t6
उपरिगुणनम् क्षणिक२म् शून्यःन क्षणिक२न ।	0x027013b3	mulh t2,zero,t2
उपरिगुणनम् क्षणिक२म् स्तूपसूचकःन स्थिर११न ।	0x03b113b3	mulh t2,sp,s11
उपरिगुणनम् क्षणिक२म् स्थिर०न स्तूपसूचकःन ।	0x022413b3	mulh t2,s0,sp
उपरिगुणनम् क्षणिक२म् अर्थ०न अर्थ०न ।	0x02a513b3	mulh t2,a0,a0
उपरिगुणनम् क्षणिक२म् क्षणिक३न शून्यःन ।	0x020e13b3	mulh t2,t3,zero
उपरिगुणनम् स्थिर०म् शून्यःन स्थिर०न ।	0x02801433	mulh s0,zero,s0
उपरिगुणनम् स्थिर०म् स्तूपसूचकःन क्षणिक३न ।	0x03c11433	mulh s0,sp,t3
उपरिगुणनम् स्थिर०म् स्थिर०न क्षणिक०न ।	0x02541433	mulh s0,s0,t0
उपरिगुणनम् स्थिर०म् अर्थ०न अर्थ७न ।	0x03151433	mulh s0,a0,a7
उपरिगुणनम् स्थिर०म् क्षणिक३न पुनःस्थानम्न ।	0x021e1433	mulh s0,t3,ra
उपरिगुणनम् स्थिर१म् शून्यःन स्थिर१न ।	0x029014b3	mulh s1,zero,s1
उपरिगुणनम् स्थिर१म् स्तूपसूचकःन क्षणिक६न ।	0x03f114b3	mulh s1,sp,t6
उपरिगुणनम् स्थिर१म् स्थिर०न क्षणिक२न ।	0x027414b3	mulh s1,s0,t2
उपरिगुणनम् स्थिर१म् अर्थ०न स्थिर११न ।	0x03b514b3	mulh s1,a0,s11
उपरिगुणनम् स्थिर१म् क्षणिक३न स्तूपसूचकःन ।	0x022e14b3	mulh s1,t3,sp
उपरिगुणनम् अर्थ०म् शून्यःन अर्थ०न ।	0x02a01533	mulh a0,zero,a0
उपरिगुणनम् अर्थ०म् क्षणिक०न शून्यःन ।	0x02029533	mulh a0,t0,zero
उपरिगुणनम् अर्थ०म् स्थिर०न स्थिर०न ।	0x02841533	mulh a0,s0,s0
उपरिगुणनम् अर्थ०म् अर्थ०न क्षणिक३न ।	0x03c51533	mulh a0,a0,t3
उपरिगुणनम् अर्थ०म् क्षणिक३न क्षणिक०न ।	0x025e1533	mulh a0,t3,t0
उपरिगुणनम् अर्थ७म् शून्यःन अर्थ७न ।	0x031018b3	mulh a7,zero,a7
उपरिगुणनम् अर्थ७म् क्षणिक०न पुनःस्थानम्न ।	0x021298b3	mulh a7,t0,ra
उपरिगुणनम् अर्थ७म् स्थिर०न स्थिर१न ।	0x029418b3	mulh a7,s0,s1
उपरिगुणनम् अर्थ७म् अर्थ०न क्षणिक६न ।	0x03f518b3	mulh a7,a0,t6
उपरिगुणनम् अर्थ७म् क्षणिक३न क्षणिक२न ।	0x027e18b3	mulh a7,t3,t2
उपरिगुणनम् स्थिर११म् शून्यःन स्थिर११न ।	0x03b01db3	mulh s11,zero,s11
उपरिगुणनम् स्थिर११म् क्षणिक०न स्तूपसूचकःन ।	0x02229db3	mulh s11,t0,sp
उपरिगुणनम् स्थिर११म् स्थिर०न अर्थ०न ।	0x02a41db3	mulh s11,s0,a0
उपरिगुणनम् स्थिर११म् अर्थ७न शून्यःन ।	0x02089db3	mulh s11,a7,zero
उपरिगुणनम् स्थिर११म् क्षणिक३न स्थिर०न ।	0x028e1db3	mulh s11,t3,s0
उपरिगुणनम् क्षणिक३म् शून्यःन क्षणिक३न ।	0x03c01e33	mulh t3,zero,t3
उपरिगुणनम् क्षणिक३म् क्षणिक०न क्षणिक०न ।	0x02529e33	mulh t3,t0,t0
उपरिगुणनम् क्षणिक३म् स्थिर०न अर्थ७न ।	0x03141e33	mulh t3,s0,a7
उपरिगुणनम् क्षणिक३म् अर्थ७न पुनःस्थानम्न ।	0x02189e33	mulh t3,a7,ra
उपरिगुणनम् क्षणिक३म् क्षणिक३न स्थिर१न ।	0x029e1e33	mulh t3,t3,s1
उपरिगुणनम् क्षणिक६म् शून्यःन क्षणिक६न ।	0x03f01fb3	mulh t6,zero,t6
उपरिगुणनम् क्षणिक६म् क्षणिक०न क्षणिक२न ।	0x02729fb3	mulh t6,t0,t2
उपरिगुणनम् क्षणिक६म् स्थिर०न स्थिर११न ।	0x03b41fb3	mulh t6,s0,s11
उपरिगुणनम् क्षणिक६म् अर्थ७न स्तूपसूचकःन ।	0x02289fb3	mulh t6,a7,sp
उपरिगुणनम् क्षणिक६म् क्षणिक३न अर्थ०न ।	0x02ae1fb3	mulh t6,t3,a0
मिश्रोपरिगुणनम् शून्यःम् शून्यःन शून्यःन ।	0x02002033	mulhsu zero,zero,zero
मिश्रोपरिगुणनम् शून्यःम् स्तूपसूचकःन स्थिर०न ।	0x02812033	mulhsu zero,sp,s0
मिश्रोपरिगुणनम् शून्यःम् क्षणिक२न क्षणिक३न ।	0x03c3a033	mulhsu zero,t2,t3
मिश्रोपरिगुणनम् शून्यःम् अर्थ०न क्षणिक०न ।	0x02552033	mulhsu zero,a0,t0
मिश्रोपरिगुणनम् शून्यःम् स्थिर११न अर्थ७न ।	0x031da033	mulhsu zero,s11,a7
मिश्रोपरिगुणनम् पुनःस्थानम्म् शून्यःन पुनःस्थानम्न ।	0x021020b3	mulhsu ra,zero,ra
मिश्रोपरिगुणनम् पुनःस्थानम्म् स्तूपसूचकःन स्थिर१न ।	0x029120b3	mulhsu ra,sp,s1
मिश्रोपरिगुणनम् पुनःस्थानम्म् क्षणिक२न क्षणिक६न ।	0x03f3a0b3	mulhsu ra,t2,t6
मिश्रोपरिगुणनम् पुनःस्थानम्म् अर्थ०न क्षणिक२न ।	0x027520b3	mulhsu ra,a0,t2
मिश्रोपरिगुणनम् पुनःस्थानम्म् स्थिर११न स्थिर११न ।	0x03bda0b3	mulhsu ra,s11,s11
मिश्रोपरिगुणनम् स्तूपसूचकःम् शून्यःन स्तूपसूचकःन ।	0x02202133	mulhsu sp,zero,sp
मिश्रोपरिगुणनम् स्तूपसूचकःम् स्तूपसूचकःन अर्थ०न ।	0x02a12133	mulhsu sp,sp,a0
मिश्रोपरिगुणनम् स्तूपसूचकःम् स्थिर०न शून्यःन ।	0x02042133	mulhsu sp,s0,zero
मिश्रोपरिगुणनम् स्तूपसूचकःम् अर्थ०न स्थिर०न ।	0x02852133	mulhsu sp,a0,s0
मिश्रोपरिगुणनम् स्तूपसूचकःम् स्थिर११न क्षणिक३न ।	0x03cda133	mulhsu sp,s11,t3
मिश्रोपरिगुणनम् क्षणिक०म् शून्यःन क्षणिक०न ।	0x025022b3	mulhsu t0,zero,t0
मिश्रोपरिगुणनम् क्षणिक०म् स्तूपसूचकःन अर्थ७न ।	0x031122b3	mulhsu t0,sp,a7
मिश्रोपरिगुणनम् क्षणिक०म् स्थिर०न पुनःस्थानम्न ।	0x021422b3	mulhsu t0,s0,ra
मिश्रोपरिगुणनम् क्षणिक०म् अर्थ०न स्थिर१न ।	0x029522b3	mulhsu t0,a0,s1
मिश्रोपरिगुणनम् क्षणिक०म् स्थिर११न क्षणिक६न ।	0x03fda2b3	mulhsu t0,s11,t6
मिश्रोपरिगुणनम् क्षणिक२म् शून्यःन क्षणिक२न ।	0x027023b3	mulhsu t2,zero,t2
मिश्रोपरिगुणनम् क्षणिक२म् स्तूपसूचकःन स्थिर११न ।	0x03b123b3	mulhsu t2,sp,s11
मिश्रोपरिगुणनम् क्षणिक२म् स्थिर०न स्तूपसूचकःन ।	0x022423b3	mulhsu t2,s0,sp
मिश्रोपरिगुणनम् क्षणिक२म् अर्थ०न अर्थ०न ।	0x02a523b3	mulhsu t2,a0,a0
मिश्रोपरिगुणनम् क्षणिक२म् क्षणिक३न शून्यःन ।	0x020e23b3	mulhsu t2,t3,zero
मिश्रोपरिगुणनम् स्थिर०म् शून्यःन स्थिर०न ।	0x02802433	mulhsu s0,zero,s0
मिश्रोपरिगुणनम् स्थिर०म् स्तूपसूचकःन क्षणिक३न ।	0x03c12433	mulhsu s0,sp,t3
मिश्रोपरिगुणनम् स्थिर०म् स्थिर०न क्षणिक०न ।	0x02542433	mulhsu s0,s0,t0
मिश्रोपरिगुणनम् स्थिर०म् अर्थ०न अर्थ७न ।	0x03152433	mulhsu s0,a0,a7
मिश्रोपरिगुणनम् स्थिर०म् क्षणिक३न पुनःस्थानम्न ।	0x021e2433	mulhsu s0,t3,ra
मिश्रोपरिगुणनम् स्थिर१म् शून्यःन स्थिर१न ।	0x029024b3	mulhsu s1,zero,s1
मिश्रोपरिगुणनम् स्थिर१म् स्तूपसूचकःन क्षणिक६न ।	0x03f124b3	mulhsu s1,sp,t6
मिश्रोपरिगुणनम् स्थिर१म् स्थिर०न क्षणिक२न ।	0x027424b3	mulhsu s1,s0,t2
मिश्रोपरिगुणनम् स्थिर१म् अर्थ०न स्थिर११न ।	0x03b524b3	mulhsu s1,a0,s11
मिश्रोपरिगुणनम् स्थिर१म् क्षणिक३न स्तूपसूचकःन ।	0x022e24b3	mulhsu s1,t3,sp
मिश्रोपरिगुणनम् अर्थ०म् शून्यःन अर्थ०न ।	0x02a02533	mulhsu a0,zero,a0
मिश्रोपरिगुणनम् अर्थ०म् क्षणिक०न शून्यःन ।	0x0202a533	mulhsu a0,t0,zero
मिश्रोपरिगुणनम् अर्थ०म् स्थिर०न स्थिर०न ।	0x02842533	mulhsu a0,s0,s0
मिश्रोपरिगुणनम् अर्थ०म् अर्थ०न क्षणिक३न ।	0x03c52533	mulhsu a0,a0,t3
मिश्रोपरिगुणनम् अर्थ०म् क्षणिक३न क्षणिक०न ।	0x025e2533	mulhsu a0,t3,t0
मिश्रोपरिगुणनम् अर्थ७म् शून्यःन अर्थ७न ।	0x031028b3	mulhsu a7,zero,a7
मिश्रोपरिगुणनम् अर्थ७म् क्षणिक०न पुनःस्थानम्न ।	0x0212a8b3	mulhsu a7,t0,ra
मिश्रोपरिगुणनम् अर्थ७म् स्थिर०न स्थिर१न ।	0x029428b3	mulhsu a7,s0,s1
मिश्रोपरिगुणनम् अर्थ७म् अर्थ०न क्षणिक६न ।	0x03f528b3	mulhsu a7,a0,t6
मिश्रोपरिगुणनम् अर्थ७म् क्षणिक३न क्षणिक२न ।	0x027e28b3	mulhsu a7,t3,t2
मिश्रोपरिगुणनम् स्थिर११म् शून्यःन स्थिर११न ।	0x03b02db3	mulhsu s11,zero,s11
मिश्रोपरिगुणनम् स्थिर११म् क्षणिक०न स्तूपसूचकःन ।	0x0222adb3	mulhsu s11,t0,sp
मिश्रोपरिगुणनम् स्थिर११म् स्थिर०न अर्थ०न ।	0x02a42db3	mulhsu s11,s0,a0
मिश्रोपरिगुणनम् स्थिर११म् अर्थ७न शून्यःन ।	0x0208adb3	mulhsu s11,a7,zero
मिश्रोपरिगुणनम् स्थिर११म् क्षणिक३न स्थिर०न ।	0x028e2db3	mulhsu s11,t3,s0
मिश्रोपरिगुणनम् क्षणिक३म् शून्यःन क्षणिक३न ।	0x03c02e33	mulhsu t3,zero,t3
मिश्रोपरिगुणनम् क्षणिक३म् क्षणिक०न क्षणिक०न ।	0x0252ae33	mulhsu t3,t0,t0
मिश्रोपरिगुणनम् क्षणिक३म् स्थिर०न अर्थ७न ।	0x03142e33	mulhsu t3,s0,a7
मिश्रोपरिगुणनम् क्षणिक३म् अर्थ७न पुनःस्थानम्न ।	0x0218ae33	mulhsu t3,a7,ra
मिश्रोपरिगुणनम् क्षणिक३म् क्षणिक३न स्थिर१न ।	0x029e2e33	mulhsu t3,t3,s1
मिश्रोपरिगुणनम् क्षणिक६म् शून्यःन क्षणिक६न ।	0x03f02fb3	mulhsu t6,zero,t6
मिश्रोपरिगुणनम् क्षणिक६म् क्षणिक०न क्षणिक२न ।	0x0272afb3	mulhsu t6,t0,t2
मिश्रोपरिगुणनम् क्षणिक६म् स्थिर०न स्थिर११न ।	0x03b42fb3	mulhsu t6,s0,s11
मिश्रोपरिगुणनम् क्षणिक६म् अर्थ७न स्तूपसूचकःन ।	0x0228afb3	mulhsu t6,a7,sp
मिश्रोपरिगुणनम् क्षणिक६म् क्षणिक३न अर्थ०न ।	0x02ae2fb3	mulhsu t6,t3,a0
अचिह्नोपरिगुणनम् शून्यःम् शून्यःन शून्यःन ।	0x02003033	mulhu zero,zero,zero
अचिह्नोपरिगुणनम् शून्यःम् स्तूपसूचकःन स्थिर०न ।	0x02813033	mulhu zero,sp,s0
अचिह्नोपरिगुणनम् शून्यःम् क्षणिक२न क्षणिक३न ।	0x03c3b033	mulhu zero,t2,t3
अचिह्नोपरिगुणनम् शून्यःम् अर्थ०न क्षणिक०न ।	0x02553033	mulhu zero,a0,t0
अचिह्नोपरिगुणनम् शून्यःम् स्थिर११न अर्थ७न ।	0x031db033	mulhu zero,s11,a7
अचिह्नोपरिगुणनम् पुनःस्थानम्म् शून्यःन पुनःस्थानम्न ।	0x021030b3	mulhu ra,zero,ra
अचिह्नोपरिगुणनम् पुनःस्थानम्म् स्तूपसूचकःन स्थिर१न ।	0x029130b3	mulhu ra,sp,s1
अचिह्नोपरिगुणनम् पुनःस्थानम्म् क्षणिक२न क्षणिक६न ।	0x03f3b0b3	mulhu ra,t2,t6
अचिह्नोपरिगुणनम् पुनःस्थानम्म् अर्थ०न क्षणिक२न ।	0x027530b3	mulhu ra,a0,t2
अचिह्नोपरिगुणनम् पुनःस्थानम्म् स्थिर११न स्थिर११न ।	0x03bdb0b3	mulhu ra,s11,s11
अचिह्नोपरिगुणनम् स्तूपसूचकःम् शून्यःन स्तूपसूचकःन ।	0x02203133	mulhu sp,zero,sp
अचिह्नोपरिगुणनम् स्तूपसूचकःम् स्तूपसूचकःन अर्थ०न ।	0x02a13133	mulhu sp,sp,a0
अचिह्नोपरिगुणनम् स्तूपसूचकःम् स्थिर०न शून्यःन ।	0x02043133	mulhu sp,s0,zero
अचिह्नोपरिगुणनम् स्तूपसूचकःम् अर्थ०न स्थिर०न ।	0x02853133	mulhu sp,a0,s0
अचिह्नोपरिगुणनम् स्तूपसूचकःम् स्थिर११न क्षणिक३न ।	0x03cdb133	mulhu sp,s11,t3
अचिह्नोपरिगुणनम् क्षणिक०म् शून्यःन क्षणिक०न ।	0x025032b3	mulhu t0,zero,t0
अचिह्नोपरिगुणनम् क्षणिक०म् स्तूपसूचकःन अर्थ७न ।	0x031132b3	mulhu t0,sp,a7
अचिह्नोपरिगुणनम् क्षणिक०म् स्थिर०न पुनःस्थानम्न ।	0x021432b3	mulhu t0,s0,ra
अचिह्नोपरिगुणनम् क्षणिक०म् अर्थ०न स्थिर१न ।	0x029532b3	mulhu t0,a0,s1
अचिह्नोपरिगुणनम् क्षणिक०म् स्थिर११न क्षणिक६न ।	0x03fdb2b3	mulhu t0,s11,t6
अचिह्नोपरिगुणनम् क्षणिक२म् शून्यःन क्षणिक२न ।	0x027033b3	mulhu t2,zero,t2
अचिह्नोपरिगुणनम् क्षणिक२म् स्तूपसूचकःन स्थिर११न ।	0x03b133b3	mulhu t2,sp,s11
अचिह्नोपरिगुणनम् क्षणिक२म् स्थिर०न स्तूपसूचकःन ।	0x022433b3	mulhu t2,s0,sp
अचिह्नोपरिगुणनम् क्षणिक२म् अर्थ०न अर्थ०न ।	0x02a533b3	mulhu t2,a0,a0
अचिह्नोपरिगुणनम् क्षणिक२म् क्षणिक३न शून्यःन ।	0x020e33b3	mulhu t2,t3,zero
अचिह्नोपरिगुणनम् स्थिर०म् शून्यःन स्थिर०न ।	0x02803433	mulhu s0,zero,s0
अचिह्नोपरिगुणनम् स्थिर०म् स्तूपसूचकःन क्षणिक३न ।	0x03c13433	mulhu s0,sp,t3
अचिह्नोपरिगुणनम् स्थिर०म् स्थिर०न क्षणिक०न ।	0x02543433	mulhu s0,s0,t0
अचिह्नोपरिगुणनम् स्थिर०म् अर्थ०न अर्थ७न ।	0x03153433	mulhu s0,a0,a7
अचिह्नोपरिगुणनम् स्थिर०म् क्षणिक३न पुनःस्थानम्न ।	0x021e3433	mulhu s0,t3,ra
अचिह्नोपरिगुणनम् स्थिर१म् शून्यःन स्थिर१न ।	0x029034b3	mulhu s1,zero,s1
अचिह्नोपरिगुणनम् स्थिर१म् स्तूपसूचकःन क्षणिक६न ।	0x03f134b3	mulhu s1,sp,t6
अचिह्नोपरिगुणनम् स्थिर१म् स्थिर०न क्षणिक२न ।	0x027434b3	mulhu s1,s0,t2
अचिह्नोपरिगुणनम् स्थिर१म् अर्थ०न स्थिर११न ।	0x03b534b3	mulhu s1,a0,s11
अचिह्नोपरिगुणनम् स्थिर१म् क्षणिक३न स्तूपसूचकःन ।	0x022e34b3	mulhu s1,t3,sp
अचिह्नोपरिगुणनम् अर्थ०म् शून्यःन अर्थ०न ।	0x02a03533	mulhu a0,zero,a0
अचिह्नोपरिगुणनम् अर्थ०म् क्षणिक०न शून्यःन ।	0x0202b533	mulhu a0,t0,zero
अचिह्नोपरिगुणनम् अर्थ०म् स्थिर०न स्थिर०न ।	0x02843533	mulhu a0,s0,s0
अचिह्नोपरिगुणनम् अर्थ०म् अर्थ०न क्षणिक३न ।	0x03c53533	mulhu a0,a0,t3
अचिह्नोपरिगुणनम् अर्थ०म् क्षणिक३न क्षणिक०न ।	0x025e3533	mulhu a0,t3,t0
अचिह्नोपरिगुणनम् अर्थ७म् शून्यःन अर्थ७न ।	0x031038b3	mulhu a7,zero,a7
अचिह्नोपरिगुणनम् अर्थ७म् क्षणिक०न पुनःस्थानम्न ।	0x0212b8b3	mulhu a7,t0,ra
अचिह्नोपरिगुणनम् अर्थ७म् स्थिर०न स्थिर१न ।	0x029438b3	mulhu a7,s0,s1
अचिह्नोपरिगुणनम् अर्थ७म् अर्थ०न क्षणिक६न ।	0x03f538b3	mulhu a7,a0,t6
अचिह्नोपरिगुणनम् अर्थ७म् क्षणिक३न क्षणिक२न ।	0x027e38b3	mulhu a7,t3,t2
अचिह्नोपरिगुणनम् स्थिर११म् शून्यःन स्थिर११न ।	0x03b03db3	mulhu s11,zero,s11
अचिह्नोपरिगुणनम् स्थिर११म् क्षणिक०न स्तूपसूचकःन ।	0x0222bdb3	mulhu s11,t0,sp
अचिह्नोपरिगुणनम् स्थिर११म् स्थिर०न अर्थ०न ।	0x02a43db3	mulhu s11,s0,a0
अचिह्नोपरिगुणनम् स्थिर११म् अर्थ७न शून्यःन ।	0x0208bdb3	mulhu s11,a7,zero
अचिह्नोपरिगुणनम् स्थिर११म् क्षणिक३न स्थिर०न ।	0x028e3db3	mulhu s11,t3,s0
अचिह्नोपरिगुणनम् क्षणिक३म् शून्यःन क्षणिक३न ।	0x03c03e33	mulhu t3,zero,t3
अचिह्नोपरिगुणनम् क्षणिक३म् क्षणिक०न क्षणिक०न ।	0x0252be33	mulhu t3,t0,t0
अचिह्नोपरिगुणनम् क्षणिक३म् स्थिर०न अर्थ७न ।	0x03143e33	mulhu t3,s0,a7
अचिह्नोपरिगुणनम् क्षणिक३म् अर्थ७न पुनःस्थानम्न ।	0x0218be33	mulhu t3,a7,ra
अचिह्नोपरिगुणनम् क्षणिक३म् क्षणिक३न स्थिर१न ।	0x029e3e33	mulhu t3,t3,s1
अचिह्नोपरिगुणनम् क्षणिक६म् शून्यःन क्षणिक६न ।	0x03f03fb3	mulhu t6,zero,t6
अचिह्नोपरिगुणनम् क्षणिक६म् क्षणिक०न क्षणिक२न ।	0x0272bfb3	mulhu t6,t0,t2
अचिह्नोपरिगुणनम् क्षणिक६म् स्थिर०न स्थिर११न ।	0x03b43fb3	mulhu t6,s0,s11
अचिह्नोपरिगुणनम् क्षणिक६म् अर्थ७न स्तूपसूचकःन ।	0x0228bfb3	mulhu t6,a7,sp
अचिह्नोपरिगुणनम् क्षणिक६म् क्षणिक३न अर्थ०न ।	0x02ae3fb3	mulhu t6,t3,a0
योगःॱअ३२ शून्यःम् शून्यःन ०न ।	0x0000001b	addiw zero,zero,0
योगःॱअ३२ पुनःस्थानम्म् स्थिर०न १न ।	0x0014009b	addiw ra,s0,1
योगःॱअ३२ स्तूपसूचकःम् क्षणिक३न १००न ।	0x064e011b	addiw sp,t3,100
योगःॱअ३२ क्षणिक२म् क्षणिक०न २०४७न ।	0x7ff2839b	addiw t2,t0,2047
योगःॱअ३२ स्थिर०म् अर्थ७न ऋण१न ।	0xfff8841b	addiw s0,a7,-1
योगःॱअ३२ अर्थ०म् पुनःस्थानम्न ऋण२०४८न ।	0x8000851b	addiw a0,ra,-2048
योगःॱअ३२ अर्थ७म् स्थिर१न ०न ।	0x0004889b	addiw a7,s1,0
योगःॱअ३२ स्थिर११म् क्षणिक६न १न ।	0x001f8d9b	addiw s11,t6,1
योगःॱअ३२ क्षणिक६म् क्षणिक२न १००न ।	0x06438f9b	addiw t6,t2,100
अचिह्नन्यूनम् शून्यःम् शून्यःन ०न ।	0x00003013	sltiu zero,zero,0
अचिह्नन्यूनम् पुनःस्थानम्म् स्थिर०न १न ।	0x00143093	sltiu ra,s0,1
अचिह्नन्यूनम् स्तूपसूचकःम् क्षणिक३न १००न ।	0x064e3113	sltiu sp,t3,100
अचिह्नन्यूनम् क्षणिक२म् क्षणिक०न २०४७न ।	0x7ff2b393	sltiu t2,t0,2047
अचिह्नन्यूनम् स्थिर०म् अर्थ७न ऋण१न ।	0xfff8b413	sltiu s0,a7,-1
अचिह्नन्यूनम् अर्थ०म् पुनःस्थानम्न ऋण२०४८न ।	0x8000b513	sltiu a0,ra,-2048
अचिह्नन्यूनम् अर्थ७म् स्थिर१न ०न ।	0x0004b893	sltiu a7,s1,0
अचिह्नन्यूनम् स्थिर११म् क्षणिक६न १न ।	0x001fbd93	sltiu s11,t6,1
अचिह्नन्यूनम् क्षणिक६म् क्षणिक२न १००न ।	0x0643bf93	sltiu t6,t2,100
वामसरणम्ॱअ३२ शून्यःम् शून्यःन ०न ।	0x0000101b	slliw zero,zero,0
वामसरणम्ॱअ३२ पुनःस्थानम्म् अर्थ०न १न ।	0x0015109b	slliw ra,a0,1
वामसरणम्ॱअ३२ क्षणिक०म् स्तूपसूचकःन ७न ।	0x0071129b	slliw t0,sp,7
वामसरणम्ॱअ३२ क्षणिक२म् स्थिर११न १६न ।	0x010d939b	slliw t2,s11,16
वामसरणम्ॱअ३२ स्थिर१म् क्षणिक२न ३१न ।	0x01f3949b	slliw s1,t2,31
वामसरणम्ॱअ३२ अर्थ०म् क्षणिक६न ०न ।	0x000f951b	slliw a0,t6,0
वामसरणम्ॱअ३२ स्थिर११म् स्थिर१न १न ।	0x00149d9b	slliw s11,s1,1
वामसरणम्ॱअ३२ क्षणिक६म् पुनःस्थानम्न ७न ।	0x00709f9b	slliw t6,ra,7
दक्षिणसरणम्ॱअ३२ शून्यःम् शून्यःन ०न ।	0x0000501b	srliw zero,zero,0
दक्षिणसरणम्ॱअ३२ पुनःस्थानम्म् अर्थ०न १न ।	0x0015509b	srliw ra,a0,1
दक्षिणसरणम्ॱअ३२ क्षणिक०म् स्तूपसूचकःन ७न ।	0x0071529b	srliw t0,sp,7
दक्षिणसरणम्ॱअ३२ क्षणिक२म् स्थिर११न १६न ।	0x010dd39b	srliw t2,s11,16
दक्षिणसरणम्ॱअ३२ स्थिर१म् क्षणिक२न ३१न ।	0x01f3d49b	srliw s1,t2,31
दक्षिणसरणम्ॱअ३२ अर्थ०म् क्षणिक६न ०न ।	0x000fd51b	srliw a0,t6,0
दक्षिणसरणम्ॱअ३२ स्थिर११म् स्थिर१न १न ।	0x0014dd9b	srliw s11,s1,1
दक्षिणसरणम्ॱअ३२ क्षणिक६म् पुनःस्थानम्न ७न ।	0x0070df9b	srliw t6,ra,7
सचिह्नदक्षिणसरणम्ॱअ३२ शून्यःम् शून्यःन ०न ।	0x4000501b	sraiw zero,zero,0
सचिह्नदक्षिणसरणम्ॱअ३२ पुनःस्थानम्म् अर्थ०न १न ।	0x4015509b	sraiw ra,a0,1
सचिह्नदक्षिणसरणम्ॱअ३२ क्षणिक०म् स्तूपसूचकःन ७न ।	0x4071529b	sraiw t0,sp,7
सचिह्नदक्षिणसरणम्ॱअ३२ क्षणिक२म् स्थिर११न १६न ।	0x410dd39b	sraiw t2,s11,16
सचिह्नदक्षिणसरणम्ॱअ३२ स्थिर१म् क्षणिक२न ३१न ।	0x41f3d49b	sraiw s1,t2,31
सचिह्नदक्षिणसरणम्ॱअ३२ अर्थ०म् क्षणिक६न ०न ।	0x400fd51b	sraiw a0,t6,0
सचिह्नदक्षिणसरणम्ॱअ३२ स्थिर११म् स्थिर१न १न ।	0x4014dd9b	sraiw s11,s1,1
सचिह्नदक्षिणसरणम्ॱअ३२ क्षणिक६म् पुनःस्थानम्न ७न ।	0x4070df9b	sraiw t6,ra,7
सापेक्षलङ्घनम् शून्यःम् शून्यःत् ०न ।	0x00000067	jalr zero,0(zero)
सापेक्षलङ्घनम् पुनःस्थानम्म् क्षणिक६त् ४न ।	0x004f80e7	jalr ra,4(t6)
सापेक्षलङ्घनम् क्षणिक०म् क्षणिक३त् २०४७न ।	0x7ffe02e7	jalr t0,2047(t3)
सापेक्षलङ्घनम् स्थिर०म् स्थिर११त् ऋण२०४८न ।	0x800d8467	jalr s0,-2048(s11)
सापेक्षलङ्घनम् अर्थ०म् अर्थ७त् ०न ।	0x00088567	jalr a0,0(a7)
सापेक्षलङ्घनम् स्थिर११म् अर्थ०त् ४न ।	0x00450de7	jalr s11,4(a0)
सापेक्षलङ्घनम् क्षणिक६म् स्थिर१त् २०४७न ।	0x7ff48fe7	jalr t6,2047(s1)
स्थानसापेक्षयोगः शून्यःम् ०न ।	0x00000017	auipc zero,0
स्थानसापेक्षयोगः पुनःस्थानम्म् १न ।	0x00001097	auipc ra,1
स्थानसापेक्षयोगः स्तूपसूचकःम् १६न ।	0x00010117	auipc sp,16
स्थानसापेक्षयोगः क्षणिक०म् १०४८५७५न ।	0xfffff297	auipc t0,1048575
स्थानसापेक्षयोगः क्षणिक२म् ०न ।	0x00000397	auipc t2,0
स्थानसापेक्षयोगः स्थिर०म् १न ।	0x00001417	auipc s0,1
स्थानसापेक्षयोगः स्थिर१म् १६न ।	0x00010497	auipc s1,16
स्थानसापेक्षयोगः अर्थ०म् १०४८५७५न ।	0xfffff517	auipc a0,1048575
स्थानसापेक्षयोगः अर्थ७म् ०न ।	0x00000897	auipc a7,0
स्थानसापेक्षयोगः स्थिर११म् १न ।	0x00001d97	auipc s11,1
स्थानसापेक्षयोगः क्षणिक३म् १६न ।	0x00010e17	auipc t3,16
स्थानसापेक्षयोगः क्षणिक६म् १०४८५७५न ।	0xffffff97	auipc t6,1048575
प्लवयोगःॱप३२ प्लव०म् प्लव०न प्लव०न ।	0x00007053	fadd.s f0,f0,f0
प्लवयोगःॱप३२ प्लव०म् प्लव३१न प्लव१न ।	0x001ff053	fadd.s f0,f31,f1
प्लवयोगःॱप३२ प्लव१म् प्लव१५न प्लव१५न ।	0x00f7f0d3	fadd.s f1,f15,f15
प्लवयोगःॱप३२ प्लव१५म् प्लव१न प्लव३१न ।	0x01f0f7d3	fadd.s f15,f1,f31
प्लवयोगःॱप३२ प्लव३१म् प्लव१न प्लव०न ।	0x0000ffd3	fadd.s f31,f1,f0
प्लववियोगःॱप३२ प्लव०म् प्लव०न प्लव०न ।	0x08007053	fsub.s f0,f0,f0
प्लववियोगःॱप३२ प्लव०म् प्लव३१न प्लव१न ।	0x081ff053	fsub.s f0,f31,f1
प्लववियोगःॱप३२ प्लव१म् प्लव१५न प्लव१५न ।	0x08f7f0d3	fsub.s f1,f15,f15
प्लववियोगःॱप३२ प्लव१५म् प्लव१न प्लव३१न ।	0x09f0f7d3	fsub.s f15,f1,f31
प्लववियोगःॱप३२ प्लव३१म् प्लव१न प्लव०न ।	0x0800ffd3	fsub.s f31,f1,f0
प्लवगुणनम्ॱप३२ प्लव०म् प्लव०न प्लव०न ।	0x10007053	fmul.s f0,f0,f0
प्लवगुणनम्ॱप३२ प्लव०म् प्लव३१न प्लव१न ।	0x101ff053	fmul.s f0,f31,f1
प्लवगुणनम्ॱप३२ प्लव१म् प्लव१५न प्लव१५न ।	0x10f7f0d3	fmul.s f1,f15,f15
प्लवगुणनम्ॱप३२ प्लव१५म् प्लव१न प्लव३१न ।	0x11f0f7d3	fmul.s f15,f1,f31
प्लवगुणनम्ॱप३२ प्लव३१म् प्लव१न प्लव०न ।	0x1000ffd3	fmul.s f31,f1,f0
प्लवभागःॱप३२ प्लव०म् प्लव०न प्लव०न ।	0x18007053	fdiv.s f0,f0,f0
प्लवभागःॱप३२ प्लव०म् प्लव३१न प्लव१न ।	0x181ff053	fdiv.s f0,f31,f1
प्लवभागःॱप३२ प्लव१म् प्लव१५न प्लव१५न ।	0x18f7f0d3	fdiv.s f1,f15,f15
प्लवभागःॱप३२ प्लव१५म् प्लव१न प्लव३१न ।	0x19f0f7d3	fdiv.s f15,f1,f31
प्लवभागःॱप३२ प्लव३१म् प्लव१न प्लव०न ।	0x1800ffd3	fdiv.s f31,f1,f0
प्लवपरमम्ॱप३२ प्लव०म् प्लव०न प्लव०न ।	0x28001053	fmax.s f0,f0,f0
प्लवपरमम्ॱप३२ प्लव०म् प्लव३१न प्लव१न ।	0x281f9053	fmax.s f0,f31,f1
प्लवपरमम्ॱप३२ प्लव१म् प्लव१५न प्लव१५न ।	0x28f790d3	fmax.s f1,f15,f15
प्लवपरमम्ॱप३२ प्लव१५म् प्लव१न प्लव३१न ।	0x29f097d3	fmax.s f15,f1,f31
प्लवपरमम्ॱप३२ प्लव३१म् प्लव१न प्लव०न ।	0x28009fd3	fmax.s f31,f1,f0
प्लवन्यूनतमम्ॱप३२ प्लव०म् प्लव०न प्लव०न ।	0x28000053	fmin.s f0,f0,f0
प्लवन्यूनतमम्ॱप३२ प्लव०म् प्लव३१न प्लव१न ।	0x281f8053	fmin.s f0,f31,f1
प्लवन्यूनतमम्ॱप३२ प्लव१म् प्लव१५न प्लव१५न ।	0x28f780d3	fmin.s f1,f15,f15
प्लवन्यूनतमम्ॱप३२ प्लव१५म् प्लव१न प्लव३१न ।	0x29f087d3	fmin.s f15,f1,f31
प्लवन्यूनतमम्ॱप३२ प्लव३१म् प्लव१न प्लव०न ।	0x28008fd3	fmin.s f31,f1,f0
प्लववर्गमूलम्ॱप३२ प्लव०म् प्लव०न ।	0x58007053	fsqrt.s f0,f0
प्लववर्गमूलम्ॱप३२ प्लव१म् प्लव१न ।	0x5800f0d3	fsqrt.s f1,f1
प्लववर्गमूलम्ॱप३२ प्लव१५म् प्लव१५न ।	0x5807f7d3	fsqrt.s f15,f15
प्लववर्गमूलम्ॱप३२ प्लव३१म् प्लव३१न ।	0x580fffd3	fsqrt.s f31,f31
प्लवयोगःॱप६४ प्लव०म् प्लव०न प्लव०न ।	0x02007053	fadd.d f0,f0,f0
प्लवयोगःॱप६४ प्लव०म् प्लव३१न प्लव१न ।	0x021ff053	fadd.d f0,f31,f1
प्लवयोगःॱप६४ प्लव१म् प्लव१५न प्लव१५न ।	0x02f7f0d3	fadd.d f1,f15,f15
प्लवयोगःॱप६४ प्लव१५म् प्लव१न प्लव३१न ।	0x03f0f7d3	fadd.d f15,f1,f31
प्लवयोगःॱप६४ प्लव३१म् प्लव१न प्लव०न ।	0x0200ffd3	fadd.d f31,f1,f0
प्लववियोगःॱप६४ प्लव०म् प्लव०न प्लव०न ।	0x0a007053	fsub.d f0,f0,f0
प्लववियोगःॱप६४ प्लव०म् प्लव३१न प्लव१न ।	0x0a1ff053	fsub.d f0,f31,f1
प्लववियोगःॱप६४ प्लव१म् प्लव१५न प्लव१५न ।	0x0af7f0d3	fsub.d f1,f15,f15
प्लववियोगःॱप६४ प्लव१५म् प्लव१न प्लव३१न ।	0x0bf0f7d3	fsub.d f15,f1,f31
प्लववियोगःॱप६४ प्लव३१म् प्लव१न प्लव०न ।	0x0a00ffd3	fsub.d f31,f1,f0
प्लवगुणनम्ॱप६४ प्लव०म् प्लव०न प्लव०न ।	0x12007053	fmul.d f0,f0,f0
प्लवगुणनम्ॱप६४ प्लव०म् प्लव३१न प्लव१न ।	0x121ff053	fmul.d f0,f31,f1
प्लवगुणनम्ॱप६४ प्लव१म् प्लव१५न प्लव१५न ।	0x12f7f0d3	fmul.d f1,f15,f15
प्लवगुणनम्ॱप६४ प्लव१५म् प्लव१न प्लव३१न ।	0x13f0f7d3	fmul.d f15,f1,f31
प्लवगुणनम्ॱप६४ प्लव३१म् प्लव१न प्लव०न ।	0x1200ffd3	fmul.d f31,f1,f0
प्लवभागःॱप६४ प्लव०म् प्लव०न प्लव०न ।	0x1a007053	fdiv.d f0,f0,f0
प्लवभागःॱप६४ प्लव०म् प्लव३१न प्लव१न ।	0x1a1ff053	fdiv.d f0,f31,f1
प्लवभागःॱप६४ प्लव१म् प्लव१५न प्लव१५न ।	0x1af7f0d3	fdiv.d f1,f15,f15
प्लवभागःॱप६४ प्लव१५म् प्लव१न प्लव३१न ।	0x1bf0f7d3	fdiv.d f15,f1,f31
प्लवभागःॱप६४ प्लव३१म् प्लव१न प्लव०न ।	0x1a00ffd3	fdiv.d f31,f1,f0
प्लवपरमम्ॱप६४ प्लव०म् प्लव०न प्लव०न ।	0x2a001053	fmax.d f0,f0,f0
प्लवपरमम्ॱप६४ प्लव०म् प्लव३१न प्लव१न ।	0x2a1f9053	fmax.d f0,f31,f1
प्लवपरमम्ॱप६४ प्लव१म् प्लव१५न प्लव१५न ।	0x2af790d3	fmax.d f1,f15,f15
प्लवपरमम्ॱप६४ प्लव१५म् प्लव१न प्लव३१न ।	0x2bf097d3	fmax.d f15,f1,f31
प्लवपरमम्ॱप६४ प्लव३१म् प्लव१न प्लव०न ।	0x2a009fd3	fmax.d f31,f1,f0
प्लवन्यूनतमम्ॱप६४ प्लव०म् प्लव०न प्लव०न ।	0x2a000053	fmin.d f0,f0,f0
प्लवन्यूनतमम्ॱप६४ प्लव०म् प्लव३१न प्लव१न ।	0x2a1f8053	fmin.d f0,f31,f1
प्लवन्यूनतमम्ॱप६४ प्लव१म् प्लव१५न प्लव१५न ।	0x2af780d3	fmin.d f1,f15,f15
प्लवन्यूनतमम्ॱप६४ प्लव१५म् प्लव१न प्लव३१न ।	0x2bf087d3	fmin.d f15,f1,f31
प्लवन्यूनतमम्ॱप६४ प्लव३१म् प्लव१न प्लव०न ।	0x2a008fd3	fmin.d f31,f1,f0
प्लववर्गमूलम्ॱप६४ प्लव०म् प्लव०न ।	0x5a007053	fsqrt.d f0,f0
प्लववर्गमूलम्ॱप६४ प्लव१म् प्लव१न ।	0x5a00f0d3	fsqrt.d f1,f1
प्लववर्गमूलम्ॱप६४ प्लव१५म् प्लव१५न ।	0x5a07f7d3	fsqrt.d f15,f15
प्लववर्गमूलम्ॱप६४ प्लव३१म् प्लव३१न ।	0x5a0fffd3	fsqrt.d f31,f31
परमाणुयोगःॱअ३२ शून्यःम् शून्यःन शून्यःत् ।	0x0000202f	amoadd.w zero,zero,(zero)
परमाणुयोगःॱअ३२ शून्यःम् क्षणिक०न पुनःस्थानम्त् ।	0x0050a02f	amoadd.w zero,t0,(ra)
परमाणुयोगःॱअ३२ शून्यःम् स्थिर१न स्तूपसूचकःत् ।	0x0091202f	amoadd.w zero,s1,(sp)
परमाणुयोगःॱअ३२ शून्यःम् स्थिर११न क्षणिक०त् ।	0x01b2a02f	amoadd.w zero,s11,(t0)
परमाणुयोगःॱअ३२ पुनःस्थानम्म् शून्यःन क्षणिक२त् ।	0x0003a0af	amoadd.w ra,zero,(t2)
परमाणुयोगःॱअ३२ पुनःस्थानम्म् क्षणिक०न स्थिर०त् ।	0x005420af	amoadd.w ra,t0,(s0)
परमाणुयोगःॱअ३२ पुनःस्थानम्म् स्थिर१न स्थिर१त् ।	0x0094a0af	amoadd.w ra,s1,(s1)
परमाणुयोगःॱअ३२ पुनःस्थानम्म् स्थिर११न अर्थ०त् ।	0x01b520af	amoadd.w ra,s11,(a0)
परमाणुयोगःॱअ३२ स्तूपसूचकःम् शून्यःन अर्थ७त् ।	0x0008a12f	amoadd.w sp,zero,(a7)
परमाणुयोगःॱअ३२ स्तूपसूचकःम् क्षणिक०न स्थिर११त् ।	0x005da12f	amoadd.w sp,t0,(s11)
परमाणुयोगःॱअ३२ स्तूपसूचकःम् स्थिर१न क्षणिक३त् ।	0x009e212f	amoadd.w sp,s1,(t3)
परमाणुयोगःॱअ३२ स्तूपसूचकःम् स्थिर११न क्षणिक६त् ।	0x01bfa12f	amoadd.w sp,s11,(t6)
परमाणुयोगःॱअ३२ क्षणिक०म् पुनःस्थानम्न शून्यःत् ।	0x001022af	amoadd.w t0,ra,(zero)
परमाणुयोगःॱअ३२ क्षणिक०म् क्षणिक२न पुनःस्थानम्त् ।	0x0070a2af	amoadd.w t0,t2,(ra)
परमाणुयोगःॱअ३२ क्षणिक०म् अर्थ०न स्तूपसूचकःत् ।	0x00a122af	amoadd.w t0,a0,(sp)
परमाणुयोगःॱअ३२ क्षणिक०म् क्षणिक३न क्षणिक०त् ।	0x01c2a2af	amoadd.w t0,t3,(t0)
परमाणुयोगःॱअ३२ क्षणिक२म् पुनःस्थानम्न क्षणिक२त् ।	0x0013a3af	amoadd.w t2,ra,(t2)
परमाणुयोगःॱअ३२ क्षणिक२म् क्षणिक२न स्थिर०त् ।	0x007423af	amoadd.w t2,t2,(s0)
परमाणुयोगःॱअ३२ क्षणिक२म् अर्थ०न स्थिर१त् ।	0x00a4a3af	amoadd.w t2,a0,(s1)
परमाणुयोगःॱअ३२ क्षणिक२म् क्षणिक३न अर्थ०त् ।	0x01c523af	amoadd.w t2,t3,(a0)
परमाणुयोगःॱअ३२ स्थिर०म् पुनःस्थानम्न अर्थ७त् ।	0x0018a42f	amoadd.w s0,ra,(a7)
परमाणुयोगःॱअ३२ स्थिर०म् क्षणिक२न स्थिर११त् ।	0x007da42f	amoadd.w s0,t2,(s11)
परमाणुयोगःॱअ३२ स्थिर०म् अर्थ०न क्षणिक३त् ।	0x00ae242f	amoadd.w s0,a0,(t3)
परमाणुयोगःॱअ३२ स्थिर०म् क्षणिक३न क्षणिक६त् ।	0x01cfa42f	amoadd.w s0,t3,(t6)
परमाणुयोगःॱअ३२ स्थिर१म् स्तूपसूचकःन शून्यःत् ।	0x002024af	amoadd.w s1,sp,(zero)
परमाणुयोगःॱअ३२ स्थिर१म् स्थिर०न पुनःस्थानम्त् ।	0x0080a4af	amoadd.w s1,s0,(ra)
परमाणुयोगःॱअ३२ स्थिर१म् अर्थ७न स्तूपसूचकःत् ।	0x011124af	amoadd.w s1,a7,(sp)
परमाणुयोगःॱअ३२ स्थिर१म् क्षणिक६न क्षणिक०त् ।	0x01f2a4af	amoadd.w s1,t6,(t0)
परमाणुयोगःॱअ३२ अर्थ०म् स्तूपसूचकःन क्षणिक२त् ।	0x0023a52f	amoadd.w a0,sp,(t2)
परमाणुयोगःॱअ३२ अर्थ०म् स्थिर०न स्थिर०त् ।	0x0084252f	amoadd.w a0,s0,(s0)
परमाणुयोगःॱअ३२ अर्थ०म् अर्थ७न स्थिर१त् ।	0x0114a52f	amoadd.w a0,a7,(s1)
परमाणुयोगःॱअ३२ अर्थ०म् क्षणिक६न अर्थ०त् ।	0x01f5252f	amoadd.w a0,t6,(a0)
परमाणुयोगःॱअ३२ अर्थ७म् स्तूपसूचकःन अर्थ७त् ।	0x0028a8af	amoadd.w a7,sp,(a7)
परमाणुयोगःॱअ३२ अर्थ७म् स्थिर०न स्थिर११त् ।	0x008da8af	amoadd.w a7,s0,(s11)
परमाणुयोगःॱअ३२ अर्थ७म् अर्थ७न क्षणिक३त् ।	0x011e28af	amoadd.w a7,a7,(t3)
परमाणुयोगःॱअ३२ अर्थ७म् क्षणिक६न क्षणिक६त् ।	0x01ffa8af	amoadd.w a7,t6,(t6)
परमाणुयोगःॱअ३२ स्थिर११म् क्षणिक०न शून्यःत् ।	0x00502daf	amoadd.w s11,t0,(zero)
परमाणुयोगःॱअ३२ स्थिर११म् स्थिर१न पुनःस्थानम्त् ।	0x0090adaf	amoadd.w s11,s1,(ra)
परमाणुयोगःॱअ३२ स्थिर११म् स्थिर११न स्तूपसूचकःत् ।	0x01b12daf	amoadd.w s11,s11,(sp)
परमाणुयोगःॱअ३२ क्षणिक३म् शून्यःन क्षणिक०त् ।	0x0002ae2f	amoadd.w t3,zero,(t0)
परमाणुयोगःॱअ३२ क्षणिक३म् क्षणिक०न क्षणिक२त् ।	0x0053ae2f	amoadd.w t3,t0,(t2)
परमाणुयोगःॱअ३२ क्षणिक३म् स्थिर१न स्थिर०त् ।	0x00942e2f	amoadd.w t3,s1,(s0)
परमाणुयोगःॱअ३२ क्षणिक३म् स्थिर११न स्थिर१त् ।	0x01b4ae2f	amoadd.w t3,s11,(s1)
परमाणुयोगःॱअ३२ क्षणिक६म् शून्यःन अर्थ०त् ।	0x00052faf	amoadd.w t6,zero,(a0)
परमाणुयोगःॱअ३२ क्षणिक६म् क्षणिक०न अर्थ७त् ।	0x0058afaf	amoadd.w t6,t0,(a7)
परमाणुयोगःॱअ३२ क्षणिक६म् स्थिर१न स्थिर११त् ।	0x009dafaf	amoadd.w t6,s1,(s11)
परमाणुयोगःॱअ३२ क्षणिक६म् स्थिर११न क्षणिक३त् ।	0x01be2faf	amoadd.w t6,s11,(t3)
परमाणुयुक्तम्ॱअ३२ शून्यःम् शून्यःन शून्यःत् ।	0x6000202f	amoand.w zero,zero,(zero)
परमाणुयुक्तम्ॱअ३२ शून्यःम् क्षणिक०न पुनःस्थानम्त् ।	0x6050a02f	amoand.w zero,t0,(ra)
परमाणुयुक्तम्ॱअ३२ शून्यःम् स्थिर१न स्तूपसूचकःत् ।	0x6091202f	amoand.w zero,s1,(sp)
परमाणुयुक्तम्ॱअ३२ शून्यःम् स्थिर११न क्षणिक०त् ।	0x61b2a02f	amoand.w zero,s11,(t0)
परमाणुयुक्तम्ॱअ३२ पुनःस्थानम्म् शून्यःन क्षणिक२त् ।	0x6003a0af	amoand.w ra,zero,(t2)
परमाणुयुक्तम्ॱअ३२ पुनःस्थानम्म् क्षणिक०न स्थिर०त् ।	0x605420af	amoand.w ra,t0,(s0)
परमाणुयुक्तम्ॱअ३२ पुनःस्थानम्म् स्थिर१न स्थिर१त् ।	0x6094a0af	amoand.w ra,s1,(s1)
परमाणुयुक्तम्ॱअ३२ पुनःस्थानम्म् स्थिर११न अर्थ०त् ।	0x61b520af	amoand.w ra,s11,(a0)
परमाणुयुक्तम्ॱअ३२ स्तूपसूचकःम् शून्यःन अर्थ७त् ।	0x6008a12f	amoand.w sp,zero,(a7)
परमाणुयुक्तम्ॱअ३२ स्तूपसूचकःम् क्षणिक०न स्थिर११त् ।	0x605da12f	amoand.w sp,t0,(s11)
परमाणुयुक्तम्ॱअ३२ स्तूपसूचकःम् स्थिर१न क्षणिक३त् ।	0x609e212f	amoand.w sp,s1,(t3)
परमाणुयुक्तम्ॱअ३२ स्तूपसूचकःम् स्थिर११न क्षणिक६त् ।	0x61bfa12f	amoand.w sp,s11,(t6)
परमाणुयुक्तम्ॱअ३२ क्षणिक०म् पुनःस्थानम्न शून्यःत् ।	0x601022af	amoand.w t0,ra,(zero)
परमाणुयुक्तम्ॱअ३२ क्षणिक०म् क्षणिक२न पुनःस्थानम्त् ।	0x6070a2af	amoand.w t0,t2,(ra)
परमाणुयुक्तम्ॱअ३२ क्षणिक०म् अर्थ०न स्तूपसूचकःत् ।	0x60a122af	amoand.w t0,a0,(sp)
परमाणुयुक्तम्ॱअ३२ क्षणिक०म् क्षणिक३न क्षणिक०त् ।	0x61c2a2af	amoand.w t0,t3,(t0)
परमाणुयुक्तम्ॱअ३२ क्षणिक२म् पुनःस्थानम्न क्षणिक२त् ।	0x6013a3af	amoand.w t2,ra,(t2)
परमाणुयुक्तम्ॱअ३२ क्षणिक२म् क्षणिक२न स्थिर०त् ।	0x607423af	amoand.w t2,t2,(s0)
परमाणुयुक्तम्ॱअ३२ क्षणिक२म् अर्थ०न स्थिर१त् ।	0x60a4a3af	amoand.w t2,a0,(s1)
परमाणुयुक्तम्ॱअ३२ क्षणिक२म् क्षणिक३न अर्थ०त् ।	0x61c523af	amoand.w t2,t3,(a0)
परमाणुयुक्तम्ॱअ३२ स्थिर०म् पुनःस्थानम्न अर्थ७त् ।	0x6018a42f	amoand.w s0,ra,(a7)
परमाणुयुक्तम्ॱअ३२ स्थिर०म् क्षणिक२न स्थिर११त् ।	0x607da42f	amoand.w s0,t2,(s11)
परमाणुयुक्तम्ॱअ३२ स्थिर०म् अर्थ०न क्षणिक३त् ।	0x60ae242f	amoand.w s0,a0,(t3)
परमाणुयुक्तम्ॱअ३२ स्थिर०म् क्षणिक३न क्षणिक६त् ।	0x61cfa42f	amoand.w s0,t3,(t6)
परमाणुयुक्तम्ॱअ३२ स्थिर१म् स्तूपसूचकःन शून्यःत् ।	0x602024af	amoand.w s1,sp,(zero)
परमाणुयुक्तम्ॱअ३२ स्थिर१म् स्थिर०न पुनःस्थानम्त् ।	0x6080a4af	amoand.w s1,s0,(ra)
परमाणुयुक्तम्ॱअ३२ स्थिर१म् अर्थ७न स्तूपसूचकःत् ।	0x611124af	amoand.w s1,a7,(sp)
परमाणुयुक्तम्ॱअ३२ स्थिर१म् क्षणिक६न क्षणिक०त् ।	0x61f2a4af	amoand.w s1,t6,(t0)
परमाणुयुक्तम्ॱअ३२ अर्थ०म् स्तूपसूचकःन क्षणिक२त् ।	0x6023a52f	amoand.w a0,sp,(t2)
परमाणुयुक्तम्ॱअ३२ अर्थ०म् स्थिर०न स्थिर०त् ।	0x6084252f	amoand.w a0,s0,(s0)
परमाणुयुक्तम्ॱअ३२ अर्थ०म् अर्थ७न स्थिर१त् ।	0x6114a52f	amoand.w a0,a7,(s1)
परमाणुयुक्तम्ॱअ३२ अर्थ०म् क्षणिक६न अर्थ०त् ।	0x61f5252f	amoand.w a0,t6,(a0)
परमाणुयुक्तम्ॱअ३२ अर्थ७म् स्तूपसूचकःन अर्थ७त् ।	0x6028a8af	amoand.w a7,sp,(a7)
परमाणुयुक्तम्ॱअ३२ अर्थ७म् स्थिर०न स्थिर११त् ।	0x608da8af	amoand.w a7,s0,(s11)
परमाणुयुक्तम्ॱअ३२ अर्थ७म् अर्थ७न क्षणिक३त् ।	0x611e28af	amoand.w a7,a7,(t3)
परमाणुयुक्तम्ॱअ३२ अर्थ७म् क्षणिक६न क्षणिक६त् ।	0x61ffa8af	amoand.w a7,t6,(t6)
परमाणुयुक्तम्ॱअ३२ स्थिर११म् क्षणिक०न शून्यःत् ।	0x60502daf	amoand.w s11,t0,(zero)
परमाणुयुक्तम्ॱअ३२ स्थिर११म् स्थिर१न पुनःस्थानम्त् ।	0x6090adaf	amoand.w s11,s1,(ra)
परमाणुयुक्तम्ॱअ३२ स्थिर११म् स्थिर११न स्तूपसूचकःत् ।	0x61b12daf	amoand.w s11,s11,(sp)
परमाणुयुक्तम्ॱअ३२ क्षणिक३म् शून्यःन क्षणिक०त् ।	0x6002ae2f	amoand.w t3,zero,(t0)
परमाणुयुक्तम्ॱअ३२ क्षणिक३म् क्षणिक०न क्षणिक२त् ।	0x6053ae2f	amoand.w t3,t0,(t2)
परमाणुयुक्तम्ॱअ३२ क्षणिक३म् स्थिर१न स्थिर०त् ।	0x60942e2f	amoand.w t3,s1,(s0)
परमाणुयुक्तम्ॱअ३२ क्षणिक३म् स्थिर११न स्थिर१त् ।	0x61b4ae2f	amoand.w t3,s11,(s1)
परमाणुयुक्तम्ॱअ३२ क्षणिक६म् शून्यःन अर्थ०त् ।	0x60052faf	amoand.w t6,zero,(a0)
परमाणुयुक्तम्ॱअ३२ क्षणिक६म् क्षणिक०न अर्थ७त् ।	0x6058afaf	amoand.w t6,t0,(a7)
परमाणुयुक्तम्ॱअ३२ क्षणिक६म् स्थिर१न स्थिर११त् ।	0x609dafaf	amoand.w t6,s1,(s11)
परमाणुयुक्तम्ॱअ३२ क्षणिक६म् स्थिर११न क्षणिक३त् ।	0x61be2faf	amoand.w t6,s11,(t3)
परमाणुविकल्पःॱअ३२ शून्यःम् शून्यःन शून्यःत् ।	0x4000202f	amoor.w zero,zero,(zero)
परमाणुविकल्पःॱअ३२ शून्यःम् क्षणिक०न पुनःस्थानम्त् ।	0x4050a02f	amoor.w zero,t0,(ra)
परमाणुविकल्पःॱअ३२ शून्यःम् स्थिर१न स्तूपसूचकःत् ।	0x4091202f	amoor.w zero,s1,(sp)
परमाणुविकल्पःॱअ३२ शून्यःम् स्थिर११न क्षणिक०त् ।	0x41b2a02f	amoor.w zero,s11,(t0)
परमाणुविकल्पःॱअ३२ पुनःस्थानम्म् शून्यःन क्षणिक२त् ।	0x4003a0af	amoor.w ra,zero,(t2)
परमाणुविकल्पःॱअ३२ पुनःस्थानम्म् क्षणिक०न स्थिर०त् ।	0x405420af	amoor.w ra,t0,(s0)
परमाणुविकल्पःॱअ३२ पुनःस्थानम्म् स्थिर१न स्थिर१त् ।	0x4094a0af	amoor.w ra,s1,(s1)
परमाणुविकल्पःॱअ३२ पुनःस्थानम्म् स्थिर११न अर्थ०त् ।	0x41b520af	amoor.w ra,s11,(a0)
परमाणुविकल्पःॱअ३२ स्तूपसूचकःम् शून्यःन अर्थ७त् ।	0x4008a12f	amoor.w sp,zero,(a7)
परमाणुविकल्पःॱअ३२ स्तूपसूचकःम् क्षणिक०न स्थिर११त् ।	0x405da12f	amoor.w sp,t0,(s11)
परमाणुविकल्पःॱअ३२ स्तूपसूचकःम् स्थिर१न क्षणिक३त् ।	0x409e212f	amoor.w sp,s1,(t3)
परमाणुविकल्पःॱअ३२ स्तूपसूचकःम् स्थिर११न क्षणिक६त् ।	0x41bfa12f	amoor.w sp,s11,(t6)
परमाणुविकल्पःॱअ३२ क्षणिक०म् पुनःस्थानम्न शून्यःत् ।	0x401022af	amoor.w t0,ra,(zero)
परमाणुविकल्पःॱअ३२ क्षणिक०म् क्षणिक२न पुनःस्थानम्त् ।	0x4070a2af	amoor.w t0,t2,(ra)
परमाणुविकल्पःॱअ३२ क्षणिक०म् अर्थ०न स्तूपसूचकःत् ।	0x40a122af	amoor.w t0,a0,(sp)
परमाणुविकल्पःॱअ३२ क्षणिक०म् क्षणिक३न क्षणिक०त् ।	0x41c2a2af	amoor.w t0,t3,(t0)
परमाणुविकल्पःॱअ३२ क्षणिक२म् पुनःस्थानम्न क्षणिक२त् ।	0x4013a3af	amoor.w t2,ra,(t2)
परमाणुविकल्पःॱअ३२ क्षणिक२म् क्षणिक२न स्थिर०त् ।	0x407423af	amoor.w t2,t2,(s0)
परमाणुविकल्पःॱअ३२ क्षणिक२म् अर्थ०न स्थिर१त् ।	0x40a4a3af	amoor.w t2,a0,(s1)
परमाणुविकल्पःॱअ३२ क्षणिक२म् क्षणिक३न अर्थ०त् ।	0x41c523af	amoor.w t2,t3,(a0)
परमाणुविकल्पःॱअ३२ स्थिर०म् पुनःस्थानम्न अर्थ७त् ।	0x4018a42f	amoor.w s0,ra,(a7)
परमाणुविकल्पःॱअ३२ स्थिर०म् क्षणिक२न स्थिर११त् ।	0x407da42f	amoor.w s0,t2,(s11)
परमाणुविकल्पःॱअ३२ स्थिर०म् अर्थ०न क्षणिक३त् ।	0x40ae242f	amoor.w s0,a0,(t3)
परमाणुविकल्पःॱअ३२ स्थिर०म् क्षणिक३न क्षणिक६त् ।	0x41cfa42f	amoor.w s0,t3,(t6)
परमाणुविकल्पःॱअ३२ स्थिर१म् स्तूपसूचकःन शून्यःत् ।	0x402024af	amoor.w s1,sp,(zero)
परमाणुविकल्पःॱअ३२ स्थिर१म् स्थिर०न पुनःस्थानम्त् ।	0x4080a4af	amoor.w s1,s0,(ra)
परमाणुविकल्पःॱअ३२ स्थिर१म् अर्थ७न स्तूपसूचकःत् ।	0x411124af	amoor.w s1,a7,(sp)
परमाणुविकल्पःॱअ३२ स्थिर१म् क्षणिक६न क्षणिक०त् ।	0x41f2a4af	amoor.w s1,t6,(t0)
परमाणुविकल्पःॱअ३२ अर्थ०म् स्तूपसूचकःन क्षणिक२त् ।	0x4023a52f	amoor.w a0,sp,(t2)
परमाणुविकल्पःॱअ३२ अर्थ०म् स्थिर०न स्थिर०त् ।	0x4084252f	amoor.w a0,s0,(s0)
परमाणुविकल्पःॱअ३२ अर्थ०म् अर्थ७न स्थिर१त् ।	0x4114a52f	amoor.w a0,a7,(s1)
परमाणुविकल्पःॱअ३२ अर्थ०म् क्षणिक६न अर्थ०त् ।	0x41f5252f	amoor.w a0,t6,(a0)
परमाणुविकल्पःॱअ३२ अर्थ७म् स्तूपसूचकःन अर्थ७त् ।	0x4028a8af	amoor.w a7,sp,(a7)
परमाणुविकल्पःॱअ३२ अर्थ७म् स्थिर०न स्थिर११त् ।	0x408da8af	amoor.w a7,s0,(s11)
परमाणुविकल्पःॱअ३२ अर्थ७म् अर्थ७न क्षणिक३त् ।	0x411e28af	amoor.w a7,a7,(t3)
परमाणुविकल्पःॱअ३२ अर्थ७म् क्षणिक६न क्षणिक६त् ।	0x41ffa8af	amoor.w a7,t6,(t6)
परमाणुविकल्पःॱअ३२ स्थिर११म् क्षणिक०न शून्यःत् ।	0x40502daf	amoor.w s11,t0,(zero)
परमाणुविकल्पःॱअ३२ स्थिर११म् स्थिर१न पुनःस्थानम्त् ।	0x4090adaf	amoor.w s11,s1,(ra)
परमाणुविकल्पःॱअ३२ स्थिर११म् स्थिर११न स्तूपसूचकःत् ।	0x41b12daf	amoor.w s11,s11,(sp)
परमाणुविकल्पःॱअ३२ क्षणिक३म् शून्यःन क्षणिक०त् ।	0x4002ae2f	amoor.w t3,zero,(t0)
परमाणुविकल्पःॱअ३२ क्षणिक३म् क्षणिक०न क्षणिक२त् ।	0x4053ae2f	amoor.w t3,t0,(t2)
परमाणुविकल्पःॱअ३२ क्षणिक३म् स्थिर१न स्थिर०त् ।	0x40942e2f	amoor.w t3,s1,(s0)
परमाणुविकल्पःॱअ३२ क्षणिक३म् स्थिर११न स्थिर१त् ।	0x41b4ae2f	amoor.w t3,s11,(s1)
परमाणुविकल्पःॱअ३२ क्षणिक६म् शून्यःन अर्थ०त् ।	0x40052faf	amoor.w t6,zero,(a0)
परमाणुविकल्पःॱअ३२ क्षणिक६म् क्षणिक०न अर्थ७त् ।	0x4058afaf	amoor.w t6,t0,(a7)
परमाणुविकल्पःॱअ३२ क्षणिक६म् स्थिर१न स्थिर११त् ।	0x409dafaf	amoor.w t6,s1,(s11)
परमाणुविकल्पःॱअ३२ क्षणिक६म् स्थिर११न क्षणिक३त् ।	0x41be2faf	amoor.w t6,s11,(t3)
परमाणुवैषम्यम्ॱअ३२ शून्यःम् शून्यःन शून्यःत् ।	0x2000202f	amoxor.w zero,zero,(zero)
परमाणुवैषम्यम्ॱअ३२ शून्यःम् क्षणिक०न पुनःस्थानम्त् ।	0x2050a02f	amoxor.w zero,t0,(ra)
परमाणुवैषम्यम्ॱअ३२ शून्यःम् स्थिर१न स्तूपसूचकःत् ।	0x2091202f	amoxor.w zero,s1,(sp)
परमाणुवैषम्यम्ॱअ३२ शून्यःम् स्थिर११न क्षणिक०त् ।	0x21b2a02f	amoxor.w zero,s11,(t0)
परमाणुवैषम्यम्ॱअ३२ पुनःस्थानम्म् शून्यःन क्षणिक२त् ।	0x2003a0af	amoxor.w ra,zero,(t2)
परमाणुवैषम्यम्ॱअ३२ पुनःस्थानम्म् क्षणिक०न स्थिर०त् ।	0x205420af	amoxor.w ra,t0,(s0)
परमाणुवैषम्यम्ॱअ३२ पुनःस्थानम्म् स्थिर१न स्थिर१त् ।	0x2094a0af	amoxor.w ra,s1,(s1)
परमाणुवैषम्यम्ॱअ३२ पुनःस्थानम्म् स्थिर११न अर्थ०त् ।	0x21b520af	amoxor.w ra,s11,(a0)
परमाणुवैषम्यम्ॱअ३२ स्तूपसूचकःम् शून्यःन अर्थ७त् ।	0x2008a12f	amoxor.w sp,zero,(a7)
परमाणुवैषम्यम्ॱअ३२ स्तूपसूचकःम् क्षणिक०न स्थिर११त् ।	0x205da12f	amoxor.w sp,t0,(s11)
परमाणुवैषम्यम्ॱअ३२ स्तूपसूचकःम् स्थिर१न क्षणिक३त् ।	0x209e212f	amoxor.w sp,s1,(t3)
परमाणुवैषम्यम्ॱअ३२ स्तूपसूचकःम् स्थिर११न क्षणिक६त् ।	0x21bfa12f	amoxor.w sp,s11,(t6)
परमाणुवैषम्यम्ॱअ३२ क्षणिक०म् पुनःस्थानम्न शून्यःत् ।	0x201022af	amoxor.w t0,ra,(zero)
परमाणुवैषम्यम्ॱअ३२ क्षणिक०म् क्षणिक२न पुनःस्थानम्त् ।	0x2070a2af	amoxor.w t0,t2,(ra)
परमाणुवैषम्यम्ॱअ३२ क्षणिक०म् अर्थ०न स्तूपसूचकःत् ।	0x20a122af	amoxor.w t0,a0,(sp)
परमाणुवैषम्यम्ॱअ३२ क्षणिक०म् क्षणिक३न क्षणिक०त् ।	0x21c2a2af	amoxor.w t0,t3,(t0)
परमाणुवैषम्यम्ॱअ३२ क्षणिक२म् पुनःस्थानम्न क्षणिक२त् ।	0x2013a3af	amoxor.w t2,ra,(t2)
परमाणुवैषम्यम्ॱअ३२ क्षणिक२म् क्षणिक२न स्थिर०त् ।	0x207423af	amoxor.w t2,t2,(s0)
परमाणुवैषम्यम्ॱअ३२ क्षणिक२म् अर्थ०न स्थिर१त् ।	0x20a4a3af	amoxor.w t2,a0,(s1)
परमाणुवैषम्यम्ॱअ३२ क्षणिक२म् क्षणिक३न अर्थ०त् ।	0x21c523af	amoxor.w t2,t3,(a0)
परमाणुवैषम्यम्ॱअ३२ स्थिर०म् पुनःस्थानम्न अर्थ७त् ।	0x2018a42f	amoxor.w s0,ra,(a7)
परमाणुवैषम्यम्ॱअ३२ स्थिर०म् क्षणिक२न स्थिर११त् ।	0x207da42f	amoxor.w s0,t2,(s11)
परमाणुवैषम्यम्ॱअ३२ स्थिर०म् अर्थ०न क्षणिक३त् ।	0x20ae242f	amoxor.w s0,a0,(t3)
परमाणुवैषम्यम्ॱअ३२ स्थिर०म् क्षणिक३न क्षणिक६त् ।	0x21cfa42f	amoxor.w s0,t3,(t6)
परमाणुवैषम्यम्ॱअ३२ स्थिर१म् स्तूपसूचकःन शून्यःत् ।	0x202024af	amoxor.w s1,sp,(zero)
परमाणुवैषम्यम्ॱअ३२ स्थिर१म् स्थिर०न पुनःस्थानम्त् ।	0x2080a4af	amoxor.w s1,s0,(ra)
परमाणुवैषम्यम्ॱअ३२ स्थिर१म् अर्थ७न स्तूपसूचकःत् ।	0x211124af	amoxor.w s1,a7,(sp)
परमाणुवैषम्यम्ॱअ३२ स्थिर१म् क्षणिक६न क्षणिक०त् ।	0x21f2a4af	amoxor.w s1,t6,(t0)
परमाणुवैषम्यम्ॱअ३२ अर्थ०म् स्तूपसूचकःन क्षणिक२त् ।	0x2023a52f	amoxor.w a0,sp,(t2)
परमाणुवैषम्यम्ॱअ३२ अर्थ०म् स्थिर०न स्थिर०त् ।	0x2084252f	amoxor.w a0,s0,(s0)
परमाणुवैषम्यम्ॱअ३२ अर्थ०म् अर्थ७न स्थिर१त् ।	0x2114a52f	amoxor.w a0,a7,(s1)
परमाणुवैषम्यम्ॱअ३२ अर्थ०म् क्षणिक६न अर्थ०त् ।	0x21f5252f	amoxor.w a0,t6,(a0)
परमाणुवैषम्यम्ॱअ३२ अर्थ७म् स्तूपसूचकःन अर्थ७त् ।	0x2028a8af	amoxor.w a7,sp,(a7)
परमाणुवैषम्यम्ॱअ३२ अर्थ७म् स्थिर०न स्थिर११त् ।	0x208da8af	amoxor.w a7,s0,(s11)
परमाणुवैषम्यम्ॱअ३२ अर्थ७म् अर्थ७न क्षणिक३त् ।	0x211e28af	amoxor.w a7,a7,(t3)
परमाणुवैषम्यम्ॱअ३२ अर्थ७म् क्षणिक६न क्षणिक६त् ।	0x21ffa8af	amoxor.w a7,t6,(t6)
परमाणुवैषम्यम्ॱअ३२ स्थिर११म् क्षणिक०न शून्यःत् ।	0x20502daf	amoxor.w s11,t0,(zero)
परमाणुवैषम्यम्ॱअ३२ स्थिर११म् स्थिर१न पुनःस्थानम्त् ।	0x2090adaf	amoxor.w s11,s1,(ra)
परमाणुवैषम्यम्ॱअ३२ स्थिर११म् स्थिर११न स्तूपसूचकःत् ।	0x21b12daf	amoxor.w s11,s11,(sp)
परमाणुवैषम्यम्ॱअ३२ क्षणिक३म् शून्यःन क्षणिक०त् ।	0x2002ae2f	amoxor.w t3,zero,(t0)
परमाणुवैषम्यम्ॱअ३२ क्षणिक३म् क्षणिक०न क्षणिक२त् ।	0x2053ae2f	amoxor.w t3,t0,(t2)
परमाणुवैषम्यम्ॱअ३२ क्षणिक३म् स्थिर१न स्थिर०त् ।	0x20942e2f	amoxor.w t3,s1,(s0)
परमाणुवैषम्यम्ॱअ३२ क्षणिक३म् स्थिर११न स्थिर१त् ।	0x21b4ae2f	amoxor.w t3,s11,(s1)
परमाणुवैषम्यम्ॱअ३२ क्षणिक६म् शून्यःन अर्थ०त् ।	0x20052faf	amoxor.w t6,zero,(a0)
परमाणुवैषम्यम्ॱअ३२ क्षणिक६म् क्षणिक०न अर्थ७त् ।	0x2058afaf	amoxor.w t6,t0,(a7)
परमाणुवैषम्यम्ॱअ३२ क्षणिक६म् स्थिर१न स्थिर११त् ।	0x209dafaf	amoxor.w t6,s1,(s11)
परमाणुवैषम्यम्ॱअ३२ क्षणिक६म् स्थिर११न क्षणिक३त् ।	0x21be2faf	amoxor.w t6,s11,(t3)
परमाणुविनिमयःॱअ३२ शून्यःम् शून्यःन शून्यःत् ।	0x0800202f	amoswap.w zero,zero,(zero)
परमाणुविनिमयःॱअ३२ शून्यःम् क्षणिक०न पुनःस्थानम्त् ।	0x0850a02f	amoswap.w zero,t0,(ra)
परमाणुविनिमयःॱअ३२ शून्यःम् स्थिर१न स्तूपसूचकःत् ।	0x0891202f	amoswap.w zero,s1,(sp)
परमाणुविनिमयःॱअ३२ शून्यःम् स्थिर११न क्षणिक०त् ।	0x09b2a02f	amoswap.w zero,s11,(t0)
परमाणुविनिमयःॱअ३२ पुनःस्थानम्म् शून्यःन क्षणिक२त् ।	0x0803a0af	amoswap.w ra,zero,(t2)
परमाणुविनिमयःॱअ३२ पुनःस्थानम्म् क्षणिक०न स्थिर०त् ।	0x085420af	amoswap.w ra,t0,(s0)
परमाणुविनिमयःॱअ३२ पुनःस्थानम्म् स्थिर१न स्थिर१त् ।	0x0894a0af	amoswap.w ra,s1,(s1)
परमाणुविनिमयःॱअ३२ पुनःस्थानम्म् स्थिर११न अर्थ०त् ।	0x09b520af	amoswap.w ra,s11,(a0)
परमाणुविनिमयःॱअ३२ स्तूपसूचकःम् शून्यःन अर्थ७त् ।	0x0808a12f	amoswap.w sp,zero,(a7)
परमाणुविनिमयःॱअ३२ स्तूपसूचकःम् क्षणिक०न स्थिर११त् ।	0x085da12f	amoswap.w sp,t0,(s11)
परमाणुविनिमयःॱअ३२ स्तूपसूचकःम् स्थिर१न क्षणिक३त् ।	0x089e212f	amoswap.w sp,s1,(t3)
परमाणुविनिमयःॱअ३२ स्तूपसूचकःम् स्थिर११न क्षणिक६त् ।	0x09bfa12f	amoswap.w sp,s11,(t6)
परमाणुविनिमयःॱअ३२ क्षणिक०म् पुनःस्थानम्न शून्यःत् ।	0x081022af	amoswap.w t0,ra,(zero)
परमाणुविनिमयःॱअ३२ क्षणिक०म् क्षणिक२न पुनःस्थानम्त् ।	0x0870a2af	amoswap.w t0,t2,(ra)
परमाणुविनिमयःॱअ३२ क्षणिक०म् अर्थ०न स्तूपसूचकःत् ।	0x08a122af	amoswap.w t0,a0,(sp)
परमाणुविनिमयःॱअ३२ क्षणिक०म् क्षणिक३न क्षणिक०त् ।	0x09c2a2af	amoswap.w t0,t3,(t0)
परमाणुविनिमयःॱअ३२ क्षणिक२म् पुनःस्थानम्न क्षणिक२त् ।	0x0813a3af	amoswap.w t2,ra,(t2)
परमाणुविनिमयःॱअ३२ क्षणिक२म् क्षणिक२न स्थिर०त् ।	0x087423af	amoswap.w t2,t2,(s0)
परमाणुविनिमयःॱअ३२ क्षणिक२म् अर्थ०न स्थिर१त् ।	0x08a4a3af	amoswap.w t2,a0,(s1)
परमाणुविनिमयःॱअ३२ क्षणिक२म् क्षणिक३न अर्थ०त् ।	0x09c523af	amoswap.w t2,t3,(a0)
परमाणुविनिमयःॱअ३२ स्थिर०म् पुनःस्थानम्न अर्थ७त् ।	0x0818a42f	amoswap.w s0,ra,(a7)
परमाणुविनिमयःॱअ३२ स्थिर०म् क्षणिक२न स्थिर११त् ।	0x087da42f	amoswap.w s0,t2,(s11)
परमाणुविनिमयःॱअ३२ स्थिर०म् अर्थ०न क्षणिक३त् ।	0x08ae242f	amoswap.w s0,a0,(t3)
परमाणुविनिमयःॱअ३२ स्थिर०म् क्षणिक३न क्षणिक६त् ।	0x09cfa42f	amoswap.w s0,t3,(t6)
परमाणुविनिमयःॱअ३२ स्थिर१म् स्तूपसूचकःन शून्यःत् ।	0x082024af	amoswap.w s1,sp,(zero)
परमाणुविनिमयःॱअ३२ स्थिर१म् स्थिर०न पुनःस्थानम्त् ।	0x0880a4af	amoswap.w s1,s0,(ra)
परमाणुविनिमयःॱअ३२ स्थिर१म् अर्थ७न स्तूपसूचकःत् ।	0x091124af	amoswap.w s1,a7,(sp)
परमाणुविनिमयःॱअ३२ स्थिर१म् क्षणिक६न क्षणिक०त् ।	0x09f2a4af	amoswap.w s1,t6,(t0)
परमाणुविनिमयःॱअ३२ अर्थ०म् स्तूपसूचकःन क्षणिक२त् ।	0x0823a52f	amoswap.w a0,sp,(t2)
परमाणुविनिमयःॱअ३२ अर्थ०म् स्थिर०न स्थिर०त् ।	0x0884252f	amoswap.w a0,s0,(s0)
परमाणुविनिमयःॱअ३२ अर्थ०म् अर्थ७न स्थिर१त् ।	0x0914a52f	amoswap.w a0,a7,(s1)
परमाणुविनिमयःॱअ३२ अर्थ०म् क्षणिक६न अर्थ०त् ।	0x09f5252f	amoswap.w a0,t6,(a0)
परमाणुविनिमयःॱअ३२ अर्थ७म् स्तूपसूचकःन अर्थ७त् ।	0x0828a8af	amoswap.w a7,sp,(a7)
परमाणुविनिमयःॱअ३२ अर्थ७म् स्थिर०न स्थिर११त् ।	0x088da8af	amoswap.w a7,s0,(s11)
परमाणुविनिमयःॱअ३२ अर्थ७म् अर्थ७न क्षणिक३त् ।	0x091e28af	amoswap.w a7,a7,(t3)
परमाणुविनिमयःॱअ३२ अर्थ७म् क्षणिक६न क्षणिक६त् ।	0x09ffa8af	amoswap.w a7,t6,(t6)
परमाणुविनिमयःॱअ३२ स्थिर११म् क्षणिक०न शून्यःत् ।	0x08502daf	amoswap.w s11,t0,(zero)
परमाणुविनिमयःॱअ३२ स्थिर११म् स्थिर१न पुनःस्थानम्त् ।	0x0890adaf	amoswap.w s11,s1,(ra)
परमाणुविनिमयःॱअ३२ स्थिर११म् स्थिर११न स्तूपसूचकःत् ।	0x09b12daf	amoswap.w s11,s11,(sp)
परमाणुविनिमयःॱअ३२ क्षणिक३म् शून्यःन क्षणिक०त् ।	0x0802ae2f	amoswap.w t3,zero,(t0)
परमाणुविनिमयःॱअ३२ क्षणिक३म् क्षणिक०न क्षणिक२त् ।	0x0853ae2f	amoswap.w t3,t0,(t2)
परमाणुविनिमयःॱअ३२ क्षणिक३म् स्थिर१न स्थिर०त् ।	0x08942e2f	amoswap.w t3,s1,(s0)
परमाणुविनिमयःॱअ३२ क्षणिक३म् स्थिर११न स्थिर१त् ।	0x09b4ae2f	amoswap.w t3,s11,(s1)
परमाणुविनिमयःॱअ३२ क्षणिक६म् शून्यःन अर्थ०त् ।	0x08052faf	amoswap.w t6,zero,(a0)
परमाणुविनिमयःॱअ३२ क्षणिक६म् क्षणिक०न अर्थ७त् ।	0x0858afaf	amoswap.w t6,t0,(a7)
परमाणुविनिमयःॱअ३२ क्षणिक६म् स्थिर१न स्थिर११त् ।	0x089dafaf	amoswap.w t6,s1,(s11)
परमाणुविनिमयःॱअ३२ क्षणिक६म् स्थिर११न क्षणिक३त् ।	0x09be2faf	amoswap.w t6,s11,(t3)
परमाणुपरमम्ॱअ३२ शून्यःम् शून्यःन शून्यःत् ।	0xa000202f	amomax.w zero,zero,(zero)
परमाणुपरमम्ॱअ३२ शून्यःम् क्षणिक०न पुनःस्थानम्त् ।	0xa050a02f	amomax.w zero,t0,(ra)
परमाणुपरमम्ॱअ३२ शून्यःम् स्थिर१न स्तूपसूचकःत् ।	0xa091202f	amomax.w zero,s1,(sp)
परमाणुपरमम्ॱअ३२ शून्यःम् स्थिर११न क्षणिक०त् ।	0xa1b2a02f	amomax.w zero,s11,(t0)
परमाणुपरमम्ॱअ३२ पुनःस्थानम्म् शून्यःन क्षणिक२त् ।	0xa003a0af	amomax.w ra,zero,(t2)
परमाणुपरमम्ॱअ३२ पुनःस्थानम्म् क्षणिक०न स्थिर०त् ।	0xa05420af	amomax.w ra,t0,(s0)
परमाणुपरमम्ॱअ३२ पुनःस्थानम्म् स्थिर१न स्थिर१त् ।	0xa094a0af	amomax.w ra,s1,(s1)
परमाणुपरमम्ॱअ३२ पुनःस्थानम्म् स्थिर११न अर्थ०त् ।	0xa1b520af	amomax.w ra,s11,(a0)
परमाणुपरमम्ॱअ३२ स्तूपसूचकःम् शून्यःन अर्थ७त् ।	0xa008a12f	amomax.w sp,zero,(a7)
परमाणुपरमम्ॱअ३२ स्तूपसूचकःम् क्षणिक०न स्थिर११त् ।	0xa05da12f	amomax.w sp,t0,(s11)
परमाणुपरमम्ॱअ३२ स्तूपसूचकःम् स्थिर१न क्षणिक३त् ।	0xa09e212f	amomax.w sp,s1,(t3)
परमाणुपरमम्ॱअ३२ स्तूपसूचकःम् स्थिर११न क्षणिक६त् ।	0xa1bfa12f	amomax.w sp,s11,(t6)
परमाणुपरमम्ॱअ३२ क्षणिक०म् पुनःस्थानम्न शून्यःत् ।	0xa01022af	amomax.w t0,ra,(zero)
परमाणुपरमम्ॱअ३२ क्षणिक०म् क्षणिक२न पुनःस्थानम्त् ।	0xa070a2af	amomax.w t0,t2,(ra)
परमाणुपरमम्ॱअ३२ क्षणिक०म् अर्थ०न स्तूपसूचकःत् ।	0xa0a122af	amomax.w t0,a0,(sp)
परमाणुपरमम्ॱअ३२ क्षणिक०म् क्षणिक३न क्षणिक०त् ।	0xa1c2a2af	amomax.w t0,t3,(t0)
परमाणुपरमम्ॱअ३२ क्षणिक२म् पुनःस्थानम्न क्षणिक२त् ।	0xa013a3af	amomax.w t2,ra,(t2)
परमाणुपरमम्ॱअ३२ क्षणिक२म् क्षणिक२न स्थिर०त् ।	0xa07423af	amomax.w t2,t2,(s0)
परमाणुपरमम्ॱअ३२ क्षणिक२म् अर्थ०न स्थिर१त् ।	0xa0a4a3af	amomax.w t2,a0,(s1)
परमाणुपरमम्ॱअ३२ क्षणिक२म् क्षणिक३न अर्थ०त् ।	0xa1c523af	amomax.w t2,t3,(a0)
परमाणुपरमम्ॱअ३२ स्थिर०म् पुनःस्थानम्न अर्थ७त् ।	0xa018a42f	amomax.w s0,ra,(a7)
परमाणुपरमम्ॱअ३२ स्थिर०म् क्षणिक२न स्थिर११त् ।	0xa07da42f	amomax.w s0,t2,(s11)
परमाणुपरमम्ॱअ३२ स्थिर०म् अर्थ०न क्षणिक३त् ।	0xa0ae242f	amomax.w s0,a0,(t3)
परमाणुपरमम्ॱअ३२ स्थिर०म् क्षणिक३न क्षणिक६त् ।	0xa1cfa42f	amomax.w s0,t3,(t6)
परमाणुपरमम्ॱअ३२ स्थिर१म् स्तूपसूचकःन शून्यःत् ।	0xa02024af	amomax.w s1,sp,(zero)
परमाणुपरमम्ॱअ३२ स्थिर१म् स्थिर०न पुनःस्थानम्त् ।	0xa080a4af	amomax.w s1,s0,(ra)
परमाणुपरमम्ॱअ३२ स्थिर१म् अर्थ७न स्तूपसूचकःत् ।	0xa11124af	amomax.w s1,a7,(sp)
परमाणुपरमम्ॱअ३२ स्थिर१म् क्षणिक६न क्षणिक०त् ।	0xa1f2a4af	amomax.w s1,t6,(t0)
परमाणुपरमम्ॱअ३२ अर्थ०म् स्तूपसूचकःन क्षणिक२त् ।	0xa023a52f	amomax.w a0,sp,(t2)
परमाणुपरमम्ॱअ३२ अर्थ०म् स्थिर०न स्थिर०त् ।	0xa084252f	amomax.w a0,s0,(s0)
परमाणुपरमम्ॱअ३२ अर्थ०म् अर्थ७न स्थिर१त् ।	0xa114a52f	amomax.w a0,a7,(s1)
परमाणुपरमम्ॱअ३२ अर्थ०म् क्षणिक६न अर्थ०त् ।	0xa1f5252f	amomax.w a0,t6,(a0)
परमाणुपरमम्ॱअ३२ अर्थ७म् स्तूपसूचकःन अर्थ७त् ।	0xa028a8af	amomax.w a7,sp,(a7)
परमाणुपरमम्ॱअ३२ अर्थ७म् स्थिर०न स्थिर११त् ।	0xa08da8af	amomax.w a7,s0,(s11)
परमाणुपरमम्ॱअ३२ अर्थ७म् अर्थ७न क्षणिक३त् ।	0xa11e28af	amomax.w a7,a7,(t3)
परमाणुपरमम्ॱअ३२ अर्थ७म् क्षणिक६न क्षणिक६त् ।	0xa1ffa8af	amomax.w a7,t6,(t6)
परमाणुपरमम्ॱअ३२ स्थिर११म् क्षणिक०न शून्यःत् ।	0xa0502daf	amomax.w s11,t0,(zero)
परमाणुपरमम्ॱअ३२ स्थिर११म् स्थिर१न पुनःस्थानम्त् ।	0xa090adaf	amomax.w s11,s1,(ra)
परमाणुपरमम्ॱअ३२ स्थिर११म् स्थिर११न स्तूपसूचकःत् ।	0xa1b12daf	amomax.w s11,s11,(sp)
परमाणुपरमम्ॱअ३२ क्षणिक३म् शून्यःन क्षणिक०त् ।	0xa002ae2f	amomax.w t3,zero,(t0)
परमाणुपरमम्ॱअ३२ क्षणिक३म् क्षणिक०न क्षणिक२त् ।	0xa053ae2f	amomax.w t3,t0,(t2)
परमाणुपरमम्ॱअ३२ क्षणिक३म् स्थिर१न स्थिर०त् ।	0xa0942e2f	amomax.w t3,s1,(s0)
परमाणुपरमम्ॱअ३२ क्षणिक३म् स्थिर११न स्थिर१त् ।	0xa1b4ae2f	amomax.w t3,s11,(s1)
परमाणुपरमम्ॱअ३२ क्षणिक६म् शून्यःन अर्थ०त् ।	0xa0052faf	amomax.w t6,zero,(a0)
परमाणुपरमम्ॱअ३२ क्षणिक६म् क्षणिक०न अर्थ७त् ।	0xa058afaf	amomax.w t6,t0,(a7)
परमाणुपरमम्ॱअ३२ क्षणिक६म् स्थिर१न स्थिर११त् ।	0xa09dafaf	amomax.w t6,s1,(s11)
परमाणुपरमम्ॱअ३२ क्षणिक६म् स्थिर११न क्षणिक३त् ।	0xa1be2faf	amomax.w t6,s11,(t3)
परमाणुन्यूनतमम्ॱअ३२ शून्यःम् शून्यःन शून्यःत् ।	0x8000202f	amomin.w zero,zero,(zero)
परमाणुन्यूनतमम्ॱअ३२ शून्यःम् क्षणिक०न पुनःस्थानम्त् ।	0x8050a02f	amomin.w zero,t0,(ra)
परमाणुन्यूनतमम्ॱअ३२ शून्यःम् स्थिर१न स्तूपसूचकःत् ।	0x8091202f	amomin.w zero,s1,(sp)
परमाणुन्यूनतमम्ॱअ३२ शून्यःम् स्थिर११न क्षणिक०त् ।	0x81b2a02f	amomin.w zero,s11,(t0)
परमाणुन्यूनतमम्ॱअ३२ पुनःस्थानम्म् शून्यःन क्षणिक२त् ।	0x8003a0af	amomin.w ra,zero,(t2)
परमाणुन्यूनतमम्ॱअ३२ पुनःस्थानम्म् क्षणिक०न स्थिर०त् ।	0x805420af	amomin.w ra,t0,(s0)
परमाणुन्यूनतमम्ॱअ३२ पुनःस्थानम्म् स्थिर१न स्थिर१त् ।	0x8094a0af	amomin.w ra,s1,(s1)
परमाणुन्यूनतमम्ॱअ३२ पुनःस्थानम्म् स्थिर११न अर्थ०त् ।	0x81b520af	amomin.w ra,s11,(a0)
परमाणुन्यूनतमम्ॱअ३२ स्तूपसूचकःम् शून्यःन अर्थ७त् ।	0x8008a12f	amomin.w sp,zero,(a7)
परमाणुन्यूनतमम्ॱअ३२ स्तूपसूचकःम् क्षणिक०न स्थिर११त् ।	0x805da12f	amomin.w sp,t0,(s11)
परमाणुन्यूनतमम्ॱअ३२ स्तूपसूचकःम् स्थिर१न क्षणिक३त् ।	0x809e212f	amomin.w sp,s1,(t3)
परमाणुन्यूनतमम्ॱअ३२ स्तूपसूचकःम् स्थिर११न क्षणिक६त् ।	0x81bfa12f	amomin.w sp,s11,(t6)
परमाणुन्यूनतमम्ॱअ३२ क्षणिक०म् पुनःस्थानम्न शून्यःत् ।	0x801022af	amomin.w t0,ra,(zero)
परमाणुन्यूनतमम्ॱअ३२ क्षणिक०म् क्षणिक२न पुनःस्थानम्त् ।	0x8070a2af	amomin.w t0,t2,(ra)
परमाणुन्यूनतमम्ॱअ३२ क्षणिक०म् अर्थ०न स्तूपसूचकःत् ।	0x80a122af	amomin.w t0,a0,(sp)
परमाणुन्यूनतमम्ॱअ३२ क्षणिक०म् क्षणिक३न क्षणिक०त् ।	0x81c2a2af	amomin.w t0,t3,(t0)
परमाणुन्यूनतमम्ॱअ३२ क्षणिक२म् पुनःस्थानम्न क्षणिक२त् ।	0x8013a3af	amomin.w t2,ra,(t2)
परमाणुन्यूनतमम्ॱअ३२ क्षणिक२म् क्षणिक२न स्थिर०त् ।	0x807423af	amomin.w t2,t2,(s0)
परमाणुन्यूनतमम्ॱअ३२ क्षणिक२म् अर्थ०न स्थिर१त् ।	0x80a4a3af	amomin.w t2,a0,(s1)
परमाणुन्यूनतमम्ॱअ३२ क्षणिक२म् क्षणिक३न अर्थ०त् ।	0x81c523af	amomin.w t2,t3,(a0)
परमाणुन्यूनतमम्ॱअ३२ स्थिर०म् पुनःस्थानम्न अर्थ७त् ।	0x8018a42f	amomin.w s0,ra,(a7)
परमाणुन्यूनतमम्ॱअ३२ स्थिर०म् क्षणिक२न स्थिर११त् ।	0x807da42f	amomin.w s0,t2,(s11)
परमाणुन्यूनतमम्ॱअ३२ स्थिर०म् अर्थ०न क्षणिक३त् ।	0x80ae242f	amomin.w s0,a0,(t3)
परमाणुन्यूनतमम्ॱअ३२ स्थिर०म् क्षणिक३न क्षणिक६त् ।	0x81cfa42f	amomin.w s0,t3,(t6)
परमाणुन्यूनतमम्ॱअ३२ स्थिर१म् स्तूपसूचकःन शून्यःत् ।	0x802024af	amomin.w s1,sp,(zero)
परमाणुन्यूनतमम्ॱअ३२ स्थिर१म् स्थिर०न पुनःस्थानम्त् ।	0x8080a4af	amomin.w s1,s0,(ra)
परमाणुन्यूनतमम्ॱअ३२ स्थिर१म् अर्थ७न स्तूपसूचकःत् ।	0x811124af	amomin.w s1,a7,(sp)
परमाणुन्यूनतमम्ॱअ३२ स्थिर१म् क्षणिक६न क्षणिक०त् ।	0x81f2a4af	amomin.w s1,t6,(t0)
परमाणुन्यूनतमम्ॱअ३२ अर्थ०म् स्तूपसूचकःन क्षणिक२त् ।	0x8023a52f	amomin.w a0,sp,(t2)
परमाणुन्यूनतमम्ॱअ३२ अर्थ०म् स्थिर०न स्थिर०त् ।	0x8084252f	amomin.w a0,s0,(s0)
परमाणुन्यूनतमम्ॱअ३२ अर्थ०म् अर्थ७न स्थिर१त् ।	0x8114a52f	amomin.w a0,a7,(s1)
परमाणुन्यूनतमम्ॱअ३२ अर्थ०म् क्षणिक६न अर्थ०त् ।	0x81f5252f	amomin.w a0,t6,(a0)
परमाणुन्यूनतमम्ॱअ३२ अर्थ७म् स्तूपसूचकःन अर्थ७त् ।	0x8028a8af	amomin.w a7,sp,(a7)
परमाणुन्यूनतमम्ॱअ३२ अर्थ७म् स्थिर०न स्थिर११त् ।	0x808da8af	amomin.w a7,s0,(s11)
परमाणुन्यूनतमम्ॱअ३२ अर्थ७म् अर्थ७न क्षणिक३त् ।	0x811e28af	amomin.w a7,a7,(t3)
परमाणुन्यूनतमम्ॱअ३२ अर्थ७म् क्षणिक६न क्षणिक६त् ।	0x81ffa8af	amomin.w a7,t6,(t6)
परमाणुन्यूनतमम्ॱअ३२ स्थिर११म् क्षणिक०न शून्यःत् ।	0x80502daf	amomin.w s11,t0,(zero)
परमाणुन्यूनतमम्ॱअ३२ स्थिर११म् स्थिर१न पुनःस्थानम्त् ।	0x8090adaf	amomin.w s11,s1,(ra)
परमाणुन्यूनतमम्ॱअ३२ स्थिर११म् स्थिर११न स्तूपसूचकःत् ।	0x81b12daf	amomin.w s11,s11,(sp)
परमाणुन्यूनतमम्ॱअ३२ क्षणिक३म् शून्यःन क्षणिक०त् ।	0x8002ae2f	amomin.w t3,zero,(t0)
परमाणुन्यूनतमम्ॱअ३२ क्षणिक३म् क्षणिक०न क्षणिक२त् ।	0x8053ae2f	amomin.w t3,t0,(t2)
परमाणुन्यूनतमम्ॱअ३२ क्षणिक३म् स्थिर१न स्थिर०त् ।	0x80942e2f	amomin.w t3,s1,(s0)
परमाणुन्यूनतमम्ॱअ३२ क्षणिक३म् स्थिर११न स्थिर१त् ।	0x81b4ae2f	amomin.w t3,s11,(s1)
परमाणुन्यूनतमम्ॱअ३२ क्षणिक६म् शून्यःन अर्थ०त् ।	0x80052faf	amomin.w t6,zero,(a0)
परमाणुन्यूनतमम्ॱअ३२ क्षणिक६म् क्षणिक०न अर्थ७त् ।	0x8058afaf	amomin.w t6,t0,(a7)
परमाणुन्यूनतमम्ॱअ३२ क्षणिक६म् स्थिर१न स्थिर११त् ।	0x809dafaf	amomin.w t6,s1,(s11)
परमाणुन्यूनतमम्ॱअ३२ क्षणिक६म् स्थिर११न क्षणिक३त् ।	0x81be2faf	amomin.w t6,s11,(t3)
अचिह्नपरमाणुपरमम्ॱन३२ शून्यःम् शून्यःन शून्यःत् ।	0xe000202f	amomaxu.w zero,zero,(zero)
अचिह्नपरमाणुपरमम्ॱन३२ शून्यःम् क्षणिक०न पुनःस्थानम्त् ।	0xe050a02f	amomaxu.w zero,t0,(ra)
अचिह्नपरमाणुपरमम्ॱन३२ शून्यःम् स्थिर१न स्तूपसूचकःत् ।	0xe091202f	amomaxu.w zero,s1,(sp)
अचिह्नपरमाणुपरमम्ॱन३२ शून्यःम् स्थिर११न क्षणिक०त् ।	0xe1b2a02f	amomaxu.w zero,s11,(t0)
अचिह्नपरमाणुपरमम्ॱन३२ पुनःस्थानम्म् शून्यःन क्षणिक२त् ।	0xe003a0af	amomaxu.w ra,zero,(t2)
अचिह्नपरमाणुपरमम्ॱन३२ पुनःस्थानम्म् क्षणिक०न स्थिर०त् ।	0xe05420af	amomaxu.w ra,t0,(s0)
अचिह्नपरमाणुपरमम्ॱन३२ पुनःस्थानम्म् स्थिर१न स्थिर१त् ।	0xe094a0af	amomaxu.w ra,s1,(s1)
अचिह्नपरमाणुपरमम्ॱन३२ पुनःस्थानम्म् स्थिर११न अर्थ०त् ।	0xe1b520af	amomaxu.w ra,s11,(a0)
अचिह्नपरमाणुपरमम्ॱन३२ स्तूपसूचकःम् शून्यःन अर्थ७त् ।	0xe008a12f	amomaxu.w sp,zero,(a7)
अचिह्नपरमाणुपरमम्ॱन३२ स्तूपसूचकःम् क्षणिक०न स्थिर११त् ।	0xe05da12f	amomaxu.w sp,t0,(s11)
अचिह्नपरमाणुपरमम्ॱन३२ स्तूपसूचकःम् स्थिर१न क्षणिक३त् ।	0xe09e212f	amomaxu.w sp,s1,(t3)
अचिह्नपरमाणुपरमम्ॱन३२ स्तूपसूचकःम् स्थिर११न क्षणिक६त् ।	0xe1bfa12f	amomaxu.w sp,s11,(t6)
अचिह्नपरमाणुपरमम्ॱन३२ क्षणिक०म् पुनःस्थानम्न शून्यःत् ।	0xe01022af	amomaxu.w t0,ra,(zero)
अचिह्नपरमाणुपरमम्ॱन३२ क्षणिक०म् क्षणिक२न पुनःस्थानम्त् ।	0xe070a2af	amomaxu.w t0,t2,(ra)
अचिह्नपरमाणुपरमम्ॱन३२ क्षणिक०म् अर्थ०न स्तूपसूचकःत् ।	0xe0a122af	amomaxu.w t0,a0,(sp)
अचिह्नपरमाणुपरमम्ॱन३२ क्षणिक०म् क्षणिक३न क्षणिक०त् ।	0xe1c2a2af	amomaxu.w t0,t3,(t0)
अचिह्नपरमाणुपरमम्ॱन३२ क्षणिक२म् पुनःस्थानम्न क्षणिक२त् ।	0xe013a3af	amomaxu.w t2,ra,(t2)
अचिह्नपरमाणुपरमम्ॱन३२ क्षणिक२म् क्षणिक२न स्थिर०त् ।	0xe07423af	amomaxu.w t2,t2,(s0)
अचिह्नपरमाणुपरमम्ॱन३२ क्षणिक२म् अर्थ०न स्थिर१त् ।	0xe0a4a3af	amomaxu.w t2,a0,(s1)
अचिह्नपरमाणुपरमम्ॱन३२ क्षणिक२म् क्षणिक३न अर्थ०त् ।	0xe1c523af	amomaxu.w t2,t3,(a0)
अचिह्नपरमाणुपरमम्ॱन३२ स्थिर०म् पुनःस्थानम्न अर्थ७त् ।	0xe018a42f	amomaxu.w s0,ra,(a7)
अचिह्नपरमाणुपरमम्ॱन३२ स्थिर०म् क्षणिक२न स्थिर११त् ।	0xe07da42f	amomaxu.w s0,t2,(s11)
अचिह्नपरमाणुपरमम्ॱन३२ स्थिर०म् अर्थ०न क्षणिक३त् ।	0xe0ae242f	amomaxu.w s0,a0,(t3)
अचिह्नपरमाणुपरमम्ॱन३२ स्थिर०म् क्षणिक३न क्षणिक६त् ।	0xe1cfa42f	amomaxu.w s0,t3,(t6)
अचिह्नपरमाणुपरमम्ॱन३२ स्थिर१म् स्तूपसूचकःन शून्यःत् ।	0xe02024af	amomaxu.w s1,sp,(zero)
अचिह्नपरमाणुपरमम्ॱन३२ स्थिर१म् स्थिर०न पुनःस्थानम्त् ।	0xe080a4af	amomaxu.w s1,s0,(ra)
अचिह्नपरमाणुपरमम्ॱन३२ स्थिर१म् अर्थ७न स्तूपसूचकःत् ।	0xe11124af	amomaxu.w s1,a7,(sp)
अचिह्नपरमाणुपरमम्ॱन३२ स्थिर१म् क्षणिक६न क्षणिक०त् ।	0xe1f2a4af	amomaxu.w s1,t6,(t0)
अचिह्नपरमाणुपरमम्ॱन३२ अर्थ०म् स्तूपसूचकःन क्षणिक२त् ।	0xe023a52f	amomaxu.w a0,sp,(t2)
अचिह्नपरमाणुपरमम्ॱन३२ अर्थ०म् स्थिर०न स्थिर०त् ।	0xe084252f	amomaxu.w a0,s0,(s0)
अचिह्नपरमाणुपरमम्ॱन३२ अर्थ०म् अर्थ७न स्थिर१त् ।	0xe114a52f	amomaxu.w a0,a7,(s1)
अचिह्नपरमाणुपरमम्ॱन३२ अर्थ०म् क्षणिक६न अर्थ०त् ।	0xe1f5252f	amomaxu.w a0,t6,(a0)
अचिह्नपरमाणुपरमम्ॱन३२ अर्थ७म् स्तूपसूचकःन अर्थ७त् ।	0xe028a8af	amomaxu.w a7,sp,(a7)
अचिह्नपरमाणुपरमम्ॱन३२ अर्थ७म् स्थिर०न स्थिर११त् ।	0xe08da8af	amomaxu.w a7,s0,(s11)
अचिह्नपरमाणुपरमम्ॱन३२ अर्थ७म् अर्थ७न क्षणिक३त् ।	0xe11e28af	amomaxu.w a7,a7,(t3)
अचिह्नपरमाणुपरमम्ॱन३२ अर्थ७म् क्षणिक६न क्षणिक६त् ।	0xe1ffa8af	amomaxu.w a7,t6,(t6)
अचिह्नपरमाणुपरमम्ॱन३२ स्थिर११म् क्षणिक०न शून्यःत् ।	0xe0502daf	amomaxu.w s11,t0,(zero)
अचिह्नपरमाणुपरमम्ॱन३२ स्थिर११म् स्थिर१न पुनःस्थानम्त् ।	0xe090adaf	amomaxu.w s11,s1,(ra)
अचिह्नपरमाणुपरमम्ॱन३२ स्थिर११म् स्थिर११न स्तूपसूचकःत् ।	0xe1b12daf	amomaxu.w s11,s11,(sp)
अचिह्नपरमाणुपरमम्ॱन३२ क्षणिक३म् शून्यःन क्षणिक०त् ।	0xe002ae2f	amomaxu.w t3,zero,(t0)
अचिह्नपरमाणुपरमम्ॱन३२ क्षणिक३म् क्षणिक०न क्षणिक२त् ।	0xe053ae2f	amomaxu.w t3,t0,(t2)
अचिह्नपरमाणुपरमम्ॱन३२ क्षणिक३म् स्थिर१न स्थिर०त् ।	0xe0942e2f	amomaxu.w t3,s1,(s0)
अचिह्नपरमाणुपरमम्ॱन३२ क्षणिक३म् स्थिर११न स्थिर१त् ।	0xe1b4ae2f	amomaxu.w t3,s11,(s1)
अचिह्नपरमाणुपरमम्ॱन३२ क्षणिक६म् शून्यःन अर्थ०त् ।	0xe0052faf	amomaxu.w t6,zero,(a0)
अचिह्नपरमाणुपरमम्ॱन३२ क्षणिक६म् क्षणिक०न अर्थ७त् ।	0xe058afaf	amomaxu.w t6,t0,(a7)
अचिह्नपरमाणुपरमम्ॱन३२ क्षणिक६म् स्थिर१न स्थिर११त् ।	0xe09dafaf	amomaxu.w t6,s1,(s11)
अचिह्नपरमाणुपरमम्ॱन३२ क्षणिक६म् स्थिर११न क्षणिक३त् ।	0xe1be2faf	amomaxu.w t6,s11,(t3)
अचिह्नपरमाणुन्यूनतमम्ॱन३२ शून्यःम् शून्यःन शून्यःत् ।	0xc000202f	amominu.w zero,zero,(zero)
अचिह्नपरमाणुन्यूनतमम्ॱन३२ शून्यःम् क्षणिक०न पुनःस्थानम्त् ।	0xc050a02f	amominu.w zero,t0,(ra)
अचिह्नपरमाणुन्यूनतमम्ॱन३२ शून्यःम् स्थिर१न स्तूपसूचकःत् ।	0xc091202f	amominu.w zero,s1,(sp)
अचिह्नपरमाणुन्यूनतमम्ॱन३२ शून्यःम् स्थिर११न क्षणिक०त् ।	0xc1b2a02f	amominu.w zero,s11,(t0)
अचिह्नपरमाणुन्यूनतमम्ॱन३२ पुनःस्थानम्म् शून्यःन क्षणिक२त् ।	0xc003a0af	amominu.w ra,zero,(t2)
अचिह्नपरमाणुन्यूनतमम्ॱन३२ पुनःस्थानम्म् क्षणिक०न स्थिर०त् ।	0xc05420af	amominu.w ra,t0,(s0)
अचिह्नपरमाणुन्यूनतमम्ॱन३२ पुनःस्थानम्म् स्थिर१न स्थिर१त् ।	0xc094a0af	amominu.w ra,s1,(s1)
अचिह्नपरमाणुन्यूनतमम्ॱन३२ पुनःस्थानम्म् स्थिर११न अर्थ०त् ।	0xc1b520af	amominu.w ra,s11,(a0)
अचिह्नपरमाणुन्यूनतमम्ॱन३२ स्तूपसूचकःम् शून्यःन अर्थ७त् ।	0xc008a12f	amominu.w sp,zero,(a7)
अचिह्नपरमाणुन्यूनतमम्ॱन३२ स्तूपसूचकःम् क्षणिक०न स्थिर११त् ।	0xc05da12f	amominu.w sp,t0,(s11)
अचिह्नपरमाणुन्यूनतमम्ॱन३२ स्तूपसूचकःम् स्थिर१न क्षणिक३त् ।	0xc09e212f	amominu.w sp,s1,(t3)
अचिह्नपरमाणुन्यूनतमम्ॱन३२ स्तूपसूचकःम् स्थिर११न क्षणिक६त् ।	0xc1bfa12f	amominu.w sp,s11,(t6)
अचिह्नपरमाणुन्यूनतमम्ॱन३२ क्षणिक०म् पुनःस्थानम्न शून्यःत् ।	0xc01022af	amominu.w t0,ra,(zero)
अचिह्नपरमाणुन्यूनतमम्ॱन३२ क्षणिक०म् क्षणिक२न पुनःस्थानम्त् ।	0xc070a2af	amominu.w t0,t2,(ra)
अचिह्नपरमाणुन्यूनतमम्ॱन३२ क्षणिक०म् अर्थ०न स्तूपसूचकःत् ।	0xc0a122af	amominu.w t0,a0,(sp)
अचिह्नपरमाणुन्यूनतमम्ॱन३२ क्षणिक०म् क्षणिक३न क्षणिक०त् ।	0xc1c2a2af	amominu.w t0,t3,(t0)
अचिह्नपरमाणुन्यूनतमम्ॱन३२ क्षणिक२म् पुनःस्थानम्न क्षणिक२त् ।	0xc013a3af	amominu.w t2,ra,(t2)
अचिह्नपरमाणुन्यूनतमम्ॱन३२ क्षणिक२म् क्षणिक२न स्थिर०त् ।	0xc07423af	amominu.w t2,t2,(s0)
अचिह्नपरमाणुन्यूनतमम्ॱन३२ क्षणिक२म् अर्थ०न स्थिर१त् ।	0xc0a4a3af	amominu.w t2,a0,(s1)
अचिह्नपरमाणुन्यूनतमम्ॱन३२ क्षणिक२म् क्षणिक३न अर्थ०त् ।	0xc1c523af	amominu.w t2,t3,(a0)
अचिह्नपरमाणुन्यूनतमम्ॱन३२ स्थिर०म् पुनःस्थानम्न अर्थ७त् ।	0xc018a42f	amominu.w s0,ra,(a7)
अचिह्नपरमाणुन्यूनतमम्ॱन३२ स्थिर०म् क्षणिक२न स्थिर११त् ।	0xc07da42f	amominu.w s0,t2,(s11)
अचिह्नपरमाणुन्यूनतमम्ॱन३२ स्थिर०म् अर्थ०न क्षणिक३त् ।	0xc0ae242f	amominu.w s0,a0,(t3)
अचिह्नपरमाणुन्यूनतमम्ॱन३२ स्थिर०म् क्षणिक३न क्षणिक६त् ।	0xc1cfa42f	amominu.w s0,t3,(t6)
अचिह्नपरमाणुन्यूनतमम्ॱन३२ स्थिर१म् स्तूपसूचकःन शून्यःत् ।	0xc02024af	amominu.w s1,sp,(zero)
अचिह्नपरमाणुन्यूनतमम्ॱन३२ स्थिर१म् स्थिर०न पुनःस्थानम्त् ।	0xc080a4af	amominu.w s1,s0,(ra)
अचिह्नपरमाणुन्यूनतमम्ॱन३२ स्थिर१म् अर्थ७न स्तूपसूचकःत् ।	0xc11124af	amominu.w s1,a7,(sp)
अचिह्नपरमाणुन्यूनतमम्ॱन३२ स्थिर१म् क्षणिक६न क्षणिक०त् ।	0xc1f2a4af	amominu.w s1,t6,(t0)
अचिह्नपरमाणुन्यूनतमम्ॱन३२ अर्थ०म् स्तूपसूचकःन क्षणिक२त् ।	0xc023a52f	amominu.w a0,sp,(t2)
अचिह्नपरमाणुन्यूनतमम्ॱन३२ अर्थ०म् स्थिर०न स्थिर०त् ।	0xc084252f	amominu.w a0,s0,(s0)
अचिह्नपरमाणुन्यूनतमम्ॱन३२ अर्थ०म् अर्थ७न स्थिर१त् ।	0xc114a52f	amominu.w a0,a7,(s1)
अचिह्नपरमाणुन्यूनतमम्ॱन३२ अर्थ०म् क्षणिक६न अर्थ०त् ।	0xc1f5252f	amominu.w a0,t6,(a0)
अचिह्नपरमाणुन्यूनतमम्ॱन३२ अर्थ७म् स्तूपसूचकःन अर्थ७त् ।	0xc028a8af	amominu.w a7,sp,(a7)
अचिह्नपरमाणुन्यूनतमम्ॱन३२ अर्थ७म् स्थिर०न स्थिर११त् ।	0xc08da8af	amominu.w a7,s0,(s11)
अचिह्नपरमाणुन्यूनतमम्ॱन३२ अर्थ७म् अर्थ७न क्षणिक३त् ।	0xc11e28af	amominu.w a7,a7,(t3)
अचिह्नपरमाणुन्यूनतमम्ॱन३२ अर्थ७म् क्षणिक६न क्षणिक६त् ।	0xc1ffa8af	amominu.w a7,t6,(t6)
अचिह्नपरमाणुन्यूनतमम्ॱन३२ स्थिर११म् क्षणिक०न शून्यःत् ।	0xc0502daf	amominu.w s11,t0,(zero)
अचिह्नपरमाणुन्यूनतमम्ॱन३२ स्थिर११म् स्थिर१न पुनःस्थानम्त् ।	0xc090adaf	amominu.w s11,s1,(ra)
अचिह्नपरमाणुन्यूनतमम्ॱन३२ स्थिर११म् स्थिर११न स्तूपसूचकःत् ।	0xc1b12daf	amominu.w s11,s11,(sp)
अचिह्नपरमाणुन्यूनतमम्ॱन३२ क्षणिक३म् शून्यःन क्षणिक०त् ।	0xc002ae2f	amominu.w t3,zero,(t0)
अचिह्नपरमाणुन्यूनतमम्ॱन३२ क्षणिक३म् क्षणिक०न क्षणिक२त् ।	0xc053ae2f	amominu.w t3,t0,(t2)
अचिह्नपरमाणुन्यूनतमम्ॱन३२ क्षणिक३म् स्थिर१न स्थिर०त् ।	0xc0942e2f	amominu.w t3,s1,(s0)
अचिह्नपरमाणुन्यूनतमम्ॱन३२ क्षणिक३म् स्थिर११न स्थिर१त् ।	0xc1b4ae2f	amominu.w t3,s11,(s1)
अचिह्नपरमाणुन्यूनतमम्ॱन३२ क्षणिक६म् शून्यःन अर्थ०त् ।	0xc0052faf	amominu.w t6,zero,(a0)
अचिह्नपरमाणुन्यूनतमम्ॱन३२ क्षणिक६म् क्षणिक०न अर्थ७त् ।	0xc058afaf	amominu.w t6,t0,(a7)
अचिह्नपरमाणुन्यूनतमम्ॱन३२ क्षणिक६म् स्थिर१न स्थिर११त् ।	0xc09dafaf	amominu.w t6,s1,(s11)
अचिह्नपरमाणुन्यूनतमम्ॱन३२ क्षणिक६म् स्थिर११न क्षणिक३त् ।	0xc1be2faf	amominu.w t6,s11,(t3)
परमाणुयोगःॱअ६४ शून्यःम् शून्यःन शून्यःत् ।	0x0000302f	amoadd.d zero,zero,(zero)
परमाणुयोगःॱअ६४ शून्यःम् क्षणिक०न पुनःस्थानम्त् ।	0x0050b02f	amoadd.d zero,t0,(ra)
परमाणुयोगःॱअ६४ शून्यःम् स्थिर१न स्तूपसूचकःत् ।	0x0091302f	amoadd.d zero,s1,(sp)
परमाणुयोगःॱअ६४ शून्यःम् स्थिर११न क्षणिक०त् ।	0x01b2b02f	amoadd.d zero,s11,(t0)
परमाणुयोगःॱअ६४ पुनःस्थानम्म् शून्यःन क्षणिक२त् ।	0x0003b0af	amoadd.d ra,zero,(t2)
परमाणुयोगःॱअ६४ पुनःस्थानम्म् क्षणिक०न स्थिर०त् ।	0x005430af	amoadd.d ra,t0,(s0)
परमाणुयोगःॱअ६४ पुनःस्थानम्म् स्थिर१न स्थिर१त् ।	0x0094b0af	amoadd.d ra,s1,(s1)
परमाणुयोगःॱअ६४ पुनःस्थानम्म् स्थिर११न अर्थ०त् ।	0x01b530af	amoadd.d ra,s11,(a0)
परमाणुयोगःॱअ६४ स्तूपसूचकःम् शून्यःन अर्थ७त् ।	0x0008b12f	amoadd.d sp,zero,(a7)
परमाणुयोगःॱअ६४ स्तूपसूचकःम् क्षणिक०न स्थिर११त् ।	0x005db12f	amoadd.d sp,t0,(s11)
परमाणुयोगःॱअ६४ स्तूपसूचकःम् स्थिर१न क्षणिक३त् ।	0x009e312f	amoadd.d sp,s1,(t3)
परमाणुयोगःॱअ६४ स्तूपसूचकःम् स्थिर११न क्षणिक६त् ।	0x01bfb12f	amoadd.d sp,s11,(t6)
परमाणुयोगःॱअ६४ क्षणिक०म् पुनःस्थानम्न शून्यःत् ।	0x001032af	amoadd.d t0,ra,(zero)
परमाणुयोगःॱअ६४ क्षणिक०म् क्षणिक२न पुनःस्थानम्त् ।	0x0070b2af	amoadd.d t0,t2,(ra)
परमाणुयोगःॱअ६४ क्षणिक०म् अर्थ०न स्तूपसूचकःत् ।	0x00a132af	amoadd.d t0,a0,(sp)
परमाणुयोगःॱअ६४ क्षणिक०म् क्षणिक३न क्षणिक०त् ।	0x01c2b2af	amoadd.d t0,t3,(t0)
परमाणुयोगःॱअ६४ क्षणिक२म् पुनःस्थानम्न क्षणिक२त् ।	0x0013b3af	amoadd.d t2,ra,(t2)
परमाणुयोगःॱअ६४ क्षणिक२म् क्षणिक२न स्थिर०त् ।	0x007433af	amoadd.d t2,t2,(s0)
परमाणुयोगःॱअ६४ क्षणिक२म् अर्थ०न स्थिर१त् ।	0x00a4b3af	amoadd.d t2,a0,(s1)
परमाणुयोगःॱअ६४ क्षणिक२म् क्षणिक३न अर्थ०त् ।	0x01c533af	amoadd.d t2,t3,(a0)
परमाणुयोगःॱअ६४ स्थिर०म् पुनःस्थानम्न अर्थ७त् ।	0x0018b42f	amoadd.d s0,ra,(a7)
परमाणुयोगःॱअ६४ स्थिर०म् क्षणिक२न स्थिर११त् ।	0x007db42f	amoadd.d s0,t2,(s11)
परमाणुयोगःॱअ६४ स्थिर०म् अर्थ०न क्षणिक३त् ।	0x00ae342f	amoadd.d s0,a0,(t3)
परमाणुयोगःॱअ६४ स्थिर०म् क्षणिक३न क्षणिक६त् ।	0x01cfb42f	amoadd.d s0,t3,(t6)
परमाणुयोगःॱअ६४ स्थिर१म् स्तूपसूचकःन शून्यःत् ।	0x002034af	amoadd.d s1,sp,(zero)
परमाणुयोगःॱअ६४ स्थिर१म् स्थिर०न पुनःस्थानम्त् ।	0x0080b4af	amoadd.d s1,s0,(ra)
परमाणुयोगःॱअ६४ स्थिर१म् अर्थ७न स्तूपसूचकःत् ।	0x011134af	amoadd.d s1,a7,(sp)
परमाणुयोगःॱअ६४ स्थिर१म् क्षणिक६न क्षणिक०त् ।	0x01f2b4af	amoadd.d s1,t6,(t0)
परमाणुयोगःॱअ६४ अर्थ०म् स्तूपसूचकःन क्षणिक२त् ।	0x0023b52f	amoadd.d a0,sp,(t2)
परमाणुयोगःॱअ६४ अर्थ०म् स्थिर०न स्थिर०त् ।	0x0084352f	amoadd.d a0,s0,(s0)
परमाणुयोगःॱअ६४ अर्थ०म् अर्थ७न स्थिर१त् ।	0x0114b52f	amoadd.d a0,a7,(s1)
परमाणुयोगःॱअ६४ अर्थ०म् क्षणिक६न अर्थ०त् ।	0x01f5352f	amoadd.d a0,t6,(a0)
परमाणुयोगःॱअ६४ अर्थ७म् स्तूपसूचकःन अर्थ७त् ।	0x0028b8af	amoadd.d a7,sp,(a7)
परमाणुयोगःॱअ६४ अर्थ७म् स्थिर०न स्थिर११त् ।	0x008db8af	amoadd.d a7,s0,(s11)
परमाणुयोगःॱअ६४ अर्थ७म् अर्थ७न क्षणिक३त् ।	0x011e38af	amoadd.d a7,a7,(t3)
परमाणुयोगःॱअ६४ अर्थ७म् क्षणिक६न क्षणिक६त् ।	0x01ffb8af	amoadd.d a7,t6,(t6)
परमाणुयोगःॱअ६४ स्थिर११म् क्षणिक०न शून्यःत् ।	0x00503daf	amoadd.d s11,t0,(zero)
परमाणुयोगःॱअ६४ स्थिर११म् स्थिर१न पुनःस्थानम्त् ।	0x0090bdaf	amoadd.d s11,s1,(ra)
परमाणुयोगःॱअ६४ स्थिर११म् स्थिर११न स्तूपसूचकःत् ।	0x01b13daf	amoadd.d s11,s11,(sp)
परमाणुयोगःॱअ६४ क्षणिक३म् शून्यःन क्षणिक०त् ।	0x0002be2f	amoadd.d t3,zero,(t0)
परमाणुयोगःॱअ६४ क्षणिक३म् क्षणिक०न क्षणिक२त् ।	0x0053be2f	amoadd.d t3,t0,(t2)
परमाणुयोगःॱअ६४ क्षणिक३म् स्थिर१न स्थिर०त् ।	0x00943e2f	amoadd.d t3,s1,(s0)
परमाणुयोगःॱअ६४ क्षणिक३म् स्थिर११न स्थिर१त् ।	0x01b4be2f	amoadd.d t3,s11,(s1)
परमाणुयोगःॱअ६४ क्षणिक६म् शून्यःन अर्थ०त् ।	0x00053faf	amoadd.d t6,zero,(a0)
परमाणुयोगःॱअ६४ क्षणिक६म् क्षणिक०न अर्थ७त् ।	0x0058bfaf	amoadd.d t6,t0,(a7)
परमाणुयोगःॱअ६४ क्षणिक६म् स्थिर१न स्थिर११त् ।	0x009dbfaf	amoadd.d t6,s1,(s11)
परमाणुयोगःॱअ६४ क्षणिक६म् स्थिर११न क्षणिक३त् ।	0x01be3faf	amoadd.d t6,s11,(t3)
परमाणुयुक्तम्ॱअ६४ शून्यःम् शून्यःन शून्यःत् ।	0x6000302f	amoand.d zero,zero,(zero)
परमाणुयुक्तम्ॱअ६४ शून्यःम् क्षणिक०न पुनःस्थानम्त् ।	0x6050b02f	amoand.d zero,t0,(ra)
परमाणुयुक्तम्ॱअ६४ शून्यःम् स्थिर१न स्तूपसूचकःत् ।	0x6091302f	amoand.d zero,s1,(sp)
परमाणुयुक्तम्ॱअ६४ शून्यःम् स्थिर११न क्षणिक०त् ।	0x61b2b02f	amoand.d zero,s11,(t0)
परमाणुयुक्तम्ॱअ६४ पुनःस्थानम्म् शून्यःन क्षणिक२त् ।	0x6003b0af	amoand.d ra,zero,(t2)
परमाणुयुक्तम्ॱअ६४ पुनःस्थानम्म् क्षणिक०न स्थिर०त् ।	0x605430af	amoand.d ra,t0,(s0)
परमाणुयुक्तम्ॱअ६४ पुनःस्थानम्म् स्थिर१न स्थिर१त् ।	0x6094b0af	amoand.d ra,s1,(s1)
परमाणुयुक्तम्ॱअ६४ पुनःस्थानम्म् स्थिर११न अर्थ०त् ।	0x61b530af	amoand.d ra,s11,(a0)
परमाणुयुक्तम्ॱअ६४ स्तूपसूचकःम् शून्यःन अर्थ७त् ।	0x6008b12f	amoand.d sp,zero,(a7)
परमाणुयुक्तम्ॱअ६४ स्तूपसूचकःम् क्षणिक०न स्थिर११त् ।	0x605db12f	amoand.d sp,t0,(s11)
परमाणुयुक्तम्ॱअ६४ स्तूपसूचकःम् स्थिर१न क्षणिक३त् ।	0x609e312f	amoand.d sp,s1,(t3)
परमाणुयुक्तम्ॱअ६४ स्तूपसूचकःम् स्थिर११न क्षणिक६त् ।	0x61bfb12f	amoand.d sp,s11,(t6)
परमाणुयुक्तम्ॱअ६४ क्षणिक०म् पुनःस्थानम्न शून्यःत् ।	0x601032af	amoand.d t0,ra,(zero)
परमाणुयुक्तम्ॱअ६४ क्षणिक०म् क्षणिक२न पुनःस्थानम्त् ।	0x6070b2af	amoand.d t0,t2,(ra)
परमाणुयुक्तम्ॱअ६४ क्षणिक०म् अर्थ०न स्तूपसूचकःत् ।	0x60a132af	amoand.d t0,a0,(sp)
परमाणुयुक्तम्ॱअ६४ क्षणिक०म् क्षणिक३न क्षणिक०त् ।	0x61c2b2af	amoand.d t0,t3,(t0)
परमाणुयुक्तम्ॱअ६४ क्षणिक२म् पुनःस्थानम्न क्षणिक२त् ।	0x6013b3af	amoand.d t2,ra,(t2)
परमाणुयुक्तम्ॱअ६४ क्षणिक२म् क्षणिक२न स्थिर०त् ।	0x607433af	amoand.d t2,t2,(s0)
परमाणुयुक्तम्ॱअ६४ क्षणिक२म् अर्थ०न स्थिर१त् ।	0x60a4b3af	amoand.d t2,a0,(s1)
परमाणुयुक्तम्ॱअ६४ क्षणिक२म् क्षणिक३न अर्थ०त् ।	0x61c533af	amoand.d t2,t3,(a0)
परमाणुयुक्तम्ॱअ६४ स्थिर०म् पुनःस्थानम्न अर्थ७त् ।	0x6018b42f	amoand.d s0,ra,(a7)
परमाणुयुक्तम्ॱअ६४ स्थिर०म् क्षणिक२न स्थिर११त् ।	0x607db42f	amoand.d s0,t2,(s11)
परमाणुयुक्तम्ॱअ६४ स्थिर०म् अर्थ०न क्षणिक३त् ।	0x60ae342f	amoand.d s0,a0,(t3)
परमाणुयुक्तम्ॱअ६४ स्थिर०म् क्षणिक३न क्षणिक६त् ।	0x61cfb42f	amoand.d s0,t3,(t6)
परमाणुयुक्तम्ॱअ६४ स्थिर१म् स्तूपसूचकःन शून्यःत् ।	0x602034af	amoand.d s1,sp,(zero)
परमाणुयुक्तम्ॱअ६४ स्थिर१म् स्थिर०न पुनःस्थानम्त् ।	0x6080b4af	amoand.d s1,s0,(ra)
परमाणुयुक्तम्ॱअ६४ स्थिर१म् अर्थ७न स्तूपसूचकःत् ।	0x611134af	amoand.d s1,a7,(sp)
परमाणुयुक्तम्ॱअ६४ स्थिर१म् क्षणिक६न क्षणिक०त् ।	0x61f2b4af	amoand.d s1,t6,(t0)
परमाणुयुक्तम्ॱअ६४ अर्थ०म् स्तूपसूचकःन क्षणिक२त् ।	0x6023b52f	amoand.d a0,sp,(t2)
परमाणुयुक्तम्ॱअ६४ अर्थ०म् स्थिर०न स्थिर०त् ।	0x6084352f	amoand.d a0,s0,(s0)
परमाणुयुक्तम्ॱअ६४ अर्थ०म् अर्थ७न स्थिर१त् ।	0x6114b52f	amoand.d a0,a7,(s1)
परमाणुयुक्तम्ॱअ६४ अर्थ०म् क्षणिक६न अर्थ०त् ।	0x61f5352f	amoand.d a0,t6,(a0)
परमाणुयुक्तम्ॱअ६४ अर्थ७म् स्तूपसूचकःन अर्थ७त् ।	0x6028b8af	amoand.d a7,sp,(a7)
परमाणुयुक्तम्ॱअ६४ अर्थ७म् स्थिर०न स्थिर११त् ।	0x608db8af	amoand.d a7,s0,(s11)
परमाणुयुक्तम्ॱअ६४ अर्थ७म् अर्थ७न क्षणिक३त् ।	0x611e38af	amoand.d a7,a7,(t3)
परमाणुयुक्तम्ॱअ६४ अर्थ७म् क्षणिक६न क्षणिक६त् ।	0x61ffb8af	amoand.d a7,t6,(t6)
परमाणुयुक्तम्ॱअ६४ स्थिर११म् क्षणिक०न शून्यःत् ।	0x60503daf	amoand.d s11,t0,(zero)
परमाणुयुक्तम्ॱअ६४ स्थिर११म् स्थिर१न पुनःस्थानम्त् ।	0x6090bdaf	amoand.d s11,s1,(ra)
परमाणुयुक्तम्ॱअ६४ स्थिर११म् स्थिर११न स्तूपसूचकःत् ।	0x61b13daf	amoand.d s11,s11,(sp)
परमाणुयुक्तम्ॱअ६४ क्षणिक३म् शून्यःन क्षणिक०त् ।	0x6002be2f	amoand.d t3,zero,(t0)
परमाणुयुक्तम्ॱअ६४ क्षणिक३म् क्षणिक०न क्षणिक२त् ।	0x6053be2f	amoand.d t3,t0,(t2)
परमाणुयुक्तम्ॱअ६४ क्षणिक३म् स्थिर१न स्थिर०त् ।	0x60943e2f	amoand.d t3,s1,(s0)
परमाणुयुक्तम्ॱअ६४ क्षणिक३म् स्थिर११न स्थिर१त् ।	0x61b4be2f	amoand.d t3,s11,(s1)
परमाणुयुक्तम्ॱअ६४ क्षणिक६म् शून्यःन अर्थ०त् ।	0x60053faf	amoand.d t6,zero,(a0)
परमाणुयुक्तम्ॱअ६४ क्षणिक६म् क्षणिक०न अर्थ७त् ।	0x6058bfaf	amoand.d t6,t0,(a7)
परमाणुयुक्तम्ॱअ६४ क्षणिक६म् स्थिर१न स्थिर११त् ।	0x609dbfaf	amoand.d t6,s1,(s11)
परमाणुयुक्तम्ॱअ६४ क्षणिक६म् स्थिर११न क्षणिक३त् ।	0x61be3faf	amoand.d t6,s11,(t3)
परमाणुविकल्पःॱअ६४ शून्यःम् शून्यःन शून्यःत् ।	0x4000302f	amoor.d zero,zero,(zero)
परमाणुविकल्पःॱअ६४ शून्यःम् क्षणिक०न पुनःस्थानम्त् ।	0x4050b02f	amoor.d zero,t0,(ra)
परमाणुविकल्पःॱअ६४ शून्यःम् स्थिर१न स्तूपसूचकःत् ।	0x4091302f	amoor.d zero,s1,(sp)
परमाणुविकल्पःॱअ६४ शून्यःम् स्थिर११न क्षणिक०त् ।	0x41b2b02f	amoor.d zero,s11,(t0)
परमाणुविकल्पःॱअ६४ पुनःस्थानम्म् शून्यःन क्षणिक२त् ।	0x4003b0af	amoor.d ra,zero,(t2)
परमाणुविकल्पःॱअ६४ पुनःस्थानम्म् क्षणिक०न स्थिर०त् ।	0x405430af	amoor.d ra,t0,(s0)
परमाणुविकल्पःॱअ६४ पुनःस्थानम्म् स्थिर१न स्थिर१त् ।	0x4094b0af	amoor.d ra,s1,(s1)
परमाणुविकल्पःॱअ६४ पुनःस्थानम्म् स्थिर११न अर्थ०त् ।	0x41b530af	amoor.d ra,s11,(a0)
परमाणुविकल्पःॱअ६४ स्तूपसूचकःम् शून्यःन अर्थ७त् ।	0x4008b12f	amoor.d sp,zero,(a7)
परमाणुविकल्पःॱअ६४ स्तूपसूचकःम् क्षणिक०न स्थिर११त् ।	0x405db12f	amoor.d sp,t0,(s11)
परमाणुविकल्पःॱअ६४ स्तूपसूचकःम् स्थिर१न क्षणिक३त् ।	0x409e312f	amoor.d sp,s1,(t3)
परमाणुविकल्पःॱअ६४ स्तूपसूचकःम् स्थिर११न क्षणिक६त् ।	0x41bfb12f	amoor.d sp,s11,(t6)
परमाणुविकल्पःॱअ६४ क्षणिक०म् पुनःस्थानम्न शून्यःत् ।	0x401032af	amoor.d t0,ra,(zero)
परमाणुविकल्पःॱअ६४ क्षणिक०म् क्षणिक२न पुनःस्थानम्त् ।	0x4070b2af	amoor.d t0,t2,(ra)
परमाणुविकल्पःॱअ६४ क्षणिक०म् अर्थ०न स्तूपसूचकःत् ।	0x40a132af	amoor.d t0,a0,(sp)
परमाणुविकल्पःॱअ६४ क्षणिक०म् क्षणिक३न क्षणिक०त् ।	0x41c2b2af	amoor.d t0,t3,(t0)
परमाणुविकल्पःॱअ६४ क्षणिक२म् पुनःस्थानम्न क्षणिक२त् ।	0x4013b3af	amoor.d t2,ra,(t2)
परमाणुविकल्पःॱअ६४ क्षणिक२म् क्षणिक२न स्थिर०त् ।	0x407433af	amoor.d t2,t2,(s0)
परमाणुविकल्पःॱअ६४ क्षणिक२म् अर्थ०न स्थिर१त् ।	0x40a4b3af	amoor.d t2,a0,(s1)
परमाणुविकल्पःॱअ६४ क्षणिक२म् क्षणिक३न अर्थ०त् ।	0x41c533af	amoor.d t2,t3,(a0)
परमाणुविकल्पःॱअ६४ स्थिर०म् पुनःस्थानम्न अर्थ७त् ।	0x4018b42f	amoor.d s0,ra,(a7)
परमाणुविकल्पःॱअ६४ स्थिर०म् क्षणिक२न स्थिर११त् ।	0x407db42f	amoor.d s0,t2,(s11)
परमाणुविकल्पःॱअ६४ स्थिर०म् अर्थ०न क्षणिक३त् ।	0x40ae342f	amoor.d s0,a0,(t3)
परमाणुविकल्पःॱअ६४ स्थिर०म् क्षणिक३न क्षणिक६त् ।	0x41cfb42f	amoor.d s0,t3,(t6)
परमाणुविकल्पःॱअ६४ स्थिर१म् स्तूपसूचकःन शून्यःत् ।	0x402034af	amoor.d s1,sp,(zero)
परमाणुविकल्पःॱअ६४ स्थिर१म् स्थिर०न पुनःस्थानम्त् ।	0x4080b4af	amoor.d s1,s0,(ra)
परमाणुविकल्पःॱअ६४ स्थिर१म् अर्थ७न स्तूपसूचकःत् ।	0x411134af	amoor.d s1,a7,(sp)
परमाणुविकल्पःॱअ६४ स्थिर१म् क्षणिक६न क्षणिक०त् ।	0x41f2b4af	amoor.d s1,t6,(t0)
परमाणुविकल्पःॱअ६४ अर्थ०म् स्तूपसूचकःन क्षणिक२त् ।	0x4023b52f	amoor.d a0,sp,(t2)
परमाणुविकल्पःॱअ६४ अर्थ०म् स्थिर०न स्थिर०त् ।	0x4084352f	amoor.d a0,s0,(s0)
परमाणुविकल्पःॱअ६४ अर्थ०म् अर्थ७न स्थिर१त् ।	0x4114b52f	amoor.d a0,a7,(s1)
परमाणुविकल्पःॱअ६४ अर्थ०म् क्षणिक६न अर्थ०त् ।	0x41f5352f	amoor.d a0,t6,(a0)
परमाणुविकल्पःॱअ६४ अर्थ७म् स्तूपसूचकःन अर्थ७त् ।	0x4028b8af	amoor.d a7,sp,(a7)
परमाणुविकल्पःॱअ६४ अर्थ७म् स्थिर०न स्थिर११त् ।	0x408db8af	amoor.d a7,s0,(s11)
परमाणुविकल्पःॱअ६४ अर्थ७म् अर्थ७न क्षणिक३त् ।	0x411e38af	amoor.d a7,a7,(t3)
परमाणुविकल्पःॱअ६४ अर्थ७म् क्षणिक६न क्षणिक६त् ।	0x41ffb8af	amoor.d a7,t6,(t6)
परमाणुविकल्पःॱअ६४ स्थिर११म् क्षणिक०न शून्यःत् ।	0x40503daf	amoor.d s11,t0,(zero)
परमाणुविकल्पःॱअ६४ स्थिर११म् स्थिर१न पुनःस्थानम्त् ।	0x4090bdaf	amoor.d s11,s1,(ra)
परमाणुविकल्पःॱअ६४ स्थिर११म् स्थिर११न स्तूपसूचकःत् ।	0x41b13daf	amoor.d s11,s11,(sp)
परमाणुविकल्पःॱअ६४ क्षणिक३म् शून्यःन क्षणिक०त् ।	0x4002be2f	amoor.d t3,zero,(t0)
परमाणुविकल्पःॱअ६४ क्षणिक३म् क्षणिक०न क्षणिक२त् ।	0x4053be2f	amoor.d t3,t0,(t2)
परमाणुविकल्पःॱअ६४ क्षणिक३म् स्थिर१न स्थिर०त् ।	0x40943e2f	amoor.d t3,s1,(s0)
परमाणुविकल्पःॱअ६४ क्षणिक३म् स्थिर११न स्थिर१त् ।	0x41b4be2f	amoor.d t3,s11,(s1)
परमाणुविकल्पःॱअ६४ क्षणिक६म् शून्यःन अर्थ०त् ।	0x40053faf	amoor.d t6,zero,(a0)
परमाणुविकल्पःॱअ६४ क्षणिक६म् क्षणिक०न अर्थ७त् ।	0x4058bfaf	amoor.d t6,t0,(a7)
परमाणुविकल्पःॱअ६४ क्षणिक६म् स्थिर१न स्थिर११त् ।	0x409dbfaf	amoor.d t6,s1,(s11)
परमाणुविकल्पःॱअ६४ क्षणिक६म् स्थिर११न क्षणिक३त् ।	0x41be3faf	amoor.d t6,s11,(t3)
परमाणुवैषम्यम्ॱअ६४ शून्यःम् शून्यःन शून्यःत् ।	0x2000302f	amoxor.d zero,zero,(zero)
परमाणुवैषम्यम्ॱअ६४ शून्यःम् क्षणिक०न पुनःस्थानम्त् ।	0x2050b02f	amoxor.d zero,t0,(ra)
परमाणुवैषम्यम्ॱअ६४ शून्यःम् स्थिर१न स्तूपसूचकःत् ।	0x2091302f	amoxor.d zero,s1,(sp)
परमाणुवैषम्यम्ॱअ६४ शून्यःम् स्थिर११न क्षणिक०त् ।	0x21b2b02f	amoxor.d zero,s11,(t0)
परमाणुवैषम्यम्ॱअ६४ पुनःस्थानम्म् शून्यःन क्षणिक२त् ।	0x2003b0af	amoxor.d ra,zero,(t2)
परमाणुवैषम्यम्ॱअ६४ पुनःस्थानम्म् क्षणिक०न स्थिर०त् ।	0x205430af	amoxor.d ra,t0,(s0)
परमाणुवैषम्यम्ॱअ६४ पुनःस्थानम्म् स्थिर१न स्थिर१त् ।	0x2094b0af	amoxor.d ra,s1,(s1)
परमाणुवैषम्यम्ॱअ६४ पुनःस्थानम्म् स्थिर११न अर्थ०त् ।	0x21b530af	amoxor.d ra,s11,(a0)
परमाणुवैषम्यम्ॱअ६४ स्तूपसूचकःम् शून्यःन अर्थ७त् ।	0x2008b12f	amoxor.d sp,zero,(a7)
परमाणुवैषम्यम्ॱअ६४ स्तूपसूचकःम् क्षणिक०न स्थिर११त् ।	0x205db12f	amoxor.d sp,t0,(s11)
परमाणुवैषम्यम्ॱअ६४ स्तूपसूचकःम् स्थिर१न क्षणिक३त् ।	0x209e312f	amoxor.d sp,s1,(t3)
परमाणुवैषम्यम्ॱअ६४ स्तूपसूचकःम् स्थिर११न क्षणिक६त् ।	0x21bfb12f	amoxor.d sp,s11,(t6)
परमाणुवैषम्यम्ॱअ६४ क्षणिक०म् पुनःस्थानम्न शून्यःत् ।	0x201032af	amoxor.d t0,ra,(zero)
परमाणुवैषम्यम्ॱअ६४ क्षणिक०म् क्षणिक२न पुनःस्थानम्त् ।	0x2070b2af	amoxor.d t0,t2,(ra)
परमाणुवैषम्यम्ॱअ६४ क्षणिक०म् अर्थ०न स्तूपसूचकःत् ।	0x20a132af	amoxor.d t0,a0,(sp)
परमाणुवैषम्यम्ॱअ६४ क्षणिक०म् क्षणिक३न क्षणिक०त् ।	0x21c2b2af	amoxor.d t0,t3,(t0)
परमाणुवैषम्यम्ॱअ६४ क्षणिक२म् पुनःस्थानम्न क्षणिक२त् ।	0x2013b3af	amoxor.d t2,ra,(t2)
परमाणुवैषम्यम्ॱअ६४ क्षणिक२म् क्षणिक२न स्थिर०त् ।	0x207433af	amoxor.d t2,t2,(s0)
परमाणुवैषम्यम्ॱअ६४ क्षणिक२म् अर्थ०न स्थिर१त् ।	0x20a4b3af	amoxor.d t2,a0,(s1)
परमाणुवैषम्यम्ॱअ६४ क्षणिक२म् क्षणिक३न अर्थ०त् ।	0x21c533af	amoxor.d t2,t3,(a0)
परमाणुवैषम्यम्ॱअ६४ स्थिर०म् पुनःस्थानम्न अर्थ७त् ।	0x2018b42f	amoxor.d s0,ra,(a7)
परमाणुवैषम्यम्ॱअ६४ स्थिर०म् क्षणिक२न स्थिर११त् ।	0x207db42f	amoxor.d s0,t2,(s11)
परमाणुवैषम्यम्ॱअ६४ स्थिर०म् अर्थ०न क्षणिक३त् ।	0x20ae342f	amoxor.d s0,a0,(t3)
परमाणुवैषम्यम्ॱअ६४ स्थिर०म् क्षणिक३न क्षणिक६त् ।	0x21cfb42f	amoxor.d s0,t3,(t6)
परमाणुवैषम्यम्ॱअ६४ स्थिर१म् स्तूपसूचकःन शून्यःत् ।	0x202034af	amoxor.d s1,sp,(zero)
परमाणुवैषम्यम्ॱअ६४ स्थिर१म् स्थिर०न पुनःस्थानम्त् ।	0x2080b4af	amoxor.d s1,s0,(ra)
परमाणुवैषम्यम्ॱअ६४ स्थिर१म् अर्थ७न स्तूपसूचकःत् ।	0x211134af	amoxor.d s1,a7,(sp)
परमाणुवैषम्यम्ॱअ६४ स्थिर१म् क्षणिक६न क्षणिक०त् ।	0x21f2b4af	amoxor.d s1,t6,(t0)
परमाणुवैषम्यम्ॱअ६४ अर्थ०म् स्तूपसूचकःन क्षणिक२त् ।	0x2023b52f	amoxor.d a0,sp,(t2)
परमाणुवैषम्यम्ॱअ६४ अर्थ०म् स्थिर०न स्थिर०त् ।	0x2084352f	amoxor.d a0,s0,(s0)
परमाणुवैषम्यम्ॱअ६४ अर्थ०म् अर्थ७न स्थिर१त् ।	0x2114b52f	amoxor.d a0,a7,(s1)
परमाणुवैषम्यम्ॱअ६४ अर्थ०म् क्षणिक६न अर्थ०त् ।	0x21f5352f	amoxor.d a0,t6,(a0)
परमाणुवैषम्यम्ॱअ६४ अर्थ७म् स्तूपसूचकःन अर्थ७त् ।	0x2028b8af	amoxor.d a7,sp,(a7)
परमाणुवैषम्यम्ॱअ६४ अर्थ७म् स्थिर०न स्थिर११त् ।	0x208db8af	amoxor.d a7,s0,(s11)
परमाणुवैषम्यम्ॱअ६४ अर्थ७म् अर्थ७न क्षणिक३त् ।	0x211e38af	amoxor.d a7,a7,(t3)
परमाणुवैषम्यम्ॱअ६४ अर्थ७म् क्षणिक६न क्षणिक६त् ।	0x21ffb8af	amoxor.d a7,t6,(t6)
परमाणुवैषम्यम्ॱअ६४ स्थिर११म् क्षणिक०न शून्यःत् ।	0x20503daf	amoxor.d s11,t0,(zero)
परमाणुवैषम्यम्ॱअ६४ स्थिर११म् स्थिर१न पुनःस्थानम्त् ।	0x2090bdaf	amoxor.d s11,s1,(ra)
परमाणुवैषम्यम्ॱअ६४ स्थिर११म् स्थिर११न स्तूपसूचकःत् ।	0x21b13daf	amoxor.d s11,s11,(sp)
परमाणुवैषम्यम्ॱअ६४ क्षणिक३म् शून्यःन क्षणिक०त् ।	0x2002be2f	amoxor.d t3,zero,(t0)
परमाणुवैषम्यम्ॱअ६४ क्षणिक३म् क्षणिक०न क्षणिक२त् ।	0x2053be2f	amoxor.d t3,t0,(t2)
परमाणुवैषम्यम्ॱअ६४ क्षणिक३म् स्थिर१न स्थिर०त् ।	0x20943e2f	amoxor.d t3,s1,(s0)
परमाणुवैषम्यम्ॱअ६४ क्षणिक३म् स्थिर११न स्थिर१त् ।	0x21b4be2f	amoxor.d t3,s11,(s1)
परमाणुवैषम्यम्ॱअ६४ क्षणिक६म् शून्यःन अर्थ०त् ।	0x20053faf	amoxor.d t6,zero,(a0)
परमाणुवैषम्यम्ॱअ६४ क्षणिक६म् क्षणिक०न अर्थ७त् ।	0x2058bfaf	amoxor.d t6,t0,(a7)
परमाणुवैषम्यम्ॱअ६४ क्षणिक६म् स्थिर१न स्थिर११त् ।	0x209dbfaf	amoxor.d t6,s1,(s11)
परमाणुवैषम्यम्ॱअ६४ क्षणिक६म् स्थिर११न क्षणिक३त् ।	0x21be3faf	amoxor.d t6,s11,(t3)
परमाणुविनिमयःॱअ६४ शून्यःम् शून्यःन शून्यःत् ।	0x0800302f	amoswap.d zero,zero,(zero)
परमाणुविनिमयःॱअ६४ शून्यःम् क्षणिक०न पुनःस्थानम्त् ।	0x0850b02f	amoswap.d zero,t0,(ra)
परमाणुविनिमयःॱअ६४ शून्यःम् स्थिर१न स्तूपसूचकःत् ।	0x0891302f	amoswap.d zero,s1,(sp)
परमाणुविनिमयःॱअ६४ शून्यःम् स्थिर११न क्षणिक०त् ।	0x09b2b02f	amoswap.d zero,s11,(t0)
परमाणुविनिमयःॱअ६४ पुनःस्थानम्म् शून्यःन क्षणिक२त् ।	0x0803b0af	amoswap.d ra,zero,(t2)
परमाणुविनिमयःॱअ६४ पुनःस्थानम्म् क्षणिक०न स्थिर०त् ।	0x085430af	amoswap.d ra,t0,(s0)
परमाणुविनिमयःॱअ६४ पुनःस्थानम्म् स्थिर१न स्थिर१त् ।	0x0894b0af	amoswap.d ra,s1,(s1)
परमाणुविनिमयःॱअ६४ पुनःस्थानम्म् स्थिर११न अर्थ०त् ।	0x09b530af	amoswap.d ra,s11,(a0)
परमाणुविनिमयःॱअ६४ स्तूपसूचकःम् शून्यःन अर्थ७त् ।	0x0808b12f	amoswap.d sp,zero,(a7)
परमाणुविनिमयःॱअ६४ स्तूपसूचकःम् क्षणिक०न स्थिर११त् ।	0x085db12f	amoswap.d sp,t0,(s11)
परमाणुविनिमयःॱअ६४ स्तूपसूचकःम् स्थिर१न क्षणिक३त् ।	0x089e312f	amoswap.d sp,s1,(t3)
परमाणुविनिमयःॱअ६४ स्तूपसूचकःम् स्थिर११न क्षणिक६त् ।	0x09bfb12f	amoswap.d sp,s11,(t6)
परमाणुविनिमयःॱअ६४ क्षणिक०म् पुनःस्थानम्न शून्यःत् ।	0x081032af	amoswap.d t0,ra,(zero)
परमाणुविनिमयःॱअ६४ क्षणिक०म् क्षणिक२न पुनःस्थानम्त् ।	0x0870b2af	amoswap.d t0,t2,(ra)
परमाणुविनिमयःॱअ६४ क्षणिक०म् अर्थ०न स्तूपसूचकःत् ।	0x08a132af	amoswap.d t0,a0,(sp)
परमाणुविनिमयःॱअ६४ क्षणिक०म् क्षणिक३न क्षणिक०त् ।	0x09c2b2af	amoswap.d t0,t3,(t0)
परमाणुविनिमयःॱअ६४ क्षणिक२म् पुनःस्थानम्न क्षणिक२त् ।	0x0813b3af	amoswap.d t2,ra,(t2)
परमाणुविनिमयःॱअ६४ क्षणिक२म् क्षणिक२न स्थिर०त् ।	0x087433af	amoswap.d t2,t2,(s0)
परमाणुविनिमयःॱअ६४ क्षणिक२म् अर्थ०न स्थिर१त् ।	0x08a4b3af	amoswap.d t2,a0,(s1)
परमाणुविनिमयःॱअ६४ क्षणिक२म् क्षणिक३न अर्थ०त् ।	0x09c533af	amoswap.d t2,t3,(a0)
परमाणुविनिमयःॱअ६४ स्थिर०म् पुनःस्थानम्न अर्थ७त् ।	0x0818b42f	amoswap.d s0,ra,(a7)
परमाणुविनिमयःॱअ६४ स्थिर०म् क्षणिक२न स्थिर११त् ।	0x087db42f	amoswap.d s0,t2,(s11)
परमाणुविनिमयःॱअ६४ स्थिर०म् अर्थ०न क्षणिक३त् ।	0x08ae342f	amoswap.d s0,a0,(t3)
परमाणुविनिमयःॱअ६४ स्थिर०म् क्षणिक३न क्षणिक६त् ।	0x09cfb42f	amoswap.d s0,t3,(t6)
परमाणुविनिमयःॱअ६४ स्थिर१म् स्तूपसूचकःन शून्यःत् ।	0x082034af	amoswap.d s1,sp,(zero)
परमाणुविनिमयःॱअ६४ स्थिर१म् स्थिर०न पुनःस्थानम्त् ।	0x0880b4af	amoswap.d s1,s0,(ra)
परमाणुविनिमयःॱअ६४ स्थिर१म् अर्थ७न स्तूपसूचकःत् ।	0x091134af	amoswap.d s1,a7,(sp)
परमाणुविनिमयःॱअ६४ स्थिर१म् क्षणिक६न क्षणिक०त् ।	0x09f2b4af	amoswap.d s1,t6,(t0)
परमाणुविनिमयःॱअ६४ अर्थ०म् स्तूपसूचकःन क्षणिक२त् ।	0x0823b52f	amoswap.d a0,sp,(t2)
परमाणुविनिमयःॱअ६४ अर्थ०म् स्थिर०न स्थिर०त् ।	0x0884352f	amoswap.d a0,s0,(s0)
परमाणुविनिमयःॱअ६४ अर्थ०म् अर्थ७न स्थिर१त् ।	0x0914b52f	amoswap.d a0,a7,(s1)
परमाणुविनिमयःॱअ६४ अर्थ०म् क्षणिक६न अर्थ०त् ।	0x09f5352f	amoswap.d a0,t6,(a0)
परमाणुविनिमयःॱअ६४ अर्थ७म् स्तूपसूचकःन अर्थ७त् ।	0x0828b8af	amoswap.d a7,sp,(a7)
परमाणुविनिमयःॱअ६४ अर्थ७म् स्थिर०न स्थिर११त् ।	0x088db8af	amoswap.d a7,s0,(s11)
परमाणुविनिमयःॱअ६४ अर्थ७म् अर्थ७न क्षणिक३त् ।	0x091e38af	amoswap.d a7,a7,(t3)
परमाणुविनिमयःॱअ६४ अर्थ७म् क्षणिक६न क्षणिक६त् ।	0x09ffb8af	amoswap.d a7,t6,(t6)
परमाणुविनिमयःॱअ६४ स्थिर११म् क्षणिक०न शून्यःत् ।	0x08503daf	amoswap.d s11,t0,(zero)
परमाणुविनिमयःॱअ६४ स्थिर११म् स्थिर१न पुनःस्थानम्त् ।	0x0890bdaf	amoswap.d s11,s1,(ra)
परमाणुविनिमयःॱअ६४ स्थिर११म् स्थिर११न स्तूपसूचकःत् ।	0x09b13daf	amoswap.d s11,s11,(sp)
परमाणुविनिमयःॱअ६४ क्षणिक३म् शून्यःन क्षणिक०त् ।	0x0802be2f	amoswap.d t3,zero,(t0)
परमाणुविनिमयःॱअ६४ क्षणिक३म् क्षणिक०न क्षणिक२त् ।	0x0853be2f	amoswap.d t3,t0,(t2)
परमाणुविनिमयःॱअ६४ क्षणिक३म् स्थिर१न स्थिर०त् ।	0x08943e2f	amoswap.d t3,s1,(s0)
परमाणुविनिमयःॱअ६४ क्षणिक३म् स्थिर११न स्थिर१त् ।	0x09b4be2f	amoswap.d t3,s11,(s1)
परमाणुविनिमयःॱअ६४ क्षणिक६म् शून्यःन अर्थ०त् ।	0x08053faf	amoswap.d t6,zero,(a0)
परमाणुविनिमयःॱअ६४ क्षणिक६म् क्षणिक०न अर्थ७त् ।	0x0858bfaf	amoswap.d t6,t0,(a7)
परमाणुविनिमयःॱअ६४ क्षणिक६म् स्थिर१न स्थिर११त् ।	0x089dbfaf	amoswap.d t6,s1,(s11)
परमाणुविनिमयःॱअ६४ क्षणिक६म् स्थिर११न क्षणिक३त् ।	0x09be3faf	amoswap.d t6,s11,(t3)
परमाणुपरमम्ॱअ६४ शून्यःम् शून्यःन शून्यःत् ।	0xa000302f	amomax.d zero,zero,(zero)
परमाणुपरमम्ॱअ६४ शून्यःम् क्षणिक०न पुनःस्थानम्त् ।	0xa050b02f	amomax.d zero,t0,(ra)
परमाणुपरमम्ॱअ६४ शून्यःम् स्थिर१न स्तूपसूचकःत् ।	0xa091302f	amomax.d zero,s1,(sp)
परमाणुपरमम्ॱअ६४ शून्यःम् स्थिर११न क्षणिक०त् ।	0xa1b2b02f	amomax.d zero,s11,(t0)
परमाणुपरमम्ॱअ६४ पुनःस्थानम्म् शून्यःन क्षणिक२त् ।	0xa003b0af	amomax.d ra,zero,(t2)
परमाणुपरमम्ॱअ६४ पुनःस्थानम्म् क्षणिक०न स्थिर०त् ।	0xa05430af	amomax.d ra,t0,(s0)
परमाणुपरमम्ॱअ६४ पुनःस्थानम्म् स्थिर१न स्थिर१त् ।	0xa094b0af	amomax.d ra,s1,(s1)
परमाणुपरमम्ॱअ६४ पुनःस्थानम्म् स्थिर११न अर्थ०त् ।	0xa1b530af	amomax.d ra,s11,(a0)
परमाणुपरमम्ॱअ६४ स्तूपसूचकःम् शून्यःन अर्थ७त् ।	0xa008b12f	amomax.d sp,zero,(a7)
परमाणुपरमम्ॱअ६४ स्तूपसूचकःम् क्षणिक०न स्थिर११त् ।	0xa05db12f	amomax.d sp,t0,(s11)
परमाणुपरमम्ॱअ६४ स्तूपसूचकःम् स्थिर१न क्षणिक३त् ।	0xa09e312f	amomax.d sp,s1,(t3)
परमाणुपरमम्ॱअ६४ स्तूपसूचकःम् स्थिर११न क्षणिक६त् ।	0xa1bfb12f	amomax.d sp,s11,(t6)
परमाणुपरमम्ॱअ६४ क्षणिक०म् पुनःस्थानम्न शून्यःत् ।	0xa01032af	amomax.d t0,ra,(zero)
परमाणुपरमम्ॱअ६४ क्षणिक०म् क्षणिक२न पुनःस्थानम्त् ।	0xa070b2af	amomax.d t0,t2,(ra)
परमाणुपरमम्ॱअ६४ क्षणिक०म् अर्थ०न स्तूपसूचकःत् ।	0xa0a132af	amomax.d t0,a0,(sp)
परमाणुपरमम्ॱअ६४ क्षणिक०म् क्षणिक३न क्षणिक०त् ।	0xa1c2b2af	amomax.d t0,t3,(t0)
परमाणुपरमम्ॱअ६४ क्षणिक२म् पुनःस्थानम्न क्षणिक२त् ।	0xa013b3af	amomax.d t2,ra,(t2)
परमाणुपरमम्ॱअ६४ क्षणिक२म् क्षणिक२न स्थिर०त् ।	0xa07433af	amomax.d t2,t2,(s0)
परमाणुपरमम्ॱअ६४ क्षणिक२म् अर्थ०न स्थिर१त् ।	0xa0a4b3af	amomax.d t2,a0,(s1)
परमाणुपरमम्ॱअ६४ क्षणिक२म् क्षणिक३न अर्थ०त् ।	0xa1c533af	amomax.d t2,t3,(a0)
परमाणुपरमम्ॱअ६४ स्थिर०म् पुनःस्थानम्न अर्थ७त् ।	0xa018b42f	amomax.d s0,ra,(a7)
परमाणुपरमम्ॱअ६४ स्थिर०म् क्षणिक२न स्थिर११त् ।	0xa07db42f	amomax.d s0,t2,(s11)
परमाणुपरमम्ॱअ६४ स्थिर०म् अर्थ०न क्षणिक३त् ।	0xa0ae342f	amomax.d s0,a0,(t3)
परमाणुपरमम्ॱअ६४ स्थिर०म् क्षणिक३न क्षणिक६त् ।	0xa1cfb42f	amomax.d s0,t3,(t6)
परमाणुपरमम्ॱअ६४ स्थिर१म् स्तूपसूचकःन शून्यःत् ।	0xa02034af	amomax.d s1,sp,(zero)
परमाणुपरमम्ॱअ६४ स्थिर१म् स्थिर०न पुनःस्थानम्त् ।	0xa080b4af	amomax.d s1,s0,(ra)
परमाणुपरमम्ॱअ६४ स्थिर१म् अर्थ७न स्तूपसूचकःत् ।	0xa11134af	amomax.d s1,a7,(sp)
परमाणुपरमम्ॱअ६४ स्थिर१म् क्षणिक६न क्षणिक०त् ।	0xa1f2b4af	amomax.d s1,t6,(t0)
परमाणुपरमम्ॱअ६४ अर्थ०म् स्तूपसूचकःन क्षणिक२त् ।	0xa023b52f	amomax.d a0,sp,(t2)
परमाणुपरमम्ॱअ६४ अर्थ०म् स्थिर०न स्थिर०त् ।	0xa084352f	amomax.d a0,s0,(s0)
परमाणुपरमम्ॱअ६४ अर्थ०म् अर्थ७न स्थिर१त् ।	0xa114b52f	amomax.d a0,a7,(s1)
परमाणुपरमम्ॱअ६४ अर्थ०म् क्षणिक६न अर्थ०त् ।	0xa1f5352f	amomax.d a0,t6,(a0)
परमाणुपरमम्ॱअ६४ अर्थ७म् स्तूपसूचकःन अर्थ७त् ।	0xa028b8af	amomax.d a7,sp,(a7)
परमाणुपरमम्ॱअ६४ अर्थ७म् स्थिर०न स्थिर११त् ।	0xa08db8af	amomax.d a7,s0,(s11)
परमाणुपरमम्ॱअ६४ अर्थ७म् अर्थ७न क्षणिक३त् ।	0xa11e38af	amomax.d a7,a7,(t3)
परमाणुपरमम्ॱअ६४ अर्थ७म् क्षणिक६न क्षणिक६त् ।	0xa1ffb8af	amomax.d a7,t6,(t6)
परमाणुपरमम्ॱअ६४ स्थिर११म् क्षणिक०न शून्यःत् ।	0xa0503daf	amomax.d s11,t0,(zero)
परमाणुपरमम्ॱअ६४ स्थिर११म् स्थिर१न पुनःस्थानम्त् ।	0xa090bdaf	amomax.d s11,s1,(ra)
परमाणुपरमम्ॱअ६४ स्थिर११म् स्थिर११न स्तूपसूचकःत् ।	0xa1b13daf	amomax.d s11,s11,(sp)
परमाणुपरमम्ॱअ६४ क्षणिक३म् शून्यःन क्षणिक०त् ।	0xa002be2f	amomax.d t3,zero,(t0)
परमाणुपरमम्ॱअ६४ क्षणिक३म् क्षणिक०न क्षणिक२त् ।	0xa053be2f	amomax.d t3,t0,(t2)
परमाणुपरमम्ॱअ६४ क्षणिक३म् स्थिर१न स्थिर०त् ।	0xa0943e2f	amomax.d t3,s1,(s0)
परमाणुपरमम्ॱअ६४ क्षणिक३म् स्थिर११न स्थिर१त् ।	0xa1b4be2f	amomax.d t3,s11,(s1)
परमाणुपरमम्ॱअ६४ क्षणिक६म् शून्यःन अर्थ०त् ।	0xa0053faf	amomax.d t6,zero,(a0)
परमाणुपरमम्ॱअ६४ क्षणिक६म् क्षणिक०न अर्थ७त् ।	0xa058bfaf	amomax.d t6,t0,(a7)
परमाणुपरमम्ॱअ६४ क्षणिक६म् स्थिर१न स्थिर११त् ।	0xa09dbfaf	amomax.d t6,s1,(s11)
परमाणुपरमम्ॱअ६४ क्षणिक६म् स्थिर११न क्षणिक३त् ।	0xa1be3faf	amomax.d t6,s11,(t3)
परमाणुन्यूनतमम्ॱअ६४ शून्यःम् शून्यःन शून्यःत् ।	0x8000302f	amomin.d zero,zero,(zero)
परमाणुन्यूनतमम्ॱअ६४ शून्यःम् क्षणिक०न पुनःस्थानम्त् ।	0x8050b02f	amomin.d zero,t0,(ra)
परमाणुन्यूनतमम्ॱअ६४ शून्यःम् स्थिर१न स्तूपसूचकःत् ।	0x8091302f	amomin.d zero,s1,(sp)
परमाणुन्यूनतमम्ॱअ६४ शून्यःम् स्थिर११न क्षणिक०त् ।	0x81b2b02f	amomin.d zero,s11,(t0)
परमाणुन्यूनतमम्ॱअ६४ पुनःस्थानम्म् शून्यःन क्षणिक२त् ।	0x8003b0af	amomin.d ra,zero,(t2)
परमाणुन्यूनतमम्ॱअ६४ पुनःस्थानम्म् क्षणिक०न स्थिर०त् ।	0x805430af	amomin.d ra,t0,(s0)
परमाणुन्यूनतमम्ॱअ६४ पुनःस्थानम्म् स्थिर१न स्थिर१त् ।	0x8094b0af	amomin.d ra,s1,(s1)
परमाणुन्यूनतमम्ॱअ६४ पुनःस्थानम्म् स्थिर११न अर्थ०त् ।	0x81b530af	amomin.d ra,s11,(a0)
परमाणुन्यूनतमम्ॱअ६४ स्तूपसूचकःम् शून्यःन अर्थ७त् ।	0x8008b12f	amomin.d sp,zero,(a7)
परमाणुन्यूनतमम्ॱअ६४ स्तूपसूचकःम् क्षणिक०न स्थिर११त् ।	0x805db12f	amomin.d sp,t0,(s11)
परमाणुन्यूनतमम्ॱअ६४ स्तूपसूचकःम् स्थिर१न क्षणिक३त् ।	0x809e312f	amomin.d sp,s1,(t3)
परमाणुन्यूनतमम्ॱअ६४ स्तूपसूचकःम् स्थिर११न क्षणिक६त् ।	0x81bfb12f	amomin.d sp,s11,(t6)
परमाणुन्यूनतमम्ॱअ६४ क्षणिक०म् पुनःस्थानम्न शून्यःत् ।	0x801032af	amomin.d t0,ra,(zero)
परमाणुन्यूनतमम्ॱअ६४ क्षणिक०म् क्षणिक२न पुनःस्थानम्त् ।	0x8070b2af	amomin.d t0,t2,(ra)
परमाणुन्यूनतमम्ॱअ६४ क्षणिक०म् अर्थ०न स्तूपसूचकःत् ।	0x80a132af	amomin.d t0,a0,(sp)
परमाणुन्यूनतमम्ॱअ६४ क्षणिक०म् क्षणिक३न क्षणिक०त् ।	0x81c2b2af	amomin.d t0,t3,(t0)
परमाणुन्यूनतमम्ॱअ६४ क्षणिक२म् पुनःस्थानम्न क्षणिक२त् ।	0x8013b3af	amomin.d t2,ra,(t2)
परमाणुन्यूनतमम्ॱअ६४ क्षणिक२म् क्षणिक२न स्थिर०त् ।	0x807433af	amomin.d t2,t2,(s0)
परमाणुन्यूनतमम्ॱअ६४ क्षणिक२म् अर्थ०न स्थिर१त् ।	0x80a4b3af	amomin.d t2,a0,(s1)
परमाणुन्यूनतमम्ॱअ६४ क्षणिक२म् क्षणिक३न अर्थ०त् ।	0x81c533af	amomin.d t2,t3,(a0)
परमाणुन्यूनतमम्ॱअ६४ स्थिर०म् पुनःस्थानम्न अर्थ७त् ।	0x8018b42f	amomin.d s0,ra,(a7)
परमाणुन्यूनतमम्ॱअ६४ स्थिर०म् क्षणिक२न स्थिर११त् ।	0x807db42f	amomin.d s0,t2,(s11)
परमाणुन्यूनतमम्ॱअ६४ स्थिर०म् अर्थ०न क्षणिक३त् ।	0x80ae342f	amomin.d s0,a0,(t3)
परमाणुन्यूनतमम्ॱअ६४ स्थिर०म् क्षणिक३न क्षणिक६त् ।	0x81cfb42f	amomin.d s0,t3,(t6)
परमाणुन्यूनतमम्ॱअ६४ स्थिर१म् स्तूपसूचकःन शून्यःत् ।	0x802034af	amomin.d s1,sp,(zero)
परमाणुन्यूनतमम्ॱअ६४ स्थिर१म् स्थिर०न पुनःस्थानम्त् ।	0x8080b4af	amomin.d s1,s0,(ra)
परमाणुन्यूनतमम्ॱअ६४ स्थिर१म् अर्थ७न स्तूपसूचकःत् ।	0x811134af	amomin.d s1,a7,(sp)
परमाणुन्यूनतमम्ॱअ६४ स्थिर१म् क्षणिक६न क्षणिक०त् ।	0x81f2b4af	amomin.d s1,t6,(t0)
परमाणुन्यूनतमम्ॱअ६४ अर्थ०म् स्तूपसूचकःन क्षणिक२त् ।	0x8023b52f	amomin.d a0,sp,(t2)
परमाणुन्यूनतमम्ॱअ६४ अर्थ०म् स्थिर०न स्थिर०त् ।	0x8084352f	amomin.d a0,s0,(s0)
परमाणुन्यूनतमम्ॱअ६४ अर्थ०म् अर्थ७न स्थिर१त् ।	0x8114b52f	amomin.d a0,a7,(s1)
परमाणुन्यूनतमम्ॱअ६४ अर्थ०म् क्षणिक६न अर्थ०त् ।	0x81f5352f	amomin.d a0,t6,(a0)
परमाणुन्यूनतमम्ॱअ६४ अर्थ७म् स्तूपसूचकःन अर्थ७त् ।	0x8028b8af	amomin.d a7,sp,(a7)
परमाणुन्यूनतमम्ॱअ६४ अर्थ७म् स्थिर०न स्थिर११त् ।	0x808db8af	amomin.d a7,s0,(s11)
परमाणुन्यूनतमम्ॱअ६४ अर्थ७म् अर्थ७न क्षणिक३त् ।	0x811e38af	amomin.d a7,a7,(t3)
परमाणुन्यूनतमम्ॱअ६४ अर्थ७म् क्षणिक६न क्षणिक६त् ।	0x81ffb8af	amomin.d a7,t6,(t6)
परमाणुन्यूनतमम्ॱअ६४ स्थिर११म् क्षणिक०न शून्यःत् ।	0x80503daf	amomin.d s11,t0,(zero)
परमाणुन्यूनतमम्ॱअ६४ स्थिर११म् स्थिर१न पुनःस्थानम्त् ।	0x8090bdaf	amomin.d s11,s1,(ra)
परमाणुन्यूनतमम्ॱअ६४ स्थिर११म् स्थिर११न स्तूपसूचकःत् ।	0x81b13daf	amomin.d s11,s11,(sp)
परमाणुन्यूनतमम्ॱअ६४ क्षणिक३म् शून्यःन क्षणिक०त् ।	0x8002be2f	amomin.d t3,zero,(t0)
परमाणुन्यूनतमम्ॱअ६४ क्षणिक३म् क्षणिक०न क्षणिक२त् ।	0x8053be2f	amomin.d t3,t0,(t2)
परमाणुन्यूनतमम्ॱअ६४ क्षणिक३म् स्थिर१न स्थिर०त् ।	0x80943e2f	amomin.d t3,s1,(s0)
परमाणुन्यूनतमम्ॱअ६४ क्षणिक३म् स्थिर११न स्थिर१त् ।	0x81b4be2f	amomin.d t3,s11,(s1)
परमाणुन्यूनतमम्ॱअ६४ क्षणिक६म् शून्यःन अर्थ०त् ।	0x80053faf	amomin.d t6,zero,(a0)
परमाणुन्यूनतमम्ॱअ६४ क्षणिक६म् क्षणिक०न अर्थ७त् ।	0x8058bfaf	amomin.d t6,t0,(a7)
परमाणुन्यूनतमम्ॱअ६४ क्षणिक६म् स्थिर१न स्थिर११त् ।	0x809dbfaf	amomin.d t6,s1,(s11)
परमाणुन्यूनतमम्ॱअ६४ क्षणिक६म् स्थिर११न क्षणिक३त् ।	0x81be3faf	amomin.d t6,s11,(t3)
अचिह्नपरमाणुपरमम्ॱन६४ शून्यःम् शून्यःन शून्यःत् ।	0xe000302f	amomaxu.d zero,zero,(zero)
अचिह्नपरमाणुपरमम्ॱन६४ शून्यःम् क्षणिक०न पुनःस्थानम्त् ।	0xe050b02f	amomaxu.d zero,t0,(ra)
अचिह्नपरमाणुपरमम्ॱन६४ शून्यःम् स्थिर१न स्तूपसूचकःत् ।	0xe091302f	amomaxu.d zero,s1,(sp)
अचिह्नपरमाणुपरमम्ॱन६४ शून्यःम् स्थिर११न क्षणिक०त् ।	0xe1b2b02f	amomaxu.d zero,s11,(t0)
अचिह्नपरमाणुपरमम्ॱन६४ पुनःस्थानम्म् शून्यःन क्षणिक२त् ।	0xe003b0af	amomaxu.d ra,zero,(t2)
अचिह्नपरमाणुपरमम्ॱन६४ पुनःस्थानम्म् क्षणिक०न स्थिर०त् ।	0xe05430af	amomaxu.d ra,t0,(s0)
अचिह्नपरमाणुपरमम्ॱन६४ पुनःस्थानम्म् स्थिर१न स्थिर१त् ।	0xe094b0af	amomaxu.d ra,s1,(s1)
अचिह्नपरमाणुपरमम्ॱन६४ पुनःस्थानम्म् स्थिर११न अर्थ०त् ।	0xe1b530af	amomaxu.d ra,s11,(a0)
अचिह्नपरमाणुपरमम्ॱन६४ स्तूपसूचकःम् शून्यःन अर्थ७त् ।	0xe008b12f	amomaxu.d sp,zero,(a7)
अचिह्नपरमाणुपरमम्ॱन६४ स्तूपसूचकःम् क्षणिक०न स्थिर११त् ।	0xe05db12f	amomaxu.d sp,t0,(s11)
अचिह्नपरमाणुपरमम्ॱन६४ स्तूपसूचकःम् स्थिर१न क्षणिक३त् ।	0xe09e312f	amomaxu.d sp,s1,(t3)
अचिह्नपरमाणुपरमम्ॱन६४ स्तूपसूचकःम् स्थिर११न क्षणिक६त् ।	0xe1bfb12f	amomaxu.d sp,s11,(t6)
अचिह्नपरमाणुपरमम्ॱन६४ क्षणिक०म् पुनःस्थानम्न शून्यःत् ।	0xe01032af	amomaxu.d t0,ra,(zero)
अचिह्नपरमाणुपरमम्ॱन६४ क्षणिक०म् क्षणिक२न पुनःस्थानम्त् ।	0xe070b2af	amomaxu.d t0,t2,(ra)
अचिह्नपरमाणुपरमम्ॱन६४ क्षणिक०म् अर्थ०न स्तूपसूचकःत् ।	0xe0a132af	amomaxu.d t0,a0,(sp)
अचिह्नपरमाणुपरमम्ॱन६४ क्षणिक०म् क्षणिक३न क्षणिक०त् ।	0xe1c2b2af	amomaxu.d t0,t3,(t0)
अचिह्नपरमाणुपरमम्ॱन६४ क्षणिक२म् पुनःस्थानम्न क्षणिक२त् ।	0xe013b3af	amomaxu.d t2,ra,(t2)
अचिह्नपरमाणुपरमम्ॱन६४ क्षणिक२म् क्षणिक२न स्थिर०त् ।	0xe07433af	amomaxu.d t2,t2,(s0)
अचिह्नपरमाणुपरमम्ॱन६४ क्षणिक२म् अर्थ०न स्थिर१त् ।	0xe0a4b3af	amomaxu.d t2,a0,(s1)
अचिह्नपरमाणुपरमम्ॱन६४ क्षणिक२म् क्षणिक३न अर्थ०त् ।	0xe1c533af	amomaxu.d t2,t3,(a0)
अचिह्नपरमाणुपरमम्ॱन६४ स्थिर०म् पुनःस्थानम्न अर्थ७त् ।	0xe018b42f	amomaxu.d s0,ra,(a7)
अचिह्नपरमाणुपरमम्ॱन६४ स्थिर०म् क्षणिक२न स्थिर११त् ।	0xe07db42f	amomaxu.d s0,t2,(s11)
अचिह्नपरमाणुपरमम्ॱन६४ स्थिर०म् अर्थ०न क्षणिक३त् ।	0xe0ae342f	amomaxu.d s0,a0,(t3)
अचिह्नपरमाणुपरमम्ॱन६४ स्थिर०म् क्षणिक३न क्षणिक६त् ।	0xe1cfb42f	amomaxu.d s0,t3,(t6)
अचिह्नपरमाणुपरमम्ॱन६४ स्थिर१म् स्तूपसूचकःन शून्यःत् ।	0xe02034af	amomaxu.d s1,sp,(zero)
अचिह्नपरमाणुपरमम्ॱन६४ स्थिर१म् स्थिर०न पुनःस्थानम्त् ।	0xe080b4af	amomaxu.d s1,s0,(ra)
अचिह्नपरमाणुपरमम्ॱन६४ स्थिर१म् अर्थ७न स्तूपसूचकःत् ।	0xe11134af	amomaxu.d s1,a7,(sp)
अचिह्नपरमाणुपरमम्ॱन६४ स्थिर१म् क्षणिक६न क्षणिक०त् ।	0xe1f2b4af	amomaxu.d s1,t6,(t0)
अचिह्नपरमाणुपरमम्ॱन६४ अर्थ०म् स्तूपसूचकःन क्षणिक२त् ।	0xe023b52f	amomaxu.d a0,sp,(t2)
अचिह्नपरमाणुपरमम्ॱन६४ अर्थ०म् स्थिर०न स्थिर०त् ।	0xe084352f	amomaxu.d a0,s0,(s0)
अचिह्नपरमाणुपरमम्ॱन६४ अर्थ०म् अर्थ७न स्थिर१त् ।	0xe114b52f	amomaxu.d a0,a7,(s1)
अचिह्नपरमाणुपरमम्ॱन६४ अर्थ०म् क्षणिक६न अर्थ०त् ।	0xe1f5352f	amomaxu.d a0,t6,(a0)
अचिह्नपरमाणुपरमम्ॱन६४ अर्थ७म् स्तूपसूचकःन अर्थ७त् ।	0xe028b8af	amomaxu.d a7,sp,(a7)
अचिह्नपरमाणुपरमम्ॱन६४ अर्थ७म् स्थिर०न स्थिर११त् ।	0xe08db8af	amomaxu.d a7,s0,(s11)
अचिह्नपरमाणुपरमम्ॱन६४ अर्थ७म् अर्थ७न क्षणिक३त् ।	0xe11e38af	amomaxu.d a7,a7,(t3)
अचिह्नपरमाणुपरमम्ॱन६४ अर्थ७म् क्षणिक६न क्षणिक६त् ।	0xe1ffb8af	amomaxu.d a7,t6,(t6)
अचिह्नपरमाणुपरमम्ॱन६४ स्थिर११म् क्षणिक०न शून्यःत् ।	0xe0503daf	amomaxu.d s11,t0,(zero)
अचिह्नपरमाणुपरमम्ॱन६४ स्थिर११म् स्थिर१न पुनःस्थानम्त् ।	0xe090bdaf	amomaxu.d s11,s1,(ra)
अचिह्नपरमाणुपरमम्ॱन६४ स्थिर११म् स्थिर११न स्तूपसूचकःत् ।	0xe1b13daf	amomaxu.d s11,s11,(sp)
अचिह्नपरमाणुपरमम्ॱन६४ क्षणिक३म् शून्यःन क्षणिक०त् ।	0xe002be2f	amomaxu.d t3,zero,(t0)
अचिह्नपरमाणुपरमम्ॱन६४ क्षणिक३म् क्षणिक०न क्षणिक२त् ।	0xe053be2f	amomaxu.d t3,t0,(t2)
अचिह्नपरमाणुपरमम्ॱन६४ क्षणिक३म् स्थिर१न स्थिर०त् ।	0xe0943e2f	amomaxu.d t3,s1,(s0)
अचिह्नपरमाणुपरमम्ॱन६४ क्षणिक३म् स्थिर११न स्थिर१त् ।	0xe1b4be2f	amomaxu.d t3,s11,(s1)
अचिह्नपरमाणुपरमम्ॱन६४ क्षणिक६म् शून्यःन अर्थ०त् ।	0xe0053faf	amomaxu.d t6,zero,(a0)
अचिह्नपरमाणुपरमम्ॱन६४ क्षणिक६म् क्षणिक०न अर्थ७त् ।	0xe058bfaf	amomaxu.d t6,t0,(a7)
अचिह्नपरमाणुपरमम्ॱन६४ क्षणिक६म् स्थिर१न स्थिर११त् ।	0xe09dbfaf	amomaxu.d t6,s1,(s11)
अचिह्नपरमाणुपरमम्ॱन६४ क्षणिक६म् स्थिर११न क्षणिक३त् ।	0xe1be3faf	amomaxu.d t6,s11,(t3)
अचिह्नपरमाणुन्यूनतमम्ॱन६४ शून्यःम् शून्यःन शून्यःत् ।	0xc000302f	amominu.d zero,zero,(zero)
अचिह्नपरमाणुन्यूनतमम्ॱन६४ शून्यःम् क्षणिक०न पुनःस्थानम्त् ।	0xc050b02f	amominu.d zero,t0,(ra)
अचिह्नपरमाणुन्यूनतमम्ॱन६४ शून्यःम् स्थिर१न स्तूपसूचकःत् ।	0xc091302f	amominu.d zero,s1,(sp)
अचिह्नपरमाणुन्यूनतमम्ॱन६४ शून्यःम् स्थिर११न क्षणिक०त् ।	0xc1b2b02f	amominu.d zero,s11,(t0)
अचिह्नपरमाणुन्यूनतमम्ॱन६४ पुनःस्थानम्म् शून्यःन क्षणिक२त् ।	0xc003b0af	amominu.d ra,zero,(t2)
अचिह्नपरमाणुन्यूनतमम्ॱन६४ पुनःस्थानम्म् क्षणिक०न स्थिर०त् ।	0xc05430af	amominu.d ra,t0,(s0)
अचिह्नपरमाणुन्यूनतमम्ॱन६४ पुनःस्थानम्म् स्थिर१न स्थिर१त् ।	0xc094b0af	amominu.d ra,s1,(s1)
अचिह्नपरमाणुन्यूनतमम्ॱन६४ पुनःस्थानम्म् स्थिर११न अर्थ०त् ।	0xc1b530af	amominu.d ra,s11,(a0)
अचिह्नपरमाणुन्यूनतमम्ॱन६४ स्तूपसूचकःम् शून्यःन अर्थ७त् ।	0xc008b12f	amominu.d sp,zero,(a7)
अचिह्नपरमाणुन्यूनतमम्ॱन६४ स्तूपसूचकःम् क्षणिक०न स्थिर११त् ।	0xc05db12f	amominu.d sp,t0,(s11)
अचिह्नपरमाणुन्यूनतमम्ॱन६४ स्तूपसूचकःम् स्थिर१न क्षणिक३त् ।	0xc09e312f	amominu.d sp,s1,(t3)
अचिह्नपरमाणुन्यूनतमम्ॱन६४ स्तूपसूचकःम् स्थिर११न क्षणिक६त् ।	0xc1bfb12f	amominu.d sp,s11,(t6)
अचिह्नपरमाणुन्यूनतमम्ॱन६४ क्षणिक०म् पुनःस्थानम्न शून्यःत् ।	0xc01032af	amominu.d t0,ra,(zero)
अचिह्नपरमाणुन्यूनतमम्ॱन६४ क्षणिक०म् क्षणिक२न पुनःस्थानम्त् ।	0xc070b2af	amominu.d t0,t2,(ra)
अचिह्नपरमाणुन्यूनतमम्ॱन६४ क्षणिक०म् अर्थ०न स्तूपसूचकःत् ।	0xc0a132af	amominu.d t0,a0,(sp)
अचिह्नपरमाणुन्यूनतमम्ॱन६४ क्षणिक०म् क्षणिक३न क्षणिक०त् ।	0xc1c2b2af	amominu.d t0,t3,(t0)
अचिह्नपरमाणुन्यूनतमम्ॱन६४ क्षणिक२म् पुनःस्थानम्न क्षणिक२त् ।	0xc013b3af	amominu.d t2,ra,(t2)
अचिह्नपरमाणुन्यूनतमम्ॱन६४ क्षणिक२म् क्षणिक२न स्थिर०त् ।	0xc07433af	amominu.d t2,t2,(s0)
अचिह्नपरमाणुन्यूनतमम्ॱन६४ क्षणिक२म् अर्थ०न स्थिर१त् ।	0xc0a4b3af	amominu.d t2,a0,(s1)
अचिह्नपरमाणुन्यूनतमम्ॱन६४ क्षणिक२म् क्षणिक३न अर्थ०त् ।	0xc1c533af	amominu.d t2,t3,(a0)
अचिह्नपरमाणुन्यूनतमम्ॱन६४ स्थिर०म् पुनःस्थानम्न अर्थ७त् ।	0xc018b42f	amominu.d s0,ra,(a7)
अचिह्नपरमाणुन्यूनतमम्ॱन६४ स्थिर०म् क्षणिक२न स्थिर११त् ।	0xc07db42f	amominu.d s0,t2,(s11)
अचिह्नपरमाणुन्यूनतमम्ॱन६४ स्थिर०म् अर्थ०न क्षणिक३त् ।	0xc0ae342f	amominu.d s0,a0,(t3)
अचिह्नपरमाणुन्यूनतमम्ॱन६४ स्थिर०म् क्षणिक३न क्षणिक६त् ।	0xc1cfb42f	amominu.d s0,t3,(t6)
अचिह्नपरमाणुन्यूनतमम्ॱन६४ स्थिर१म् स्तूपसूचकःन शून्यःत् ।	0xc02034af	amominu.d s1,sp,(zero)
अचिह्नपरमाणुन्यूनतमम्ॱन६४ स्थिर१म् स्थिर०न पुनःस्थानम्त् ।	0xc080b4af	amominu.d s1,s0,(ra)
अचिह्नपरमाणुन्यूनतमम्ॱन६४ स्थिर१म् अर्थ७न स्तूपसूचकःत् ।	0xc11134af	amominu.d s1,a7,(sp)
अचिह्नपरमाणुन्यूनतमम्ॱन६४ स्थिर१म् क्षणिक६न क्षणिक०त् ।	0xc1f2b4af	amominu.d s1,t6,(t0)
अचिह्नपरमाणुन्यूनतमम्ॱन६४ अर्थ०म् स्तूपसूचकःन क्षणिक२त् ।	0xc023b52f	amominu.d a0,sp,(t2)
अचिह्नपरमाणुन्यूनतमम्ॱन६४ अर्थ०म् स्थिर०न स्थिर०त् ।	0xc084352f	amominu.d a0,s0,(s0)
अचिह्नपरमाणुन्यूनतमम्ॱन६४ अर्थ०म् अर्थ७न स्थिर१त् ।	0xc114b52f	amominu.d a0,a7,(s1)
अचिह्नपरमाणुन्यूनतमम्ॱन६४ अर्थ०म् क्षणिक६न अर्थ०त् ।	0xc1f5352f	amominu.d a0,t6,(a0)
अचिह्नपरमाणुन्यूनतमम्ॱन६४ अर्थ७म् स्तूपसूचकःन अर्थ७त् ।	0xc028b8af	amominu.d a7,sp,(a7)
अचिह्नपरमाणुन्यूनतमम्ॱन६४ अर्थ७म् स्थिर०न स्थिर११त् ।	0xc08db8af	amominu.d a7,s0,(s11)
अचिह्नपरमाणुन्यूनतमम्ॱन६४ अर्थ७म् अर्थ७न क्षणिक३त् ।	0xc11e38af	amominu.d a7,a7,(t3)
अचिह्नपरमाणुन्यूनतमम्ॱन६४ अर्थ७म् क्षणिक६न क्षणिक६त् ।	0xc1ffb8af	amominu.d a7,t6,(t6)
अचिह्नपरमाणुन्यूनतमम्ॱन६४ स्थिर११म् क्षणिक०न शून्यःत् ।	0xc0503daf	amominu.d s11,t0,(zero)
अचिह्नपरमाणुन्यूनतमम्ॱन६४ स्थिर११म् स्थिर१न पुनःस्थानम्त् ।	0xc090bdaf	amominu.d s11,s1,(ra)
अचिह्नपरमाणुन्यूनतमम्ॱन६४ स्थिर११म् स्थिर११न स्तूपसूचकःत् ।	0xc1b13daf	amominu.d s11,s11,(sp)
अचिह्नपरमाणुन्यूनतमम्ॱन६४ क्षणिक३म् शून्यःन क्षणिक०त् ।	0xc002be2f	amominu.d t3,zero,(t0)
अचिह्नपरमाणुन्यूनतमम्ॱन६४ क्षणिक३म् क्षणिक०न क्षणिक२त् ।	0xc053be2f	amominu.d t3,t0,(t2)
अचिह्नपरमाणुन्यूनतमम्ॱन६४ क्षणिक३म् स्थिर१न स्थिर०त् ।	0xc0943e2f	amominu.d t3,s1,(s0)
अचिह्नपरमाणुन्यूनतमम्ॱन६४ क्षणिक३म् स्थिर११न स्थिर१त् ।	0xc1b4be2f	amominu.d t3,s11,(s1)
अचिह्नपरमाणुन्यूनतमम्ॱन६४ क्षणिक६म् शून्यःन अर्थ०त् ।	0xc0053faf	amominu.d t6,zero,(a0)
अचिह्नपरमाणुन्यूनतमम्ॱन६४ क्षणिक६म् क्षणिक०न अर्थ७त् ।	0xc058bfaf	amominu.d t6,t0,(a7)
अचिह्नपरमाणुन्यूनतमम्ॱन६४ क्षणिक६म् स्थिर१न स्थिर११त् ।	0xc09dbfaf	amominu.d t6,s1,(s11)
अचिह्नपरमाणुन्यूनतमम्ॱन६४ क्षणिक६म् स्थिर११न क्षणिक३त् ।	0xc1be3faf	amominu.d t6,s11,(t3)
प्लवसमम्ॱप३२ शून्यःम् प्लव०न प्लव०न ।	0xa0002053	feq.s zero,f0,f0
प्लवसमम्ॱप३२ पुनःस्थानम्म् प्लव१न प्लव१न ।	0xa010a0d3	feq.s ra,f1,f1
प्लवसमम्ॱप३२ स्तूपसूचकःम् प्लव१५न प्लव१५न ।	0xa0f7a153	feq.s sp,f15,f15
प्लवसमम्ॱप३२ क्षणिक०म् प्लव३१न प्लव३१न ।	0xa1ffa2d3	feq.s t0,f31,f31
प्लवन्यूनम्ॱप३२ शून्यःम् प्लव०न प्लव०न ।	0xa0001053	flt.s zero,f0,f0
प्लवन्यूनम्ॱप३२ पुनःस्थानम्म् प्लव१न प्लव१न ।	0xa01090d3	flt.s ra,f1,f1
प्लवन्यूनम्ॱप३२ स्तूपसूचकःम् प्लव१५न प्लव१५न ।	0xa0f79153	flt.s sp,f15,f15
प्लवन्यूनम्ॱप३२ क्षणिक०म् प्लव३१न प्लव३१न ।	0xa1ff92d3	flt.s t0,f31,f31
प्लवानधिकम्ॱप३२ शून्यःम् प्लव०न प्लव०न ।	0xa0000053	fle.s zero,f0,f0
प्लवानधिकम्ॱप३२ पुनःस्थानम्म् प्लव१न प्लव१न ।	0xa01080d3	fle.s ra,f1,f1
प्लवानधिकम्ॱप३२ स्तूपसूचकःम् प्लव१५न प्लव१५न ।	0xa0f78153	fle.s sp,f15,f15
प्लवानधिकम्ॱप३२ क्षणिक०म् प्लव३१न प्लव३१न ।	0xa1ff82d3	fle.s t0,f31,f31
प्लवचिह्नारोपणम्ॱप३२ प्लव०म् प्लव०न प्लव०न ।	0x20000053	fsgnj.s f0,f0,f0
प्लवचिह्नारोपणम्ॱप३२ प्लव०म् प्लव१५न प्लव३१न ।	0x21f78053	fsgnj.s f0,f15,f31
प्लवचिह्नारोपणम्ॱप३२ प्लव१म् प्लव१न प्लव१५न ।	0x20f080d3	fsgnj.s f1,f1,f15
प्लवचिह्नारोपणम्ॱप३२ प्लव१५म् प्लव०न प्लव१न ।	0x201007d3	fsgnj.s f15,f0,f1
प्लवचिह्नारोपणम्ॱप३२ प्लव१५म् प्लव३१न प्लव०न ।	0x200f87d3	fsgnj.s f15,f31,f0
प्लवचिह्नारोपणम्ॱप३२ प्लव३१म् प्लव१न प्लव३१न ।	0x21f08fd3	fsgnj.s f31,f1,f31
व्यत्ययप्लवचिह्नारोपणम्ॱप३२ प्लव०म् प्लव०न प्लव०न ।	0x20001053	fsgnjn.s f0,f0,f0
व्यत्ययप्लवचिह्नारोपणम्ॱप३२ प्लव०म् प्लव१५न प्लव३१न ।	0x21f79053	fsgnjn.s f0,f15,f31
व्यत्ययप्लवचिह्नारोपणम्ॱप३२ प्लव१म् प्लव१न प्लव१५न ।	0x20f090d3	fsgnjn.s f1,f1,f15
व्यत्ययप्लवचिह्नारोपणम्ॱप३२ प्लव१५म् प्लव०न प्लव१न ।	0x201017d3	fsgnjn.s f15,f0,f1
व्यत्ययप्लवचिह्नारोपणम्ॱप३२ प्लव१५म् प्लव३१न प्लव०न ।	0x200f97d3	fsgnjn.s f15,f31,f0
व्यत्ययप्लवचिह्नारोपणम्ॱप३२ प्लव३१म् प्लव१न प्लव३१न ।	0x21f09fd3	fsgnjn.s f31,f1,f31
वैषम्यप्लवचिह्नारोपणम्ॱप३२ प्लव०म् प्लव०न प्लव०न ।	0x20002053	fsgnjx.s f0,f0,f0
वैषम्यप्लवचिह्नारोपणम्ॱप३२ प्लव०म् प्लव१५न प्लव३१न ।	0x21f7a053	fsgnjx.s f0,f15,f31
वैषम्यप्लवचिह्नारोपणम्ॱप३२ प्लव१म् प्लव१न प्लव१५न ।	0x20f0a0d3	fsgnjx.s f1,f1,f15
वैषम्यप्लवचिह्नारोपणम्ॱप३२ प्लव१५म् प्लव०न प्लव१न ।	0x201027d3	fsgnjx.s f15,f0,f1
वैषम्यप्लवचिह्नारोपणम्ॱप३२ प्लव१५म् प्लव३१न प्लव०न ।	0x200fa7d3	fsgnjx.s f15,f31,f0
वैषम्यप्लवचिह्नारोपणम्ॱप३२ प्लव३१म् प्लव१न प्लव३१न ।	0x21f0afd3	fsgnjx.s f31,f1,f31
प्लवगुणयोगःॱप३२ प्लव०म् प्लव०न प्लव०न प्लव०न ।	0x00007043	fmadd.s f0,f0,f0,f0
प्लवगुणयोगःॱप३२ प्लव०म् प्लव१५न प्लव१५न प्लव३१न ।	0xf8f7f043	fmadd.s f0,f15,f15,f31
प्लवगुणयोगःॱप३२ प्लव१म् प्लव१न प्लव१न प्लव१५न ।	0x7810f0c3	fmadd.s f1,f1,f1,f15
प्लवगुणयोगःॱप३२ प्लव१५म् प्लव०न प्लव०न प्लव१न ।	0x080077c3	fmadd.s f15,f0,f0,f1
प्लवगुणयोगःॱप३२ प्लव१५म् प्लव१५न प्लव३१न प्लव०न ।	0x01f7f7c3	fmadd.s f15,f15,f31,f0
प्लवगुणयोगःॱप३२ प्लव३१म् प्लव१न प्लव१न प्लव३१न ।	0xf810ffc3	fmadd.s f31,f1,f1,f31
प्लवगुणवियोगःॱप३२ प्लव०म् प्लव०न प्लव०न प्लव०न ।	0x00007047	fmsub.s f0,f0,f0,f0
प्लवगुणवियोगःॱप३२ प्लव०म् प्लव१५न प्लव१५न प्लव३१न ।	0xf8f7f047	fmsub.s f0,f15,f15,f31
प्लवगुणवियोगःॱप३२ प्लव१म् प्लव१न प्लव१न प्लव१५न ।	0x7810f0c7	fmsub.s f1,f1,f1,f15
प्लवगुणवियोगःॱप३२ प्लव१५म् प्लव०न प्लव०न प्लव१न ।	0x080077c7	fmsub.s f15,f0,f0,f1
प्लवगुणवियोगःॱप३२ प्लव१५म् प्लव१५न प्लव३१न प्लव०न ।	0x01f7f7c7	fmsub.s f15,f15,f31,f0
प्लवगुणवियोगःॱप३२ प्लव३१म् प्लव१न प्लव१न प्लव३१न ।	0xf810ffc7	fmsub.s f31,f1,f1,f31
ऋणप्लवगुणयोगःॱप३२ प्लव०म् प्लव०न प्लव०न प्लव०न ।	0x0000704f	fnmadd.s f0,f0,f0,f0
ऋणप्लवगुणयोगःॱप३२ प्लव०म् प्लव१५न प्लव१५न प्लव३१न ।	0xf8f7f04f	fnmadd.s f0,f15,f15,f31
ऋणप्लवगुणयोगःॱप३२ प्लव१म् प्लव१न प्लव१न प्लव१५न ।	0x7810f0cf	fnmadd.s f1,f1,f1,f15
ऋणप्लवगुणयोगःॱप३२ प्लव१५म् प्लव०न प्लव०न प्लव१न ।	0x080077cf	fnmadd.s f15,f0,f0,f1
ऋणप्लवगुणयोगःॱप३२ प्लव१५म् प्लव१५न प्लव३१न प्लव०न ।	0x01f7f7cf	fnmadd.s f15,f15,f31,f0
ऋणप्लवगुणयोगःॱप३२ प्लव३१म् प्लव१न प्लव१न प्लव३१न ।	0xf810ffcf	fnmadd.s f31,f1,f1,f31
ऋणप्लवगुणवियोगःॱप३२ प्लव०म् प्लव०न प्लव०न प्लव०न ।	0x0000704b	fnmsub.s f0,f0,f0,f0
ऋणप्लवगुणवियोगःॱप३२ प्लव०म् प्लव१५न प्लव१५न प्लव३१न ।	0xf8f7f04b	fnmsub.s f0,f15,f15,f31
ऋणप्लवगुणवियोगःॱप३२ प्लव१म् प्लव१न प्लव१न प्लव१५न ।	0x7810f0cb	fnmsub.s f1,f1,f1,f15
ऋणप्लवगुणवियोगःॱप३२ प्लव१५म् प्लव०न प्लव०न प्लव१न ।	0x080077cb	fnmsub.s f15,f0,f0,f1
ऋणप्लवगुणवियोगःॱप३२ प्लव१५म् प्लव१५न प्लव३१न प्लव०न ।	0x01f7f7cb	fnmsub.s f15,f15,f31,f0
ऋणप्लवगुणवियोगःॱप३२ प्लव३१म् प्लव१न प्लव१न प्लव३१न ।	0xf810ffcb	fnmsub.s f31,f1,f1,f31
प्लवसमम्ॱप६४ शून्यःम् प्लव०न प्लव०न ।	0xa2002053	feq.d zero,f0,f0
प्लवसमम्ॱप६४ पुनःस्थानम्म् प्लव१न प्लव१न ।	0xa210a0d3	feq.d ra,f1,f1
प्लवसमम्ॱप६४ स्तूपसूचकःम् प्लव१५न प्लव१५न ।	0xa2f7a153	feq.d sp,f15,f15
प्लवसमम्ॱप६४ क्षणिक०म् प्लव३१न प्लव३१न ।	0xa3ffa2d3	feq.d t0,f31,f31
प्लवन्यूनम्ॱप६४ शून्यःम् प्लव०न प्लव०न ।	0xa2001053	flt.d zero,f0,f0
प्लवन्यूनम्ॱप६४ पुनःस्थानम्म् प्लव१न प्लव१न ।	0xa21090d3	flt.d ra,f1,f1
प्लवन्यूनम्ॱप६४ स्तूपसूचकःम् प्लव१५न प्लव१५न ।	0xa2f79153	flt.d sp,f15,f15
प्लवन्यूनम्ॱप६४ क्षणिक०म् प्लव३१न प्लव३१न ।	0xa3ff92d3	flt.d t0,f31,f31
प्लवानधिकम्ॱप६४ शून्यःम् प्लव०न प्लव०न ।	0xa2000053	fle.d zero,f0,f0
प्लवानधिकम्ॱप६४ पुनःस्थानम्म् प्लव१न प्लव१न ।	0xa21080d3	fle.d ra,f1,f1
प्लवानधिकम्ॱप६४ स्तूपसूचकःम् प्लव१५न प्लव१५न ।	0xa2f78153	fle.d sp,f15,f15
प्लवानधिकम्ॱप६४ क्षणिक०म् प्लव३१न प्लव३१न ।	0xa3ff82d3	fle.d t0,f31,f31
प्लवचिह्नारोपणम्ॱप६४ प्लव०म् प्लव०न प्लव०न ।	0x22000053	fsgnj.d f0,f0,f0
प्लवचिह्नारोपणम्ॱप६४ प्लव०म् प्लव१५न प्लव३१न ।	0x23f78053	fsgnj.d f0,f15,f31
प्लवचिह्नारोपणम्ॱप६४ प्लव१म् प्लव१न प्लव१५न ।	0x22f080d3	fsgnj.d f1,f1,f15
प्लवचिह्नारोपणम्ॱप६४ प्लव१५म् प्लव०न प्लव१न ।	0x221007d3	fsgnj.d f15,f0,f1
प्लवचिह्नारोपणम्ॱप६४ प्लव१५म् प्लव३१न प्लव०न ।	0x220f87d3	fsgnj.d f15,f31,f0
प्लवचिह्नारोपणम्ॱप६४ प्लव३१म् प्लव१न प्लव३१न ।	0x23f08fd3	fsgnj.d f31,f1,f31
व्यत्ययप्लवचिह्नारोपणम्ॱप६४ प्लव०म् प्लव०न प्लव०न ।	0x22001053	fsgnjn.d f0,f0,f0
व्यत्ययप्लवचिह्नारोपणम्ॱप६४ प्लव०म् प्लव१५न प्लव३१न ।	0x23f79053	fsgnjn.d f0,f15,f31
व्यत्ययप्लवचिह्नारोपणम्ॱप६४ प्लव१म् प्लव१न प्लव१५न ।	0x22f090d3	fsgnjn.d f1,f1,f15
व्यत्ययप्लवचिह्नारोपणम्ॱप६४ प्लव१५म् प्लव०न प्लव१न ।	0x221017d3	fsgnjn.d f15,f0,f1
व्यत्ययप्लवचिह्नारोपणम्ॱप६४ प्लव१५म् प्लव३१न प्लव०न ।	0x220f97d3	fsgnjn.d f15,f31,f0
व्यत्ययप्लवचिह्नारोपणम्ॱप६४ प्लव३१म् प्लव१न प्लव३१न ।	0x23f09fd3	fsgnjn.d f31,f1,f31
वैषम्यप्लवचिह्नारोपणम्ॱप६४ प्लव०म् प्लव०न प्लव०न ।	0x22002053	fsgnjx.d f0,f0,f0
वैषम्यप्लवचिह्नारोपणम्ॱप६४ प्लव०म् प्लव१५न प्लव३१न ।	0x23f7a053	fsgnjx.d f0,f15,f31
वैषम्यप्लवचिह्नारोपणम्ॱप६४ प्लव१म् प्लव१न प्लव१५न ।	0x22f0a0d3	fsgnjx.d f1,f1,f15
वैषम्यप्लवचिह्नारोपणम्ॱप६४ प्लव१५म् प्लव०न प्लव१न ।	0x221027d3	fsgnjx.d f15,f0,f1
वैषम्यप्लवचिह्नारोपणम्ॱप६४ प्लव१५म् प्लव३१न प्लव०न ।	0x220fa7d3	fsgnjx.d f15,f31,f0
वैषम्यप्लवचिह्नारोपणम्ॱप६४ प्लव३१म् प्लव१न प्लव३१न ।	0x23f0afd3	fsgnjx.d f31,f1,f31
प्लवगुणयोगःॱप६४ प्लव०म् प्लव०न प्लव०न प्लव०न ।	0x02007043	fmadd.d f0,f0,f0,f0
प्लवगुणयोगःॱप६४ प्लव०म् प्लव१५न प्लव१५न प्लव३१न ।	0xfaf7f043	fmadd.d f0,f15,f15,f31
प्लवगुणयोगःॱप६४ प्लव१म् प्लव१न प्लव१न प्लव१५न ।	0x7a10f0c3	fmadd.d f1,f1,f1,f15
प्लवगुणयोगःॱप६४ प्लव१५म् प्लव०न प्लव०न प्लव१न ।	0x0a0077c3	fmadd.d f15,f0,f0,f1
प्लवगुणयोगःॱप६४ प्लव१५म् प्लव१५न प्लव३१न प्लव०न ।	0x03f7f7c3	fmadd.d f15,f15,f31,f0
प्लवगुणयोगःॱप६४ प्लव३१म् प्लव१न प्लव१न प्लव३१न ।	0xfa10ffc3	fmadd.d f31,f1,f1,f31
प्लवगुणवियोगःॱप६४ प्लव०म् प्लव०न प्लव०न प्लव०न ।	0x02007047	fmsub.d f0,f0,f0,f0
प्लवगुणवियोगःॱप६४ प्लव०म् प्लव१५न प्लव१५न प्लव३१न ।	0xfaf7f047	fmsub.d f0,f15,f15,f31
प्लवगुणवियोगःॱप६४ प्लव१म् प्लव१न प्लव१न प्लव१५न ।	0x7a10f0c7	fmsub.d f1,f1,f1,f15
प्लवगुणवियोगःॱप६४ प्लव१५म् प्लव०न प्लव०न प्लव१न ।	0x0a0077c7	fmsub.d f15,f0,f0,f1
प्लवगुणवियोगःॱप६४ प्लव१५म् प्लव१५न प्लव३१न प्लव०न ।	0x03f7f7c7	fmsub.d f15,f15,f31,f0
प्लवगुणवियोगःॱप६४ प्लव३१म् प्लव१न प्लव१न प्लव३१न ।	0xfa10ffc7	fmsub.d f31,f1,f1,f31
ऋणप्लवगुणयोगःॱप६४ प्लव०म् प्लव०न प्लव०न प्लव०न ।	0x0200704f	fnmadd.d f0,f0,f0,f0
ऋणप्लवगुणयोगःॱप६४ प्लव०म् प्लव१५न प्लव१५न प्लव३१न ।	0xfaf7f04f	fnmadd.d f0,f15,f15,f31
ऋणप्लवगुणयोगःॱप६४ प्लव१म् प्लव१न प्लव१न प्लव१५न ।	0x7a10f0cf	fnmadd.d f1,f1,f1,f15
ऋणप्लवगुणयोगःॱप६४ प्लव१५म् प्लव०न प्लव०न प्लव१न ।	0x0a0077cf	fnmadd.d f15,f0,f0,f1
ऋणप्लवगुणयोगःॱप६४ प्लव१५म् प्लव१५न प्लव३१न प्लव०न ।	0x03f7f7cf	fnmadd.d f15,f15,f31,f0
ऋणप्लवगुणयोगःॱप६४ प्लव३१म् प्लव१न प्लव१न प्लव३१न ।	0xfa10ffcf	fnmadd.d f31,f1,f1,f31
ऋणप्लवगुणवियोगःॱप६४ प्लव०म् प्लव०न प्लव०न प्लव०न ।	0x0200704b	fnmsub.d f0,f0,f0,f0
ऋणप्लवगुणवियोगःॱप६४ प्लव०म् प्लव१५न प्लव१५न प्लव३१न ।	0xfaf7f04b	fnmsub.d f0,f15,f15,f31
ऋणप्लवगुणवियोगःॱप६४ प्लव१म् प्लव१न प्लव१न प्लव१५न ।	0x7a10f0cb	fnmsub.d f1,f1,f1,f15
ऋणप्लवगुणवियोगःॱप६४ प्लव१५म् प्लव०न प्लव०न प्लव१न ।	0x0a0077cb	fnmsub.d f15,f0,f0,f1
ऋणप्लवगुणवियोगःॱप६४ प्लव१५म् प्लव१५न प्लव३१न प्लव०न ।	0x03f7f7cb	fnmsub.d f15,f15,f31,f0
ऋणप्लवगुणवियोगःॱप६४ प्लव३१म् प्लव१न प्लव१न प्लव३१न ।	0xfa10ffcb	fnmsub.d f31,f1,f1,f31
प्लवाहारःॱप३२ प्लव०म् शून्यःत् ०न ।	0x00002007	flw f0,0(zero)
प्लवनिधानम्ॱप३२ शून्यःय् ०न प्लव०न ।	0x00002027	fsw f0,0(zero)
प्लवाहारःॱप३२ प्लव०म् शून्यःत् ४न ।	0x00402007	flw f0,4(zero)
प्लवनिधानम्ॱप३२ शून्यःय् ४न प्लव०न ।	0x00002227	fsw f0,4(zero)
प्लवाहारःॱप३२ प्लव०म् शून्यःत् ऋण८न ।	0xff802007	flw f0,-8(zero)
प्लवनिधानम्ॱप३२ शून्यःय् ऋण८न प्लव०न ।	0xfe002c27	fsw f0,-8(zero)
प्लवाहारःॱप३२ प्लव०म् शून्यःत् २०४७न ।	0x7ff02007	flw f0,2047(zero)
प्लवनिधानम्ॱप३२ शून्यःय् २०४७न प्लव०न ।	0x7e002fa7	fsw f0,2047(zero)
प्लवाहारःॱप३२ प्लव०म् अर्थ०त् ०न ।	0x00052007	flw f0,0(a0)
प्लवनिधानम्ॱप३२ अर्थ०य् ०न प्लव०न ।	0x00052027	fsw f0,0(a0)
प्लवाहारःॱप३२ प्लव०म् अर्थ०त् ४न ।	0x00452007	flw f0,4(a0)
प्लवनिधानम्ॱप३२ अर्थ०य् ४न प्लव०न ।	0x00052227	fsw f0,4(a0)
प्लवाहारःॱप३२ प्लव०म् अर्थ०त् ऋण८न ।	0xff852007	flw f0,-8(a0)
प्लवनिधानम्ॱप३२ अर्थ०य् ऋण८न प्लव०न ।	0xfe052c27	fsw f0,-8(a0)
प्लवाहारःॱप३२ प्लव०म् अर्थ०त् २०४७न ।	0x7ff52007	flw f0,2047(a0)
प्लवनिधानम्ॱप३२ अर्थ०य् २०४७न प्लव०न ।	0x7e052fa7	fsw f0,2047(a0)
प्लवाहारःॱप३२ प्लव१म् स्तूपसूचकःत् ०न ।	0x00012087	flw f1,0(sp)
प्लवनिधानम्ॱप३२ स्तूपसूचकःय् ०न प्लव१न ।	0x00112027	fsw f1,0(sp)
प्लवाहारःॱप३२ प्लव१म् स्तूपसूचकःत् ४न ।	0x00412087	flw f1,4(sp)
प्लवनिधानम्ॱप३२ स्तूपसूचकःय् ४न प्लव१न ।	0x00112227	fsw f1,4(sp)
प्लवाहारःॱप३२ प्लव१म् स्तूपसूचकःत् ऋण८न ।	0xff812087	flw f1,-8(sp)
प्लवनिधानम्ॱप३२ स्तूपसूचकःय् ऋण८न प्लव१न ।	0xfe112c27	fsw f1,-8(sp)
प्लवाहारःॱप३२ प्लव१म् स्तूपसूचकःत् २०४७न ।	0x7ff12087	flw f1,2047(sp)
प्लवनिधानम्ॱप३२ स्तूपसूचकःय् २०४७न प्लव१न ।	0x7e112fa7	fsw f1,2047(sp)
प्लवाहारःॱप३२ प्लव१म् स्थिर११त् ०न ।	0x000da087	flw f1,0(s11)
प्लवनिधानम्ॱप३२ स्थिर११य् ०न प्लव१न ।	0x001da027	fsw f1,0(s11)
प्लवाहारःॱप३२ प्लव१म् स्थिर११त् ४न ।	0x004da087	flw f1,4(s11)
प्लवनिधानम्ॱप३२ स्थिर११य् ४न प्लव१न ।	0x001da227	fsw f1,4(s11)
प्लवाहारःॱप३२ प्लव१म् स्थिर११त् ऋण८न ।	0xff8da087	flw f1,-8(s11)
प्लवनिधानम्ॱप३२ स्थिर११य् ऋण८न प्लव१न ।	0xfe1dac27	fsw f1,-8(s11)
प्लवाहारःॱप३२ प्लव१म् स्थिर११त् २०४७न ।	0x7ffda087	flw f1,2047(s11)
प्लवनिधानम्ॱप३२ स्थिर११य् २०४७न प्लव१न ।	0x7e1dafa7	fsw f1,2047(s11)
प्लवाहारःॱप३२ प्लव१५म् क्षणिक२त् ०न ।	0x0003a787	flw f15,0(t2)
प्लवनिधानम्ॱप३२ क्षणिक२य् ०न प्लव१५न ।	0x00f3a027	fsw f15,0(t2)
प्लवाहारःॱप३२ प्लव१५म् क्षणिक२त् ४न ।	0x0043a787	flw f15,4(t2)
प्लवनिधानम्ॱप३२ क्षणिक२य् ४न प्लव१५न ।	0x00f3a227	fsw f15,4(t2)
प्लवाहारःॱप३२ प्लव१५म् क्षणिक२त् ऋण८न ।	0xff83a787	flw f15,-8(t2)
प्लवनिधानम्ॱप३२ क्षणिक२य् ऋण८न प्लव१५न ।	0xfef3ac27	fsw f15,-8(t2)
प्लवाहारःॱप३२ प्लव१५म् क्षणिक२त् २०४७न ।	0x7ff3a787	flw f15,2047(t2)
प्लवनिधानम्ॱप३२ क्षणिक२य् २०४७न प्लव१५न ।	0x7ef3afa7	fsw f15,2047(t2)
प्लवाहारःॱप३२ प्लव१५म् क्षणिक६त् ०न ।	0x000fa787	flw f15,0(t6)
प्लवनिधानम्ॱप३२ क्षणिक६य् ०न प्लव१५न ।	0x00ffa027	fsw f15,0(t6)
प्लवाहारःॱप३२ प्लव१५म् क्षणिक६त् ४न ।	0x004fa787	flw f15,4(t6)
प्लवनिधानम्ॱप३२ क्षणिक६य् ४न प्लव१५न ।	0x00ffa227	fsw f15,4(t6)
प्लवाहारःॱप३२ प्लव१५म् क्षणिक६त् ऋण८न ।	0xff8fa787	flw f15,-8(t6)
प्लवनिधानम्ॱप३२ क्षणिक६य् ऋण८न प्लव१५न ।	0xfeffac27	fsw f15,-8(t6)
प्लवाहारःॱप३२ प्लव१५म् क्षणिक६त् २०४७न ।	0x7fffa787	flw f15,2047(t6)
प्लवनिधानम्ॱप३२ क्षणिक६य् २०४७न प्लव१५न ।	0x7effafa7	fsw f15,2047(t6)
प्लवाहारःॱप३२ प्लव३१म् स्थिर१त् ०न ।	0x0004af87	flw f31,0(s1)
प्लवनिधानम्ॱप३२ स्थिर१य् ०न प्लव३१न ।	0x01f4a027	fsw f31,0(s1)
प्लवाहारःॱप३२ प्लव३१म् स्थिर१त् ४न ।	0x0044af87	flw f31,4(s1)
प्लवनिधानम्ॱप३२ स्थिर१य् ४न प्लव३१न ।	0x01f4a227	fsw f31,4(s1)
प्लवाहारःॱप३२ प्लव३१म् स्थिर१त् ऋण८न ।	0xff84af87	flw f31,-8(s1)
प्लवनिधानम्ॱप३२ स्थिर१य् ऋण८न प्लव३१न ।	0xfff4ac27	fsw f31,-8(s1)
प्लवाहारःॱप३२ प्लव३१म् स्थिर१त् २०४७न ।	0x7ff4af87	flw f31,2047(s1)
प्लवनिधानम्ॱप३२ स्थिर१य् २०४७न प्लव३१न ।	0x7ff4afa7	fsw f31,2047(s1)
प्लवाहारःॱप६४ प्लव०म् शून्यःत् ०न ।	0x00003007	fld f0,0(zero)
प्लवनिधानम्ॱप६४ शून्यःय् ०न प्लव०न ।	0x00003027	fsd f0,0(zero)
प्लवाहारःॱप६४ प्लव०म् शून्यःत् ४न ।	0x00403007	fld f0,4(zero)
प्लवनिधानम्ॱप६४ शून्यःय् ४न प्लव०न ।	0x00003227	fsd f0,4(zero)
प्लवाहारःॱप६४ प्लव०म् शून्यःत् ऋण८न ।	0xff803007	fld f0,-8(zero)
प्लवनिधानम्ॱप६४ शून्यःय् ऋण८न प्लव०न ।	0xfe003c27	fsd f0,-8(zero)
प्लवाहारःॱप६४ प्लव०म् शून्यःत् २०४७न ।	0x7ff03007	fld f0,2047(zero)
प्लवनिधानम्ॱप६४ शून्यःय् २०४७न प्लव०न ।	0x7e003fa7	fsd f0,2047(zero)
प्लवाहारःॱप६४ प्लव०म् अर्थ०त् ०न ।	0x00053007	fld f0,0(a0)
प्लवनिधानम्ॱप६४ अर्थ०य् ०न प्लव०न ।	0x00053027	fsd f0,0(a0)
प्लवाहारःॱप६४ प्लव०म् अर्थ०त् ४न ।	0x00453007	fld f0,4(a0)
प्लवनिधानम्ॱप६४ अर्थ०य् ४न प्लव०न ।	0x00053227	fsd f0,4(a0)
प्लवाहारःॱप६४ प्लव०म् अर्थ०त् ऋण८न ।	0xff853007	fld f0,-8(a0)
प्लवनिधानम्ॱप६४ अर्थ०य् ऋण८न प्लव०न ।	0xfe053c27	fsd f0,-8(a0)
प्लवाहारःॱप६४ प्लव०म् अर्थ०त् २०४७न ।	0x7ff53007	fld f0,2047(a0)
प्लवनिधानम्ॱप६४ अर्थ०य् २०४७न प्लव०न ।	0x7e053fa7	fsd f0,2047(a0)
प्लवाहारःॱप६४ प्लव१म् स्तूपसूचकःत् ०न ।	0x2082	fld f1,0(sp)
प्लवनिधानम्ॱप६४ स्तूपसूचकःय् ०न प्लव१न ।	0xa006	fsd f1,0(sp)
प्लवाहारःॱप६४ प्लव१म् स्तूपसूचकःत् ४न ।	0x00413087	fld f1,4(sp)
प्लवनिधानम्ॱप६४ स्तूपसूचकःय् ४न प्लव१न ।	0x00113227	fsd f1,4(sp)
प्लवाहारःॱप६४ प्लव१म् स्तूपसूचकःत् ऋण८न ।	0xff813087	fld f1,-8(sp)
प्लवनिधानम्ॱप६४ स्तूपसूचकःय् ऋण८न प्लव१न ।	0xfe113c27	fsd f1,-8(sp)
प्लवाहारःॱप६४ प्लव१म् स्तूपसूचकःत् २०४७न ।	0x7ff13087	fld f1,2047(sp)
प्लवनिधानम्ॱप६४ स्तूपसूचकःय् २०४७न प्लव१न ।	0x7e113fa7	fsd f1,2047(sp)
प्लवाहारःॱप६४ प्लव१म् स्थिर११त् ०न ।	0x000db087	fld f1,0(s11)
प्लवनिधानम्ॱप६४ स्थिर११य् ०न प्लव१न ।	0x001db027	fsd f1,0(s11)
प्लवाहारःॱप६४ प्लव१म् स्थिर११त् ४न ।	0x004db087	fld f1,4(s11)
प्लवनिधानम्ॱप६४ स्थिर११य् ४न प्लव१न ।	0x001db227	fsd f1,4(s11)
प्लवाहारःॱप६४ प्लव१म् स्थिर११त् ऋण८न ।	0xff8db087	fld f1,-8(s11)
प्लवनिधानम्ॱप६४ स्थिर११य् ऋण८न प्लव१न ।	0xfe1dbc27	fsd f1,-8(s11)
प्लवाहारःॱप६४ प्लव१म् स्थिर११त् २०४७न ।	0x7ffdb087	fld f1,2047(s11)
प्लवनिधानम्ॱप६४ स्थिर११य् २०४७न प्लव१न ।	0x7e1dbfa7	fsd f1,2047(s11)
प्लवाहारःॱप६४ प्लव१५म् क्षणिक२त् ०न ।	0x0003b787	fld f15,0(t2)
प्लवनिधानम्ॱप६४ क्षणिक२य् ०न प्लव१५न ।	0x00f3b027	fsd f15,0(t2)
प्लवाहारःॱप६४ प्लव१५म् क्षणिक२त् ४न ।	0x0043b787	fld f15,4(t2)
प्लवनिधानम्ॱप६४ क्षणिक२य् ४न प्लव१५न ।	0x00f3b227	fsd f15,4(t2)
प्लवाहारःॱप६४ प्लव१५म् क्षणिक२त् ऋण८न ।	0xff83b787	fld f15,-8(t2)
प्लवनिधानम्ॱप६४ क्षणिक२य् ऋण८न प्लव१५न ।	0xfef3bc27	fsd f15,-8(t2)
प्लवाहारःॱप६४ प्लव१५म् क्षणिक२त् २०४७न ।	0x7ff3b787	fld f15,2047(t2)
प्लवनिधानम्ॱप६४ क्षणिक२य् २०४७न प्लव१५न ।	0x7ef3bfa7	fsd f15,2047(t2)
प्लवाहारःॱप६४ प्लव१५म् क्षणिक६त् ०न ।	0x000fb787	fld f15,0(t6)
प्लवनिधानम्ॱप६४ क्षणिक६य् ०न प्लव१५न ।	0x00ffb027	fsd f15,0(t6)
प्लवाहारःॱप६४ प्लव१५म् क्षणिक६त् ४न ।	0x004fb787	fld f15,4(t6)
प्लवनिधानम्ॱप६४ क्षणिक६य् ४न प्लव१५न ।	0x00ffb227	fsd f15,4(t6)
प्लवाहारःॱप६४ प्लव१५म् क्षणिक६त् ऋण८न ।	0xff8fb787	fld f15,-8(t6)
प्लवनिधानम्ॱप६४ क्षणिक६य् ऋण८न प्लव१५न ।	0xfeffbc27	fsd f15,-8(t6)
प्लवाहारःॱप६४ प्लव१५म् क्षणिक६त् २०४७न ।	0x7fffb787	fld f15,2047(t6)
प्लवनिधानम्ॱप६४ क्षणिक६य् २०४७न प्लव१५न ।	0x7effbfa7	fsd f15,2047(t6)
प्लवाहारःॱप६४ प्लव३१म् स्थिर१त् ०न ।	0x0004bf87	fld f31,0(s1)
प्लवनिधानम्ॱप६४ स्थिर१य् ०न प्लव३१न ।	0x01f4b027	fsd f31,0(s1)
प्लवाहारःॱप६४ प्लव३१म् स्थिर१त् ४न ।	0x0044bf87	fld f31,4(s1)
प्लवनिधानम्ॱप६४ स्थिर१य् ४न प्लव३१न ।	0x01f4b227	fsd f31,4(s1)
प्लवाहारःॱप६४ प्लव३१म् स्थिर१त् ऋण८न ।	0xff84bf87	fld f31,-8(s1)
प्लवनिधानम्ॱप६४ स्थिर१य् ऋण८न प्लव३१न ।	0xfff4bc27	fsd f31,-8(s1)
प्लवाहारःॱप६४ प्लव३१म् स्थिर१त् २०४७न ।	0x7ff4bf87	fld f31,2047(s1)
प्लवनिधानम्ॱप६४ स्थिर१य् २०४७न प्लव३१न ।	0x7ff4bfa7	fsd f31,2047(s1)
परमाणुपठनम्ॱअ३२ शून्यःम् शून्यःत् ।	0x1000202f	lr.w zero,(zero)
परमाणुपठनम्ॱअ३२ शून्यःम् क्षणिक६त् ।	0x100fa02f	lr.w zero,(t6)
परमाणुपठनम्ॱअ३२ पुनःस्थानम्म् क्षणिक३त् ।	0x100e20af	lr.w ra,(t3)
परमाणुपठनम्ॱअ३२ स्तूपसूचकःम् स्थिर११त् ।	0x100da12f	lr.w sp,(s11)
परमाणुपठनम्ॱअ३२ क्षणिक०म् अर्थ७त् ।	0x1008a2af	lr.w t0,(a7)
परमाणुपठनम्ॱअ३२ क्षणिक२म् अर्थ०त् ।	0x100523af	lr.w t2,(a0)
परमाणुपठनम्ॱअ३२ स्थिर०म् स्थिर१त् ।	0x1004a42f	lr.w s0,(s1)
परमाणुपठनम्ॱअ३२ स्थिर१म् स्थिर०त् ।	0x100424af	lr.w s1,(s0)
परमाणुपठनम्ॱअ३२ अर्थ०म् क्षणिक२त् ।	0x1003a52f	lr.w a0,(t2)
परमाणुपठनम्ॱअ३२ अर्थ७म् क्षणिक०त् ।	0x1002a8af	lr.w a7,(t0)
परमाणुपठनम्ॱअ३२ स्थिर११म् स्तूपसूचकःत् ।	0x10012daf	lr.w s11,(sp)
परमाणुपठनम्ॱअ३२ क्षणिक३म् पुनःस्थानम्त् ।	0x1000ae2f	lr.w t3,(ra)
परमाणुपठनम्ॱअ३२ क्षणिक६म् शून्यःत् ।	0x10002faf	lr.w t6,(zero)
परमाणुपठनम्ॱअ३२ क्षणिक६म् क्षणिक६त् ।	0x100fafaf	lr.w t6,(t6)
परमाणुलेखनम्ॱअ३२ शून्यःम् शून्यःन शून्यःत् ।	0x1800202f	sc.w zero,zero,(zero)
परमाणुलेखनम्ॱअ३२ शून्यःम् क्षणिक०न स्थिर०त् ।	0x1854202f	sc.w zero,t0,(s0)
परमाणुलेखनम्ॱअ३२ शून्यःम् स्थिर१न क्षणिक३त् ।	0x189e202f	sc.w zero,s1,(t3)
परमाणुलेखनम्ॱअ३२ शून्यःम् क्षणिक३न क्षणिक०त् ।	0x19c2a02f	sc.w zero,t3,(t0)
परमाणुलेखनम्ॱअ३२ पुनःस्थानम्म् पुनःस्थानम्न अर्थ७त् ।	0x1818a0af	sc.w ra,ra,(a7)
परमाणुलेखनम्ॱअ३२ पुनःस्थानम्म् स्थिर०न पुनःस्थानम्त् ।	0x1880a0af	sc.w ra,s0,(ra)
परमाणुलेखनम्ॱअ३२ पुनःस्थानम्म् अर्थ७न स्थिर१त् ।	0x1914a0af	sc.w ra,a7,(s1)
परमाणुलेखनम्ॱअ३२ पुनःस्थानम्म् क्षणिक६न क्षणिक६त् ।	0x19ffa0af	sc.w ra,t6,(t6)
परमाणुलेखनम्ॱअ३२ स्तूपसूचकःम् क्षणिक०न क्षणिक२त् ।	0x1853a12f	sc.w sp,t0,(t2)
परमाणुलेखनम्ॱअ३२ स्तूपसूचकःम् स्थिर१न स्थिर११त् ।	0x189da12f	sc.w sp,s1,(s11)
परमाणुलेखनम्ॱअ३२ स्तूपसूचकःम् क्षणिक३न स्तूपसूचकःत् ।	0x19c1212f	sc.w sp,t3,(sp)
परमाणुलेखनम्ॱअ३२ क्षणिक०म् पुनःस्थानम्न अर्थ०त् ।	0x181522af	sc.w t0,ra,(a0)
परमाणुलेखनम्ॱअ३२ क्षणिक०म् स्थिर०न शून्यःत् ।	0x188022af	sc.w t0,s0,(zero)
परमाणुलेखनम्ॱअ३२ क्षणिक०म् अर्थ७न स्थिर०त् ।	0x191422af	sc.w t0,a7,(s0)
परमाणुलेखनम्ॱअ३२ क्षणिक०म् क्षणिक६न क्षणिक३त् ।	0x19fe22af	sc.w t0,t6,(t3)
परमाणुलेखनम्ॱअ३२ क्षणिक२म् क्षणिक०न क्षणिक०त् ।	0x1852a3af	sc.w t2,t0,(t0)
परमाणुलेखनम्ॱअ३२ क्षणिक२म् स्थिर१न अर्थ७त् ।	0x1898a3af	sc.w t2,s1,(a7)
परमाणुलेखनम्ॱअ३२ क्षणिक२म् क्षणिक३न पुनःस्थानम्त् ।	0x19c0a3af	sc.w t2,t3,(ra)
परमाणुलेखनम्ॱअ३२ स्थिर०म् पुनःस्थानम्न स्थिर१त् ।	0x1814a42f	sc.w s0,ra,(s1)
परमाणुलेखनम्ॱअ३२ स्थिर०म् क्षणिक२न क्षणिक६त् ।	0x187fa42f	sc.w s0,t2,(t6)
परमाणुलेखनम्ॱअ३२ स्थिर०म् अर्थ७न क्षणिक२त् ।	0x1913a42f	sc.w s0,a7,(t2)
परमाणुलेखनम्ॱअ३२ स्थिर०म् क्षणिक६न स्थिर११त् ।	0x19fda42f	sc.w s0,t6,(s11)
परमाणुलेखनम्ॱअ३२ स्थिर१म् क्षणिक०न स्तूपसूचकःत् ।	0x185124af	sc.w s1,t0,(sp)
परमाणुलेखनम्ॱअ३२ स्थिर१म् स्थिर१न अर्थ०त् ।	0x189524af	sc.w s1,s1,(a0)
परमाणुलेखनम्ॱअ३२ स्थिर१म् क्षणिक३न शून्यःत् ।	0x19c024af	sc.w s1,t3,(zero)
परमाणुलेखनम्ॱअ३२ अर्थ०म् पुनःस्थानम्न स्थिर०त् ।	0x1814252f	sc.w a0,ra,(s0)
परमाणुलेखनम्ॱअ३२ अर्थ०म् क्षणिक२न क्षणिक३त् ।	0x187e252f	sc.w a0,t2,(t3)
परमाणुलेखनम्ॱअ३२ अर्थ०म् अर्थ७न क्षणिक०त् ।	0x1912a52f	sc.w a0,a7,(t0)
परमाणुलेखनम्ॱअ३२ अर्थ०म् क्षणिक६न अर्थ७त् ।	0x19f8a52f	sc.w a0,t6,(a7)
परमाणुलेखनम्ॱअ३२ अर्थ७म् क्षणिक०न पुनःस्थानम्त् ।	0x1850a8af	sc.w a7,t0,(ra)
परमाणुलेखनम्ॱअ३२ अर्थ७म् स्थिर१न स्थिर१त् ।	0x1894a8af	sc.w a7,s1,(s1)
परमाणुलेखनम्ॱअ३२ अर्थ७म् स्थिर११न क्षणिक६त् ।	0x19bfa8af	sc.w a7,s11,(t6)
परमाणुलेखनम्ॱअ३२ स्थिर११म् पुनःस्थानम्न क्षणिक२त् ।	0x1813adaf	sc.w s11,ra,(t2)
परमाणुलेखनम्ॱअ३२ स्थिर११म् क्षणिक२न स्थिर११त् ।	0x187dadaf	sc.w s11,t2,(s11)
परमाणुलेखनम्ॱअ३२ स्थिर११म् अर्थ७न स्तूपसूचकःत् ।	0x19112daf	sc.w s11,a7,(sp)
परमाणुलेखनम्ॱअ३२ स्थिर११म् क्षणिक६न अर्थ०त् ।	0x19f52daf	sc.w s11,t6,(a0)
परमाणुलेखनम्ॱअ३२ क्षणिक३म् क्षणिक०न शून्यःत् ।	0x18502e2f	sc.w t3,t0,(zero)
परमाणुलेखनम्ॱअ३२ क्षणिक३म् स्थिर१न स्थिर०त् ।	0x18942e2f	sc.w t3,s1,(s0)
परमाणुलेखनम्ॱअ३२ क्षणिक३म् स्थिर११न क्षणिक३त् ।	0x19be2e2f	sc.w t3,s11,(t3)
परमाणुलेखनम्ॱअ३२ क्षणिक६म् पुनःस्थानम्न क्षणिक०त् ।	0x1812afaf	sc.w t6,ra,(t0)
परमाणुलेखनम्ॱअ३२ क्षणिक६म् क्षणिक२न अर्थ७त् ।	0x1878afaf	sc.w t6,t2,(a7)
परमाणुलेखनम्ॱअ३२ क्षणिक६म् अर्थ७न पुनःस्थानम्त् ।	0x1910afaf	sc.w t6,a7,(ra)
परमाणुलेखनम्ॱअ३२ क्षणिक६म् क्षणिक६न स्थिर१त् ।	0x19f4afaf	sc.w t6,t6,(s1)
परमाणुपठनम्ॱअ६४ शून्यःम् शून्यःत् ।	0x1000302f	lr.d zero,(zero)
परमाणुपठनम्ॱअ६४ शून्यःम् क्षणिक६त् ।	0x100fb02f	lr.d zero,(t6)
परमाणुपठनम्ॱअ६४ पुनःस्थानम्म् क्षणिक३त् ।	0x100e30af	lr.d ra,(t3)
परमाणुपठनम्ॱअ६४ स्तूपसूचकःम् स्थिर११त् ।	0x100db12f	lr.d sp,(s11)
परमाणुपठनम्ॱअ६४ क्षणिक०म् अर्थ७त् ।	0x1008b2af	lr.d t0,(a7)
परमाणुपठनम्ॱअ६४ क्षणिक२म् अर्थ०त् ।	0x100533af	lr.d t2,(a0)
परमाणुपठनम्ॱअ६४ स्थिर०म् स्थिर१त् ।	0x1004b42f	lr.d s0,(s1)
परमाणुपठनम्ॱअ६४ स्थिर१म् स्थिर०त् ।	0x100434af	lr.d s1,(s0)
परमाणुपठनम्ॱअ६४ अर्थ०म् क्षणिक२त् ।	0x1003b52f	lr.d a0,(t2)
परमाणुपठनम्ॱअ६४ अर्थ७म् क्षणिक०त् ।	0x1002b8af	lr.d a7,(t0)
परमाणुपठनम्ॱअ६४ स्थिर११म् स्तूपसूचकःत् ।	0x10013daf	lr.d s11,(sp)
परमाणुपठनम्ॱअ६४ क्षणिक३म् पुनःस्थानम्त् ।	0x1000be2f	lr.d t3,(ra)
परमाणुपठनम्ॱअ६४ क्षणिक६म् शून्यःत् ।	0x10003faf	lr.d t6,(zero)
परमाणुपठनम्ॱअ६४ क्षणिक६म् क्षणिक६त् ।	0x100fbfaf	lr.d t6,(t6)
परमाणुलेखनम्ॱअ६४ शून्यःम् शून्यःन शून्यःत् ।	0x1800302f	sc.d zero,zero,(zero)
परमाणुलेखनम्ॱअ६४ शून्यःम् क्षणिक०न स्थिर०त् ।	0x1854302f	sc.d zero,t0,(s0)
परमाणुलेखनम्ॱअ६४ शून्यःम् स्थिर१न क्षणिक३त् ।	0x189e302f	sc.d zero,s1,(t3)
परमाणुलेखनम्ॱअ६४ शून्यःम् क्षणिक३न क्षणिक०त् ।	0x19c2b02f	sc.d zero,t3,(t0)
परमाणुलेखनम्ॱअ६४ पुनःस्थानम्म् पुनःस्थानम्न अर्थ७त् ।	0x1818b0af	sc.d ra,ra,(a7)
परमाणुलेखनम्ॱअ६४ पुनःस्थानम्म् स्थिर०न पुनःस्थानम्त् ।	0x1880b0af	sc.d ra,s0,(ra)
परमाणुलेखनम्ॱअ६४ पुनःस्थानम्म् अर्थ७न स्थिर१त् ।	0x1914b0af	sc.d ra,a7,(s1)
परमाणुलेखनम्ॱअ६४ पुनःस्थानम्म् क्षणिक६न क्षणिक६त् ।	0x19ffb0af	sc.d ra,t6,(t6)
परमाणुलेखनम्ॱअ६४ स्तूपसूचकःम् क्षणिक०न क्षणिक२त् ।	0x1853b12f	sc.d sp,t0,(t2)
परमाणुलेखनम्ॱअ६४ स्तूपसूचकःम् स्थिर१न स्थिर११त् ।	0x189db12f	sc.d sp,s1,(s11)
परमाणुलेखनम्ॱअ६४ स्तूपसूचकःम् क्षणिक३न स्तूपसूचकःत् ।	0x19c1312f	sc.d sp,t3,(sp)
परमाणुलेखनम्ॱअ६४ क्षणिक०म् पुनःस्थानम्न अर्थ०त् ।	0x181532af	sc.d t0,ra,(a0)
परमाणुलेखनम्ॱअ६४ क्षणिक०म् स्थिर०न शून्यःत् ।	0x188032af	sc.d t0,s0,(zero)
परमाणुलेखनम्ॱअ६४ क्षणिक०म् अर्थ७न स्थिर०त् ।	0x191432af	sc.d t0,a7,(s0)
परमाणुलेखनम्ॱअ६४ क्षणिक०म् क्षणिक६न क्षणिक३त् ।	0x19fe32af	sc.d t0,t6,(t3)
परमाणुलेखनम्ॱअ६४ क्षणिक२म् क्षणिक०न क्षणिक०त् ।	0x1852b3af	sc.d t2,t0,(t0)
परमाणुलेखनम्ॱअ६४ क्षणिक२म् स्थिर१न अर्थ७त् ।	0x1898b3af	sc.d t2,s1,(a7)
परमाणुलेखनम्ॱअ६४ क्षणिक२म् क्षणिक३न पुनःस्थानम्त् ।	0x19c0b3af	sc.d t2,t3,(ra)
परमाणुलेखनम्ॱअ६४ स्थिर०म् पुनःस्थानम्न स्थिर१त् ।	0x1814b42f	sc.d s0,ra,(s1)
परमाणुलेखनम्ॱअ६४ स्थिर०म् क्षणिक२न क्षणिक६त् ।	0x187fb42f	sc.d s0,t2,(t6)
परमाणुलेखनम्ॱअ६४ स्थिर०म् अर्थ७न क्षणिक२त् ।	0x1913b42f	sc.d s0,a7,(t2)
परमाणुलेखनम्ॱअ६४ स्थिर०म् क्षणिक६न स्थिर११त् ।	0x19fdb42f	sc.d s0,t6,(s11)
परमाणुलेखनम्ॱअ६४ स्थिर१म् क्षणिक०न स्तूपसूचकःत् ।	0x185134af	sc.d s1,t0,(sp)
परमाणुलेखनम्ॱअ६४ स्थिर१म् स्थिर१न अर्थ०त् ।	0x189534af	sc.d s1,s1,(a0)
परमाणुलेखनम्ॱअ६४ स्थिर१म् क्षणिक३न शून्यःत् ।	0x19c034af	sc.d s1,t3,(zero)
परमाणुलेखनम्ॱअ६४ अर्थ०म् पुनःस्थानम्न स्थिर०त् ।	0x1814352f	sc.d a0,ra,(s0)
परमाणुलेखनम्ॱअ६४ अर्थ०म् क्षणिक२न क्षणिक३त् ।	0x187e352f	sc.d a0,t2,(t3)
परमाणुलेखनम्ॱअ६४ अर्थ०म् अर्थ७न क्षणिक०त् ।	0x1912b52f	sc.d a0,a7,(t0)
परमाणुलेखनम्ॱअ६४ अर्थ०म् क्षणिक६न अर्थ७त् ।	0x19f8b52f	sc.d a0,t6,(a7)
परमाणुलेखनम्ॱअ६४ अर्थ७म् क्षणिक०न पुनःस्थानम्त् ।	0x1850b8af	sc.d a7,t0,(ra)
परमाणुलेखनम्ॱअ६४ अर्थ७म् स्थिर१न स्थिर१त् ।	0x1894b8af	sc.d a7,s1,(s1)
परमाणुलेखनम्ॱअ६४ अर्थ७म् स्थिर११न क्षणिक६त् ।	0x19bfb8af	sc.d a7,s11,(t6)
परमाणुलेखनम्ॱअ६४ स्थिर११म् पुनःस्थानम्न क्षणिक२त् ।	0x1813bdaf	sc.d s11,ra,(t2)
परमाणुलेखनम्ॱअ६४ स्थिर११म् क्षणिक२न स्थिर११त् ।	0x187dbdaf	sc.d s11,t2,(s11)
परमाणुलेखनम्ॱअ६४ स्थिर११म् अर्थ७न स्तूपसूचकःत् ।	0x19113daf	sc.d s11,a7,(sp)
परमाणुलेखनम्ॱअ६४ स्थिर११म् क्षणिक६न अर्थ०त् ।	0x19f53daf	sc.d s11,t6,(a0)
परमाणुलेखनम्ॱअ६४ क्षणिक३म् क्षणिक०न शून्यःत् ।	0x18503e2f	sc.d t3,t0,(zero)
परमाणुलेखनम्ॱअ६४ क्षणिक३म् स्थिर१न स्थिर०त् ।	0x18943e2f	sc.d t3,s1,(s0)
परमाणुलेखनम्ॱअ६४ क्षणिक३म् स्थिर११न क्षणिक३त् ।	0x19be3e2f	sc.d t3,s11,(t3)
परमाणुलेखनम्ॱअ६४ क्षणिक६म् पुनःस्थानम्न क्षणिक०त् ।	0x1812bfaf	sc.d t6,ra,(t0)
परमाणुलेखनम्ॱअ६४ क्षणिक६म् क्षणिक२न अर्थ७त् ।	0x1878bfaf	sc.d t6,t2,(a7)
परमाणुलेखनम्ॱअ६४ क्षणिक६म् अर्थ७न पुनःस्थानम्त् ।	0x1910bfaf	sc.d t6,a7,(ra)
परमाणुलेखनम्ॱअ६४ क्षणिक६म् क्षणिक६न स्थिर१त् ।	0x19f4bfaf	sc.d t6,t6,(s1)
प्लवरूपान्तरम्ॱप६४ॱअ६४ प्लव०म् स्तूपसूचकःन ।	0xd2217053	fcvt.d.l f0,sp
प्लवरूपान्तरम्ॱप६४ॱअ६४ प्लव१म् क्षणिक०न ।	0xd222f0d3	fcvt.d.l f1,t0
प्लवरूपान्तरम्ॱप६४ॱअ६४ प्लव१५म् शून्यःन ।	0xd22077d3	fcvt.d.l f15,zero
प्लवरूपान्तरम्ॱप६४ॱअ६४ प्लव३१म् पुनःस्थानम्न ।	0xd220ffd3	fcvt.d.l f31,ra
प्लवरूपान्तरम्ॱप६४ॱन६४ प्लव०म् स्तूपसूचकःन ।	0xd2317053	fcvt.d.lu f0,sp
प्लवरूपान्तरम्ॱप६४ॱन६४ प्लव१म् क्षणिक०न ।	0xd232f0d3	fcvt.d.lu f1,t0
प्लवरूपान्तरम्ॱप६४ॱन६४ प्लव१५म् शून्यःन ।	0xd23077d3	fcvt.d.lu f15,zero
प्लवरूपान्तरम्ॱप६४ॱन६४ प्लव३१म् पुनःस्थानम्न ।	0xd230ffd3	fcvt.d.lu f31,ra
प्लवरूपान्तरम्ॱप६४ॱप३२ प्लव०म् प्लव१५न ।	0x42078053	fcvt.d.s f0,f15
प्लवरूपान्तरम्ॱप६४ॱप३२ प्लव१म् प्लव३१न ।	0x420f80d3	fcvt.d.s f1,f31
प्लवरूपान्तरम्ॱप६४ॱप३२ प्लव१५म् प्लव०न ।	0x420007d3	fcvt.d.s f15,f0
प्लवरूपान्तरम्ॱप६४ॱप३२ प्लव३१म् प्लव१न ।	0x42008fd3	fcvt.d.s f31,f1
प्लवरूपान्तरम्ॱप६४ॱअ३२ प्लव०म् स्तूपसूचकःन ।	0xd2010053	fcvt.d.w f0,sp
प्लवरूपान्तरम्ॱप६४ॱअ३२ प्लव१म् क्षणिक०न ।	0xd20280d3	fcvt.d.w f1,t0
प्लवरूपान्तरम्ॱप६४ॱअ३२ प्लव१५म् शून्यःन ।	0xd20007d3	fcvt.d.w f15,zero
प्लवरूपान्तरम्ॱप६४ॱअ३२ प्लव३१म् पुनःस्थानम्न ।	0xd2008fd3	fcvt.d.w f31,ra
प्लवरूपान्तरम्ॱप६४ॱन३२ प्लव०म् स्तूपसूचकःन ।	0xd2110053	fcvt.d.wu f0,sp
प्लवरूपान्तरम्ॱप६४ॱन३२ प्लव१म् क्षणिक०न ।	0xd21280d3	fcvt.d.wu f1,t0
प्लवरूपान्तरम्ॱप६४ॱन३२ प्लव१५म् शून्यःन ।	0xd21007d3	fcvt.d.wu f15,zero
प्लवरूपान्तरम्ॱप६४ॱन३२ प्लव३१म् पुनःस्थानम्न ।	0xd2108fd3	fcvt.d.wu f31,ra
प्लवरूपान्तरम्ॱअ६४ॱप६४ शून्यःम् प्लव१५न ।	0xc227f053	fcvt.l.d zero,f15
प्लवरूपान्तरम्ॱअ६४ॱप६४ पुनःस्थानम्म् प्लव३१न ।	0xc22ff0d3	fcvt.l.d ra,f31
प्लवरूपान्तरम्ॱअ६४ॱप६४ स्तूपसूचकःम् प्लव०न ।	0xc2207153	fcvt.l.d sp,f0
प्लवरूपान्तरम्ॱअ६४ॱप६४ क्षणिक०म् प्लव१न ।	0xc220f2d3	fcvt.l.d t0,f1
प्लवरूपान्तरम्ॱअ६४ॱप३२ शून्यःम् प्लव१५न ।	0xc027f053	fcvt.l.s zero,f15
प्लवरूपान्तरम्ॱअ६४ॱप३२ पुनःस्थानम्म् प्लव३१न ।	0xc02ff0d3	fcvt.l.s ra,f31
प्लवरूपान्तरम्ॱअ६४ॱप३२ स्तूपसूचकःम् प्लव०न ।	0xc0207153	fcvt.l.s sp,f0
प्लवरूपान्तरम्ॱअ६४ॱप३२ क्षणिक०म् प्लव१न ।	0xc020f2d3	fcvt.l.s t0,f1
प्लवरूपान्तरम्ॱन६४ॱप६४ शून्यःम् प्लव१५न ।	0xc237f053	fcvt.lu.d zero,f15
प्लवरूपान्तरम्ॱन६४ॱप६४ पुनःस्थानम्म् प्लव३१न ।	0xc23ff0d3	fcvt.lu.d ra,f31
प्लवरूपान्तरम्ॱन६४ॱप६४ स्तूपसूचकःम् प्लव०न ।	0xc2307153	fcvt.lu.d sp,f0
प्लवरूपान्तरम्ॱन६४ॱप६४ क्षणिक०म् प्लव१न ।	0xc230f2d3	fcvt.lu.d t0,f1
प्लवरूपान्तरम्ॱन६४ॱप३२ शून्यःम् प्लव१५न ।	0xc037f053	fcvt.lu.s zero,f15
प्लवरूपान्तरम्ॱन६४ॱप३२ पुनःस्थानम्म् प्लव३१न ।	0xc03ff0d3	fcvt.lu.s ra,f31
प्लवरूपान्तरम्ॱन६४ॱप३२ स्तूपसूचकःम् प्लव०न ।	0xc0307153	fcvt.lu.s sp,f0
प्लवरूपान्तरम्ॱन६४ॱप३२ क्षणिक०म् प्लव१न ।	0xc030f2d3	fcvt.lu.s t0,f1
प्लवरूपान्तरम्ॱप३२ॱप६४ प्लव०म् प्लव१५न ।	0x4017f053	fcvt.s.d f0,f15
प्लवरूपान्तरम्ॱप३२ॱप६४ प्लव१म् प्लव३१न ।	0x401ff0d3	fcvt.s.d f1,f31
प्लवरूपान्तरम्ॱप३२ॱप६४ प्लव१५म् प्लव०न ।	0x401077d3	fcvt.s.d f15,f0
प्लवरूपान्तरम्ॱप३२ॱप६४ प्लव३१म् प्लव१न ।	0x4010ffd3	fcvt.s.d f31,f1
प्लवरूपान्तरम्ॱप३२ॱअ६४ प्लव०म् स्तूपसूचकःन ।	0xd0217053	fcvt.s.l f0,sp
प्लवरूपान्तरम्ॱप३२ॱअ६४ प्लव१म् क्षणिक०न ।	0xd022f0d3	fcvt.s.l f1,t0
प्लवरूपान्तरम्ॱप३२ॱअ६४ प्लव१५म् शून्यःन ।	0xd02077d3	fcvt.s.l f15,zero
प्लवरूपान्तरम्ॱप३२ॱअ६४ प्लव३१म् पुनःस्थानम्न ।	0xd020ffd3	fcvt.s.l f31,ra
प्लवरूपान्तरम्ॱप३२ॱन६४ प्लव०म् स्तूपसूचकःन ।	0xd0317053	fcvt.s.lu f0,sp
प्लवरूपान्तरम्ॱप३२ॱन६४ प्लव१म् क्षणिक०न ।	0xd032f0d3	fcvt.s.lu f1,t0
प्लवरूपान्तरम्ॱप३२ॱन६४ प्लव१५म् शून्यःन ।	0xd03077d3	fcvt.s.lu f15,zero
प्लवरूपान्तरम्ॱप३२ॱन६४ प्लव३१म् पुनःस्थानम्न ।	0xd030ffd3	fcvt.s.lu f31,ra
प्लवरूपान्तरम्ॱप३२ॱअ३२ प्लव०म् स्तूपसूचकःन ।	0xd0017053	fcvt.s.w f0,sp
प्लवरूपान्तरम्ॱप३२ॱअ३२ प्लव१म् क्षणिक०न ।	0xd002f0d3	fcvt.s.w f1,t0
प्लवरूपान्तरम्ॱप३२ॱअ३२ प्लव१५म् शून्यःन ।	0xd00077d3	fcvt.s.w f15,zero
प्लवरूपान्तरम्ॱप३२ॱअ३२ प्लव३१म् पुनःस्थानम्न ।	0xd000ffd3	fcvt.s.w f31,ra
प्लवरूपान्तरम्ॱप३२ॱन३२ प्लव०म् स्तूपसूचकःन ।	0xd0117053	fcvt.s.wu f0,sp
प्लवरूपान्तरम्ॱप३२ॱन३२ प्लव१म् क्षणिक०न ।	0xd012f0d3	fcvt.s.wu f1,t0
प्लवरूपान्तरम्ॱप३२ॱन३२ प्लव१५म् शून्यःन ।	0xd01077d3	fcvt.s.wu f15,zero
प्लवरूपान्तरम्ॱप३२ॱन३२ प्लव३१म् पुनःस्थानम्न ।	0xd010ffd3	fcvt.s.wu f31,ra
प्लवरूपान्तरम्ॱअ३२ॱप६४ शून्यःम् प्लव१५न ।	0xc207f053	fcvt.w.d zero,f15
प्लवरूपान्तरम्ॱअ३२ॱप६४ पुनःस्थानम्म् प्लव३१न ।	0xc20ff0d3	fcvt.w.d ra,f31
प्लवरूपान्तरम्ॱअ३२ॱप६४ स्तूपसूचकःम् प्लव०न ।	0xc2007153	fcvt.w.d sp,f0
प्लवरूपान्तरम्ॱअ३२ॱप६४ क्षणिक०म् प्लव१न ।	0xc200f2d3	fcvt.w.d t0,f1
प्लवरूपान्तरम्ॱअ३२ॱप३२ शून्यःम् प्लव१५न ।	0xc007f053	fcvt.w.s zero,f15
प्लवरूपान्तरम्ॱअ३२ॱप३२ पुनःस्थानम्म् प्लव३१न ।	0xc00ff0d3	fcvt.w.s ra,f31
प्लवरूपान्तरम्ॱअ३२ॱप३२ स्तूपसूचकःम् प्लव०न ।	0xc0007153	fcvt.w.s sp,f0
प्लवरूपान्तरम्ॱअ३२ॱप३२ क्षणिक०म् प्लव१न ।	0xc000f2d3	fcvt.w.s t0,f1
प्लवरूपान्तरम्ॱन३२ॱप६४ शून्यःम् प्लव१५न ।	0xc217f053	fcvt.wu.d zero,f15
प्लवरूपान्तरम्ॱन३२ॱप६४ पुनःस्थानम्म् प्लव३१न ।	0xc21ff0d3	fcvt.wu.d ra,f31
प्लवरूपान्तरम्ॱन३२ॱप६४ स्तूपसूचकःम् प्लव०न ।	0xc2107153	fcvt.wu.d sp,f0
प्लवरूपान्तरम्ॱन३२ॱप६४ क्षणिक०म् प्लव१न ।	0xc210f2d3	fcvt.wu.d t0,f1
प्लवरूपान्तरम्ॱन३२ॱप३२ शून्यःम् प्लव१५न ।	0xc017f053	fcvt.wu.s zero,f15
प्लवरूपान्तरम्ॱन३२ॱप३२ पुनःस्थानम्म् प्लव३१न ।	0xc01ff0d3	fcvt.wu.s ra,f31
प्लवरूपान्तरम्ॱन३२ॱप३२ स्तूपसूचकःम् प्लव०न ।	0xc0107153	fcvt.wu.s sp,f0
प्लवरूपान्तरम्ॱन३२ॱप३२ क्षणिक०म् प्लव१न ।	0xc010f2d3	fcvt.wu.s t0,f1
नियन्त्रकविनिमयः शून्यःम् ०त् शून्यःन ।	0x00001073	csrrw zero,0,zero
नियन्त्रकविनिमयः पुनःस्थानम्म् १त् पुनःस्थानम्न ।	0x001090f3	csrrw ra,1,ra
नियन्त्रकविनिमयः स्तूपसूचकःम् ७६८त् स्तूपसूचकःन ।	0x30011173	csrrw sp,768,sp
नियन्त्रकविनिमयः क्षणिक०म् ३०७२त् क्षणिक०न ।	0xc00292f3	csrrw t0,3072,t0
नियन्त्रकविनिमयः क्षणिक२म् ४०९५त् क्षणिक२न ।	0xfff393f3	csrrw t2,4095,t2
नियन्त्रकविनिमयः स्थिर०म् ०त् स्थिर०न ।	0x00041473	csrrw s0,0,s0
नियन्त्रकविनिमयः स्थिर१म् १त् स्थिर१न ।	0x001494f3	csrrw s1,1,s1
नियन्त्रकविनिमयः अर्थ०म् ७६८त् अर्थ०न ।	0x30051573	csrrw a0,768,a0
नियन्त्रकविनिमयः अर्थ७म् ३०७२त् अर्थ७न ।	0xc00898f3	csrrw a7,3072,a7
नियन्त्रकविनिमयः स्थिर११म् ४०९५त् स्थिर११न ।	0xfffd9df3	csrrw s11,4095,s11
नियन्त्रकविनिमयः क्षणिक३म् ०त् क्षणिक३न ।	0x000e1e73	csrrw t3,0,t3
नियन्त्रकविनिमयः क्षणिक६म् १त् क्षणिक६न ।	0x001f9ff3	csrrw t6,1,t6
नियन्त्रकविकल्पः शून्यःम् ०त् शून्यःन ।	0x00002073	csrrs zero,0,zero
नियन्त्रकविकल्पः पुनःस्थानम्म् १त् पुनःस्थानम्न ।	0x0010a0f3	csrrs ra,1,ra
नियन्त्रकविकल्पः स्तूपसूचकःम् ७६८त् स्तूपसूचकःन ।	0x30012173	csrrs sp,768,sp
नियन्त्रकविकल्पः क्षणिक०म् ३०७२त् क्षणिक०न ।	0xc002a2f3	csrrs t0,3072,t0
नियन्त्रकविकल्पः क्षणिक२म् ४०९५त् क्षणिक२न ।	0xfff3a3f3	csrrs t2,4095,t2
नियन्त्रकविकल्पः स्थिर०म् ०त् स्थिर०न ।	0x00042473	csrrs s0,0,s0
नियन्त्रकविकल्पः स्थिर१म् १त् स्थिर१न ।	0x0014a4f3	csrrs s1,1,s1
नियन्त्रकविकल्पः अर्थ०म् ७६८त् अर्थ०न ।	0x30052573	csrrs a0,768,a0
नियन्त्रकविकल्पः अर्थ७म् ३०७२त् अर्थ७न ।	0xc008a8f3	csrrs a7,3072,a7
नियन्त्रकविकल्पः स्थिर११म् ४०९५त् स्थिर११न ।	0xfffdadf3	csrrs s11,4095,s11
नियन्त्रकविकल्पः क्षणिक३म् ०त् क्षणिक३न ।	0x000e2e73	csrrs t3,0,t3
नियन्त्रकविकल्पः क्षणिक६म् १त् क्षणिक६न ।	0x001faff3	csrrs t6,1,t6
नियन्त्रकापसारणम् शून्यःम् ०त् शून्यःन ।	0x00003073	csrrc zero,0,zero
नियन्त्रकापसारणम् पुनःस्थानम्म् १त् पुनःस्थानम्न ।	0x0010b0f3	csrrc ra,1,ra
नियन्त्रकापसारणम् स्तूपसूचकःम् ७६८त् स्तूपसूचकःन ।	0x30013173	csrrc sp,768,sp
नियन्त्रकापसारणम् क्षणिक०म् ३०७२त् क्षणिक०न ।	0xc002b2f3	csrrc t0,3072,t0
नियन्त्रकापसारणम् क्षणिक२म् ४०९५त् क्षणिक२न ।	0xfff3b3f3	csrrc t2,4095,t2
नियन्त्रकापसारणम् स्थिर०म् ०त् स्थिर०न ।	0x00043473	csrrc s0,0,s0
नियन्त्रकापसारणम् स्थिर१म् १त् स्थिर१न ।	0x0014b4f3	csrrc s1,1,s1
नियन्त्रकापसारणम् अर्थ०म् ७६८त् अर्थ०न ।	0x30053573	csrrc a0,768,a0
नियन्त्रकापसारणम् अर्थ७म् ३०७२त् अर्थ७न ।	0xc008b8f3	csrrc a7,3072,a7
नियन्त्रकापसारणम् स्थिर११म् ४०९५त् स्थिर११न ।	0xfffdbdf3	csrrc s11,4095,s11
नियन्त्रकापसारणम् क्षणिक३म् ०त् क्षणिक३न ।	0x000e3e73	csrrc t3,0,t3
नियन्त्रकापसारणम् क्षणिक६म् १त् क्षणिक६न ।	0x001fbff3	csrrc t6,1,t6
नियन्त्रकविनिमयः शून्यःम् ०त् ०न ।	0x00005073	csrrwi zero,0,0
नियन्त्रकविनिमयः पुनःस्थानम्म् १त् १न ।	0x0010d0f3	csrrwi ra,1,1
नियन्त्रकविनिमयः स्तूपसूचकःम् ७६८त् १५न ।	0x3007d173	csrrwi sp,768,15
नियन्त्रकविनिमयः क्षणिक०म् ३०७२त् ३१न ।	0xc00fd2f3	csrrwi t0,3072,31
नियन्त्रकविनिमयः क्षणिक२म् ४०९५त् ७न ।	0xfff3d3f3	csrrwi t2,4095,7
नियन्त्रकविकल्पः शून्यःम् ०त् ०न ।	0x00006073	csrrsi zero,0,0
नियन्त्रकविकल्पः पुनःस्थानम्म् १त् १न ।	0x0010e0f3	csrrsi ra,1,1
नियन्त्रकविकल्पः स्तूपसूचकःम् ७६८त् १५न ।	0x3007e173	csrrsi sp,768,15
नियन्त्रकविकल्पः क्षणिक०म् ३०७२त् ३१न ।	0xc00fe2f3	csrrsi t0,3072,31
नियन्त्रकविकल्पः क्षणिक२म् ४०९५त् ७न ।	0xfff3e3f3	csrrsi t2,4095,7
नियन्त्रकापसारणम् शून्यःम् ०त् ०न ।	0x00007073	csrrci zero,0,0
नियन्त्रकापसारणम् पुनःस्थानम्म् १त् १न ।	0x0010f0f3	csrrci ra,1,1
नियन्त्रकापसारणम् स्तूपसूचकःम् ७६८त् १५न ।	0x3007f173	csrrci sp,768,15
नियन्त्रकापसारणम् क्षणिक०म् ३०७२त् ३१न ।	0xc00ff2f3	csrrci t0,3072,31
नियन्त्रकापसारणम् क्षणिक२म् ४०९५त् ७न ।	0xfff3f3f3	csrrci t2,4095,7
प्लवसंचारःॱप३२ प्लव०म् शून्यःन ।	0xf0000053	fmv.w.x f0,zero
प्लवसंचारःॱप३२ शून्यःम् प्लव०न ।	0xe0000053	fmv.x.w zero,f0
प्लवसंचारःॱप३२ प्लव१म् पुनःस्थानम्न ।	0xf00080d3	fmv.w.x f1,ra
प्लवसंचारःॱप३२ पुनःस्थानम्म् प्लव१न ।	0xe00080d3	fmv.x.w ra,f1
प्लवसंचारःॱप३२ प्लव१५म् स्तूपसूचकःन ।	0xf00107d3	fmv.w.x f15,sp
प्लवसंचारःॱप३२ स्तूपसूचकःम् प्लव१५न ।	0xe0078153	fmv.x.w sp,f15
प्लवसंचारःॱप३२ प्लव३१म् क्षणिक०न ।	0xf0028fd3	fmv.w.x f31,t0
प्लवसंचारःॱप३२ क्षणिक०म् प्लव३१न ।	0xe00f82d3	fmv.x.w t0,f31
प्लवसंचारःॱप३२ प्लव०म् क्षणिक२न ।	0xf0038053	fmv.w.x f0,t2
प्लवसंचारःॱप३२ क्षणिक२म् प्लव०न ।	0xe00003d3	fmv.x.w t2,f0
प्लवसंचारःॱप३२ प्लव१म् स्थिर०न ।	0xf00400d3	fmv.w.x f1,s0
प्लवसंचारःॱप३२ स्थिर०म् प्लव१न ।	0xe0008453	fmv.x.w s0,f1
प्लवसंचारःॱप३२ प्लव१५म् स्थिर१न ।	0xf00487d3	fmv.w.x f15,s1
प्लवसंचारःॱप३२ स्थिर१म् प्लव१५न ।	0xe00784d3	fmv.x.w s1,f15
प्लवसंचारःॱप३२ प्लव३१म् अर्थ०न ।	0xf0050fd3	fmv.w.x f31,a0
प्लवसंचारःॱप३२ अर्थ०म् प्लव३१न ।	0xe00f8553	fmv.x.w a0,f31
प्लवसंचारःॱप३२ प्लव०म् अर्थ७न ।	0xf0088053	fmv.w.x f0,a7
प्लवसंचारःॱप३२ अर्थ७म् प्लव०न ।	0xe00008d3	fmv.x.w a7,f0
प्लवसंचारःॱप३२ प्लव१म् स्थिर११न ।	0xf00d80d3	fmv.w.x f1,s11
प्लवसंचारःॱप३२ स्थिर११म् प्लव१न ।	0xe0008dd3	fmv.x.w s11,f1
प्लवसंचारःॱप३२ प्लव१५म् क्षणिक३न ।	0xf00e07d3	fmv.w.x f15,t3
प्लवसंचारःॱप३२ क्षणिक३म् प्लव१५न ।	0xe0078e53	fmv.x.w t3,f15
प्लवसंचारःॱप३२ प्लव३१म् क्षणिक६न ।	0xf00f8fd3	fmv.w.x f31,t6
प्लवसंचारःॱप३२ क्षणिक६म् प्लव३१न ।	0xe00f8fd3	fmv.x.w t6,f31
प्लवसंचारःॱप६४ प्लव०म् शून्यःन ।	0xf2000053	fmv.d.x f0,zero
प्लवसंचारःॱप६४ शून्यःम् प्लव०न ।	0xe2000053	fmv.x.d zero,f0
प्लवसंचारःॱप६४ प्लव१म् पुनःस्थानम्न ।	0xf20080d3	fmv.d.x f1,ra
प्लवसंचारःॱप६४ पुनःस्थानम्म् प्लव१न ।	0xe20080d3	fmv.x.d ra,f1
प्लवसंचारःॱप६४ प्लव१५म् स्तूपसूचकःन ।	0xf20107d3	fmv.d.x f15,sp
प्लवसंचारःॱप६४ स्तूपसूचकःम् प्लव१५न ।	0xe2078153	fmv.x.d sp,f15
प्लवसंचारःॱप६४ प्लव३१म् क्षणिक०न ।	0xf2028fd3	fmv.d.x f31,t0
प्लवसंचारःॱप६४ क्षणिक०म् प्लव३१न ।	0xe20f82d3	fmv.x.d t0,f31
प्लवसंचारःॱप६४ प्लव०म् क्षणिक२न ।	0xf2038053	fmv.d.x f0,t2
प्लवसंचारःॱप६४ क्षणिक२म् प्लव०न ।	0xe20003d3	fmv.x.d t2,f0
प्लवसंचारःॱप६४ प्लव१म् स्थिर०न ।	0xf20400d3	fmv.d.x f1,s0
प्लवसंचारःॱप६४ स्थिर०म् प्लव१न ।	0xe2008453	fmv.x.d s0,f1
प्लवसंचारःॱप६४ प्लव१५म् स्थिर१न ।	0xf20487d3	fmv.d.x f15,s1
प्लवसंचारःॱप६४ स्थिर१म् प्लव१५न ।	0xe20784d3	fmv.x.d s1,f15
प्लवसंचारःॱप६४ प्लव३१म् अर्थ०न ।	0xf2050fd3	fmv.d.x f31,a0
प्लवसंचारःॱप६४ अर्थ०म् प्लव३१न ।	0xe20f8553	fmv.x.d a0,f31
प्लवसंचारःॱप६४ प्लव०म् अर्थ७न ।	0xf2088053	fmv.d.x f0,a7
प्लवसंचारःॱप६४ अर्थ७म् प्लव०न ।	0xe20008d3	fmv.x.d a7,f0
प्लवसंचारःॱप६४ प्लव१म् स्थिर११न ।	0xf20d80d3	fmv.d.x f1,s11
प्लवसंचारःॱप६४ स्थिर११म् प्लव१न ।	0xe2008dd3	fmv.x.d s11,f1
प्लवसंचारःॱप६४ प्लव१५म् क्षणिक३न ।	0xf20e07d3	fmv.d.x f15,t3
प्लवसंचारःॱप६४ क्षणिक३म् प्लव१५न ।	0xe2078e53	fmv.x.d t3,f15
प्लवसंचारःॱप६४ प्लव३१म् क्षणिक६न ।	0xf20f8fd3	fmv.d.x f31,t6
प्लवसंचारःॱप६४ क्षणिक६म् प्लव३१न ।	0xe20f8fd3	fmv.x.d t6,f31
प्लववर्गःॱप३२ शून्यःम् प्लव०न ।	0xe0001053	fclass.s zero,f0
प्लववर्गःॱप३२ पुनःस्थानम्म् प्लव१न ।	0xe00090d3	fclass.s ra,f1
प्लववर्गःॱप३२ स्तूपसूचकःम् प्लव१५न ।	0xe0079153	fclass.s sp,f15
प्लववर्गःॱप३२ क्षणिक०म् प्लव३१न ।	0xe00f92d3	fclass.s t0,f31
प्लववर्गःॱप३२ क्षणिक२म् प्लव०न ।	0xe00013d3	fclass.s t2,f0
प्लववर्गःॱप३२ स्थिर०म् प्लव१न ।	0xe0009453	fclass.s s0,f1
प्लववर्गःॱप३२ स्थिर१म् प्लव१५न ।	0xe00794d3	fclass.s s1,f15
प्लववर्गःॱप३२ अर्थ०म् प्लव३१न ।	0xe00f9553	fclass.s a0,f31
प्लववर्गःॱप३२ अर्थ७म् प्लव०न ।	0xe00018d3	fclass.s a7,f0
प्लववर्गःॱप३२ स्थिर११म् प्लव१न ।	0xe0009dd3	fclass.s s11,f1
प्लववर्गःॱप३२ क्षणिक३म् प्लव१५न ।	0xe0079e53	fclass.s t3,f15
प्लववर्गःॱप३२ क्षणिक६म् प्लव३१न ।	0xe00f9fd3	fclass.s t6,f31
प्लववर्गःॱप६४ शून्यःम् प्लव०न ।	0xe2001053	fclass.d zero,f0
प्लववर्गःॱप६४ पुनःस्थानम्म् प्लव१न ।	0xe20090d3	fclass.d ra,f1
प्लववर्गःॱप६४ स्तूपसूचकःम् प्लव१५न ।	0xe2079153	fclass.d sp,f15
प्लववर्गःॱप६४ क्षणिक०म् प्लव३१न ।	0xe20f92d3	fclass.d t0,f31
प्लववर्गःॱप६४ क्षणिक२म् प्लव०न ।	0xe20013d3	fclass.d t2,f0
प्लववर्गःॱप६४ स्थिर०म् प्लव१न ।	0xe2009453	fclass.d s0,f1
प्लववर्गःॱप६४ स्थिर१म् प्लव१५न ।	0xe20794d3	fclass.d s1,f15
प्लववर्गःॱप६४ अर्थ०म् प्लव३१न ।	0xe20f9553	fclass.d a0,f31
प्लववर्गःॱप६४ अर्थ७म् प्लव०न ।	0xe20018d3	fclass.d a7,f0
प्लववर्गःॱप६४ स्थिर११म् प्लव१न ।	0xe2009dd3	fclass.d s11,f1
प्लववर्गःॱप६४ क्षणिक३म् प्लव१५न ।	0xe2079e53	fclass.d t3,f15
प्लववर्गःॱप६४ क्षणिक६म् प्लव३१न ।	0xe20f9fd3	fclass.d t6,f31
अन्वेषणविरामः ।	0x9002	ebreak
आज्ञापनम् ।	0x00000073	ecall
आदेशबन्धः ।	0x0000100f	fence.i
विघ्नप्रत्यागमः ।	0x10200073	sret
स्मृतिक्षेत्रबन्धः शून्यःत् शून्यःन ।	0x12000073	sfence.vma zero,zero
स्मृतिक्षेत्रबन्धः शून्यःत् क्षणिक०न ।	0x12500073	sfence.vma zero,t0
स्मृतिक्षेत्रबन्धः शून्यःत् स्थिर१न ।	0x12900073	sfence.vma zero,s1
स्मृतिक्षेत्रबन्धः शून्यःत् स्थिर११न ।	0x13b00073	sfence.vma zero,s11
स्मृतिक्षेत्रबन्धः पुनःस्थानम्त् शून्यःन ।	0x12008073	sfence.vma ra,zero
स्मृतिक्षेत्रबन्धः पुनःस्थानम्त् क्षणिक०न ।	0x12508073	sfence.vma ra,t0
स्मृतिक्षेत्रबन्धः पुनःस्थानम्त् स्थिर१न ।	0x12908073	sfence.vma ra,s1
स्मृतिक्षेत्रबन्धः पुनःस्थानम्त् स्थिर११न ।	0x13b08073	sfence.vma ra,s11
स्मृतिक्षेत्रबन्धः स्तूपसूचकःत् शून्यःन ।	0x12010073	sfence.vma sp,zero
स्मृतिक्षेत्रबन्धः स्तूपसूचकःत् क्षणिक०न ।	0x12510073	sfence.vma sp,t0
स्मृतिक्षेत्रबन्धः स्तूपसूचकःत् स्थिर१न ।	0x12910073	sfence.vma sp,s1
स्मृतिक्षेत्रबन्धः स्तूपसूचकःत् स्थिर११न ।	0x13b10073	sfence.vma sp,s11
स्मृतिक्षेत्रबन्धः क्षणिक०त् शून्यःन ।	0x12028073	sfence.vma t0,zero
स्मृतिक्षेत्रबन्धः क्षणिक०त् क्षणिक०न ।	0x12528073	sfence.vma t0,t0
स्मृतिक्षेत्रबन्धः क्षणिक०त् स्थिर१न ।	0x12928073	sfence.vma t0,s1
स्मृतिक्षेत्रबन्धः क्षणिक०त् स्थिर११न ।	0x13b28073	sfence.vma t0,s11
स्मृतिक्षेत्रबन्धः क्षणिक२त् शून्यःन ।	0x12038073	sfence.vma t2,zero
स्मृतिक्षेत्रबन्धः क्षणिक२त् क्षणिक०न ।	0x12538073	sfence.vma t2,t0
स्मृतिक्षेत्रबन्धः क्षणिक२त् स्थिर१न ।	0x12938073	sfence.vma t2,s1
स्मृतिक्षेत्रबन्धः क्षणिक२त् स्थिर११न ।	0x13b38073	sfence.vma t2,s11
स्मृतिक्षेत्रबन्धः स्थिर०त् शून्यःन ।	0x12040073	sfence.vma s0,zero
स्मृतिक्षेत्रबन्धः स्थिर०त् क्षणिक०न ।	0x12540073	sfence.vma s0,t0
स्मृतिक्षेत्रबन्धः स्थिर०त् स्थिर१न ।	0x12940073	sfence.vma s0,s1
स्मृतिक्षेत्रबन्धः स्थिर०त् स्थिर११न ।	0x13b40073	sfence.vma s0,s11
स्मृतिक्षेत्रबन्धः स्थिर१त् शून्यःन ।	0x12048073	sfence.vma s1,zero
स्मृतिक्षेत्रबन्धः स्थिर१त् क्षणिक०न ।	0x12548073	sfence.vma s1,t0
स्मृतिक्षेत्रबन्धः स्थिर१त् स्थिर१न ।	0x12948073	sfence.vma s1,s1
स्मृतिक्षेत्रबन्धः स्थिर१त् स्थिर११न ।	0x13b48073	sfence.vma s1,s11
स्मृतिक्षेत्रबन्धः अर्थ०त् शून्यःन ।	0x12050073	sfence.vma a0,zero
स्मृतिक्षेत्रबन्धः अर्थ०त् क्षणिक०न ।	0x12550073	sfence.vma a0,t0
स्मृतिक्षेत्रबन्धः अर्थ०त् स्थिर१न ।	0x12950073	sfence.vma a0,s1
स्मृतिक्षेत्रबन्धः अर्थ०त् स्थिर११न ।	0x13b50073	sfence.vma a0,s11
स्मृतिक्षेत्रबन्धः अर्थ७त् शून्यःन ।	0x12088073	sfence.vma a7,zero
स्मृतिक्षेत्रबन्धः अर्थ७त् क्षणिक०न ।	0x12588073	sfence.vma a7,t0
स्मृतिक्षेत्रबन्धः अर्थ७त् स्थिर१न ।	0x12988073	sfence.vma a7,s1
स्मृतिक्षेत्रबन्धः अर्थ७त् स्थिर११न ।	0x13b88073	sfence.vma a7,s11
स्मृतिक्षेत्रबन्धः स्थिर११त् शून्यःन ।	0x120d8073	sfence.vma s11,zero
स्मृतिक्षेत्रबन्धः स्थिर११त् क्षणिक०न ।	0x125d8073	sfence.vma s11,t0
स्मृतिक्षेत्रबन्धः स्थिर११त् स्थिर१न ।	0x129d8073	sfence.vma s11,s1
स्मृतिक्षेत्रबन्धः स्थिर११त् स्थिर११न ।	0x13bd8073	sfence.vma s11,s11
स्मृतिक्षेत्रबन्धः क्षणिक३त् शून्यःन ।	0x120e0073	sfence.vma t3,zero
स्मृतिक्षेत्रबन्धः क्षणिक३त् क्षणिक०न ।	0x125e0073	sfence.vma t3,t0
स्मृतिक्षेत्रबन्धः क्षणिक३त् स्थिर१न ।	0x129e0073	sfence.vma t3,s1
स्मृतिक्षेत्रबन्धः क्षणिक३त् स्थिर११न ।	0x13be0073	sfence.vma t3,s11
स्मृतिक्षेत्रबन्धः क्षणिक६त् शून्यःन ।	0x120f8073	sfence.vma t6,zero
स्मृतिक्षेत्रबन्धः क्षणिक६त् क्षणिक०न ।	0x125f8073	sfence.vma t6,t0
स्मृतिक्षेत्रबन्धः क्षणिक६त् स्थिर१न ।	0x129f8073	sfence.vma t6,s1
स्मृतिक्षेत्रबन्धः क्षणिक६त् स्थिर११न ।	0x13bf8073	sfence.vma t6,s11
